ISIN,1999,2000,2001,2002,2003,2004,2005,2006,2007,2008,2009,2010,2011,2012,2013,2014,2015,2016,2017,2018,2019,2020,2021,2022,2023,2024,2025
AN8068571086,,,,,,,,,,,62.76920811397857,85.45502598889966,76.62611578678909,69.549822964087,52.67028873757385,61.498250313215536,40.69575957184026,51.867512332628614,69.0039554117224,67.80551905387648,70.63842754837727,59.27028587052283,73.89517393330792,82.16668847311266,47.13253355167135,41.13475177304964,37.55959106065199
CA00208D4084,,,,,,,,,852.218819572957,725.5459579009233,712.8042217609596,1137.4615414076166,871.394653066874,817.5635580561437,874.8209133086517,910.2944169484199,750.4035957406999,1265.968579631601,1350.354195203879,988.2689177632486,591.8026211464017,667.5295981909785,2102.970547710629,464.5283503324922,288.4147315395012,445.7563415966871,534.6155882739777
CA0084741085,,,,,,,,,,,328.2293933945302,447.1414313140778,228.0171699615561,200.4771175214328,186.40050863007332,251.08520612070598,244.08449818346278,220.2867837832485,190.94332185338735,175.4984913851951,268.3420109375999,419.0405360828553,360.41305630154505,366.96946038014283,237.62125827791027,198.46596818666904,168.87699749511071
CA00900Q1037,,,,,,,,,111.03327495621717,0.4453785999095193,0.9806283486422199,11.355654586235392,6.888793946252204,5.3567765982276105,4.781286354366877,6.2322908754664645,2.5697018890877916,2.3432949586890754,2.3301387115941745,3.1259501661002864,32.126908965473994,40.56361728663909,1546.4075471698116,1082.9756871035943,342.8411277503556,17.7546228099059,11.92535124375793
CA01626P1484,,,,,,,,,,,,,,,,,,25.536248666432225,21.273259930927825,17.316739760774936,16.098000297400276,14.649649313257441,18.40771632301342,14.713933909183293,10.789063337514383,12.374017370057588,11.966979589005554
CA05534B7604,,,,,,21.52297038630078,22.287120922678085,18.653279143649403,22.774090915106093,18.468757691196977,15.250597045721038,13.97010286804042,11.759300872050575,14.636718570105462,13.438693647724934,21.80672445345698,21.250090104856632,19.810935450633053,21.33858113950252,18.348381675136014,19.27451913482646,16.80096728548178,15.460577132003,13.866723650114416,14.106975762663227,13.488919885909207,14.771052801268626
CA0636711016,,,,,,,,11.110968825724525,3.253895548513555,2.5046090001440384,3.783507980622358,4.6850883562602945,5.355105505641343,5.497625784797769,5.280755359108991,5.865653655099586,5.419637106170376,9.533048598874439,7.4289369373269105,6.59827308348511,5.471779770842768,3.445228532786201,3.984461684667831,3.5146904259755285,2.928888471518037,1.9102347445587258,1.8618015089688478
CA0641491075,,,,,,,,,,2.079031441432779,2.6090252990520164,3.6817374533505336,4.554485364193632,5.913546265566982,4.5098042026639185,5.372273249678747,5.869719202184838,6.065974743869382,5.042022817106541,4.479371093057875,3.6932163926083024,3.246513225510616,3.2474984704284067,3.278888233857005,2.3029437726855417,1.692759277865561,1.716456187558722
CA0977518616,,,,,,,,,,,,16.059629502688715,15.709332015513592,15.737341738554088,18.86397636902873,18.895268858855186,17.725518528648177,17.148709648198878,16.40772581873058,16.538419560658042,6.370512351249934,5.712846142492888,13.809763783621236,15.35606352385888,12.930198478546647,9.760796004696592,9.642776188346575
CA1247651088,,,,,,,,,,,,,0.3090115493066553,0.2746218065407068,0.34659443809734464,0.39478483435903594,0.4786960159618974,0.483974798450351,37.87737476574905,40.10329366502908,36.70480377500226,33.26919370300953,29.90876363908867,30.307071087926296,27.011031263029672,24.148315819037794,26.760362567588217
CA12532H1047,,,,,,,,,,,,,,25.5090814698132,15.297560043472549,9.132068640114216,10.199533828998714,11.364551583853432,10.266562571067062,9.501110493042669,8.08824190647482,5.990269602895574,4.818678305379096,4.924671072504372,4.684946453731501,4.221837418201085,4.168907038983361
CA13321L1085,,,,,,,,,,,198.65178417297935,222.53377167012638,228.6553291242137,214.75083818237124,222.57053426429468,248.50247019897563,275.461372111814,246.28091658893567,221.52885948488654,192.7073848213183,173.91799943883277,175.8769103705576,195.2600635260976,251.90133934445828,225.73535590328464,164.72484776146715,147.26530984046013
CA1360691010,,,,,,3.908519436713236,3.597053680250119,2.845373623313127,4.102495394182098,5.102296981349314,10.331568084470202,6.611014032888122,4.469941116730484,4.391073620329843,3.9146980669840388,4.263300531295043,4.95138483221601,4.895687543308413,3.5520554578722687,3.678557202336842,3.0963221243634726,2.6253810250885277,2.768922953723759,2.668526726047218,1.645763837683051,1.0113760270827057,0.988606130203047
CA1363751027,,,,,,,,,,,650.8438541655728,687.6828797632201,594.0263066598178,577.8524661015535,531.3424244688484,598.7283775687384,576.9723720042147,586.0639980684948,613.0609195553867,566.7838492340281,542.9872908333297,478.1142628546978,488.70925973572685,450.24671729996845,393.6618383272207,393.69408115626896,421.0476008493114
CA1363851017,,,,,,,2256.5216195113994,1691.0130775617777,1513.211233895192,1262.7183259309177,1455.9040048851125,1903.4802900633697,1272.4574805188697,1449.4738152533575,1257.84837127466,1447.3207757831055,1438.0522779715682,2341.038692805875,2932.662991523961,1867.8352518705142,1570.6202186731978,1567.5912826150184,2005.7455182709195,1111.4954324727414,828.2249173167472,984.9921313282199,1076.4124928350273
CA13646K1084,,,,,,,,,,,750.9114153130105,839.9171650878674,724.6907798963667,688.0852206684174,611.0706930495613,591.3316298080164,598.1896112756269,597.4355550459302,611.8928930655061,586.4629158626118,570.31051213884,515.9516030246917,497.7706829876426,483.9681287214535,709.259320186526,504.13780844178285,471.39473031924945
CA1366812024,,,,,,,,,,,,7.523634620435269,10.773950805119563,8.718960966712888,8.286253210127608,9.070026819548222,9.567476880971025,10.387602388471374,9.776545340215385,8.850452884649439,8.467604229515757,18.901617973242004,17.70767695058008,7.426400168183694,7.288528812535481,7.8816222146931985,8.694342903929062
CA1367178326,,,,,,,,,,,,,,,,,,,,3332.3610100838537,2516.7694843869904,374.3109892543535,388.5475702878189,368.83549395625874,285.891172074939,311.1510071121749,341.94478565358577
CA2849025093,,,,,,,,,,,,,273.15029567528904,369.09289130422775,349.38032610562044,380.9436467259752,196.25250430639625,209.57044347441007,401.1131286378054,349.2486818014036,365.04035578982047,317.45766479375527,201.9448190263773,226.60955565741142,243.28862790896335,223.4946047703626,181.31194626153032
CA2918434077,,,,,,,,,,,,,,,,,,,,,39.68836434689237,38.402652846023905,33.06078716651129,27.063209669596663,27.332077485372857,24.165494229498726,25.903604816647466
CA29250N1050,,,,487.04920453867015,431.62804620157294,384.129764214868,744.2191709341553,398.3749980717243,148.5242488172292,511.0204576371822,483.70521971135196,391.01675155562674,303.51323165380404,312.3284321148702,228.10186408127424,202.949919387513,232.84847590255706,319.3404616064291,626.7979501561235,469.86159521417983,379.9427834584024,338.34220325347513,443.1857956114111,390.5062107508463,364.0825722747338,435.5766293031464,378.9384141026218
CA2927661025,,,,,,,,,,,621.5712953339568,669.5547161899117,679.7266070208707,758.0772050756477,770.6804413309152,901.9797740063126,739.225318192915,1110.5861015654832,1521.2616199946715,1249.7093007606632,1080.504777510587,766.7671921262456,1847.3442278270827,657.2063032064357,417.30750886686263,577.5288598513533,645.2608389001671
CA3180714048,,,,,,,,,,,6.011168819799962,3.0553462069311204,15.563953811437795,12.879593184792595,11.48003130451363,12.451013258426341,13.847155439605608,17.29830726532542,25.130114480399726,20.7187234911947,18.830032553710815,16.89321838046774,19.51435692312153,17.014624834583415,13.644493969732327,11.954794901468466,12.166298144662292
CA3359341052,,,,,,,,285.5353174662357,181.62350021003516,178.28339185341818,218.79833440436633,208.65800269153564,285.00293910534833,415.18189715746763,425.2912257006808,424.2473804772761,433.0542966684973,563.9591633647593,596.3762865464656,538.2330462371672,939.4750327392815,1048.2647927218432,801.1030785799743,614.4119395526458,546.1901298278685,375.4520804744206,537.0334176727107
CA3495531079,,,,,,,,,,,,,,,,4087.2004479283314,2531.9417597461343,2364.962166252636,2016.8045482367324,1690.0437139464432,1948.7811413071652,1599.4328967600875,1421.6996749908378,1198.596110571062,1001.3657506171655,958.9737929165593,1039.7012650796257
CA3518581051,,,,,,,,,,,,,,,,,,,0.08810345217079807,0.07923671934467406,0.09568669090729504,0.05819048953639993,0.03803541895779195,0.04485572576330662,0.04955774174910133,0.047807916958303144,0.05567748246254641
CA3759161035,,,,,,,,,478.31753286989766,378.7106348015194,382.2152672591565,287.9991788248797,250.74606569417264,219.95177045359023,153.3942767141656,144.91419404713642,205.04350278543717,200.54000116316396,173.48263836750706,153.88345107690938,142.8424371590116,102.53261883564709,180.74869267144183,166.71218046196734,125.88534576320099,134.3856621987497,139.70985173814006
CA39138C1068,,,,,,,,,,,,,,,,,2.243533897556003,2.1098915425663716,1.5371320930736725,1.3162344720469317,1.4664436658204458,1.5339369829339906,0.5073928274671614,0.4638587315899293,0.4165623865990619,1.1757424882416503,1.02342366305907
CA4495861060,,,,,,,,,,,,,,0.6227481318496183,0.9290963879683214,0.7510333094342385,0.21654790622186154,0.3193159114829282,0.34864526096849935,0.43729879045360215,0.41574446212296695,0.2700514460452708,0.19343420028083755,0.22028830541364697,0.23098306778621594,0.2744228991977141,0.27128524934453313
CA4530384086,,,,1085.0821240232176,1052.3882467121862,819.8231270142161,664.1257216556123,485.57282882590755,555.5737257687123,441.78824898182734,407.8480739790474,552.6625414142156,443.645108630466,350.297912005099,344.5328048309483,381.7125889994148,451.6491360212595,688.8874772246437,690.793611748436,565.8364059739222,502.0642897819164,516.8724326068565,1368.1084702727762,823.1971964487394,544.9555897017275,645.8005861714885,690.6678962863122
CA45823T1066,,,,,,,,,,,4.08881695469441,3.198794957588927,2.784453576576061,3.107169435736649,2.2453960256700918,2.311378504714535,2.3587456368423485,2.7263922770765703,2.0807906882323737,1.6342787407961366,1.3904939223399286,1.5296343872282074,2.6577961491245667,1.8838946225853286,1.70593052541004,1.4292951204023325,1.5004484847307724
CA4969024047,,,,,,,,,,,621.8471306865005,370.4595406923011,386.753992759458,319.2223702004378,310.17391314434457,386.177133850185,441.4627342772274,562.4929096961001,430.4915033228385,475.3556622072261,505.9324977743916,467.4760243827706,380.1460074440875,393.29584522650987,410.8767539257429,312.27645514227316,273.57337009752877
CA5394811015,,,,,,,,,,,,,,,,30.731399985050814,29.09206831005643,25.808517318174598,22.378085691617724,20.400559962783056,20.446807809241353,34.689751602642204,29.080700585327012,27.664314717698485,26.332918735682217,24.04871689639384,25.41869806543774
CA5592224011,,,,,,,,,,,31.670255029386738,71.03111615933624,48.418126355417726,53.12514266423454,48.95478016345657,46.28167081192718,46.80204951882325,51.30370142096791,40.77645960223542,37.07923530836229,37.26778408765983,38.369570970530006,45.8756020880947,45.82057443626817,47.002467443003454,36.790620424938545,39.10632220722158
CA56501R1064,,,,,,,,,7.102029034348579,4.535050540037689,5.808802058478723,4.075573298637174,4.0577035967313915,2.4611047445651906,3.755108346770868,10.800800396155672,4.140378810118537,7.503498881528456,19.068455919344494,22.839404855666352,36.783054426467274,13.793987616465174,4.7290151098318605,5.091667637985332,21.423234930709434,8.7683698381533,8.494372185586148
CA59151K1084,,,,,,,,,,,,2014.4280380494945,1312.6808375188086,1188.065469204371,1145.8352199120936,1283.9637130730146,1341.6469743925238,2386.8041714743126,2461.46311612922,1540.0265720493303,1292.4868847579105,1509.306881484143,1723.2608396187293,1074.2813584205744,1117.2653416251976,1240.3129113031155,1320.8764104014583
CA59162N1096,,,,,,,,,,,,,,,,,,,,,,22.761573204789574,20.806403736047155,19.485000209793085,19.775370592484133,18.164138532218498,19.369341467071855
CA67077M1086,,,,,,,,,,,,,,,,,,,,749.8900705391678,680.250560154249,659.3353449152404,630.0989901552417,466.1456259393237,327.79506909486406,413.5053882087496,492.1721531530187
CA6744822033,,,,,,,,724.7818340856633,607.8256698417049,440.74577962313504,1054.2935815861003,1409.69818076149,1350.5566707744003,1081.2583013999788,1232.7528437029496,1552.1908702305789,1991.6680676507178,4328.50112534511,7233.09717969952,9918.502732406801,1040.6875006020286,1040.9913321840222,1582.158659707667,1102.696884263481,675.5734906948178,805.3695922702638,778.9619251741419
CA68272K1030,,,,,,,,,,,,,,,,,,,,,,,3.0542039449589287,2.455595896292502,2.5102039481430123,1.730056354325141,2.2728936182191823
CA6837151068,,,,,,,,,,,,,,,,,,,,,9.36921673816317,7.732896372425143,8.817332755388886,8.366253703173205,16.694005103623883,9.39668589022831,8.396277624096689
CA7392391016,,,,,,,,,,,,0.06352831271869974,0.06168607441931439,0.06526811572860013,1.5986692857108613,2.467878076434078,1.7060056945794486,2.123187217958468,1.4470777960118415,0.9692919523136999,1.1470581370136228,0.776102769715741,0.5185618699078114,0.4970721670661432,0.6658958637522758,1.1227926255840213,0.9909064419863828
CA74022D4075,,,,,,,,,,,,,,,,,,,,,16.49003627807981,12.650177833962543,23.03645107016656,22.881118449637118,15.05258534322362,13.606235543374735,15.015371603634026
CA7669101031,,,,,,,,,,,,,,,,,,,,,11.103356096581864,10.287495358215633,11.756535155339881,12.335400542400045,11.597959302064668,12.015983289549196,11.793200921719174
CA7751092007,,,,,,,,,,19.1222172753972,18.78690354781521,13.70388514415675,16.010694554938322,13.536183695602439,14.742503819075585,15.582790266386766,16.680785520247102,17.194217966428457,14.772217338535931,14.572942732150567,12.059999918427907,11.659632262102768,12.33274076478225,11.367340773524852,15.759373716958883,12.708389013820652,12.90145067051824
CA7800871021,,,,,,,1.8989661956770678,2.201054286506982,1.1333843455861379,3.5443005189166565,6.532304481431599,5.761746670105342,5.4962553170697275,4.270937309412057,3.288371132409857,3.3801062010081937,3.206369464243592,3.5688347669944336,3.402724171836717,2.9876737199291568,2.488234453214371,1.9631580061240355,2.0096284054824087,1.9428259782357433,1.4566263501953862,1.0231609024894126,0.9706928838203385
CA8029121057,,,,,,,,,,,,103.75227199915575,89.58305284773998,78.92625738305131,74.23084593108896,64.84675503715822,61.13715829671971,67.44003839340228,81.9794279956567,79.67208730424863,100.71446653252839,98.43054947782359,88.6513251493126,88.38902678983722,72.37906585127388,72.22063313310291,71.64892880606455
CA82028K2002,,,,,,,,,,,,,,,,,,,,,24.986909758669842,23.823908117207786,22.93558994970284,22.13749922509454,23.611079480128684,23.877934932707795,25.86777939318558
CA8239011031,,,,,,,,,,,,,,,,,,8662.396903653873,9498.536778929616,8311.623292941842,15387.778882072724,14285.714285714286,26711.50515176831,43452.13638613577,30797.197687740863,24938.548053810144,37989.946588354054
CA85472N1096,,,,,,,,,,,36.107824810759425,23.43482985719248,23.72353584261459,24.247503035827208,24.16181444392864,25.329306187165425,25.55535874921388,25.11722889427565,15.978876767833242,11.605577658509679,14.759740235911199,10.651694321706668,10.401461586559263,10.603115051351173,8.915902040357274,6.807840798961602,6.371748617602007
CA8667961053,,,,,,,,,4.178748478996538,4.001290555214985,5.033399530601191,3.9359406108843276,3.578266918602829,4.461729057454484,7.317668203333085,9.318391550109759,5.100843575872898,6.529683021984636,3.384278814851741,2.710983188558746,2.7306132789627195,1.3194670951400913,1.101153763192282,3.0715247217574295,2.7754135653749565,4.08292937560644,4.085899909918754
CA8672241079,,,,,3317.1676496729956,2404.9581016332986,1499.3806113822018,1312.4089935369445,938.5015099696443,639.7551996729795,818.9287981575972,814.2064051840179,546.5534656933777,528.5624971927533,536.8788184923269,522.7884136775451,646.7016790628729,986.5549977537307,964.7427721459864,855.5572329767257,776.8060519872146,721.4437389924221,1122.1593438076197,1130.5766415773937,795.261959951382,955.6900586194297,1002.7123604427444
CA87807B1076,,,,,2648.57747497036,2270.24904806884,2611.490576896459,2008.7102065547792,1693.0233458771613,1215.4807038514537,1883.9351995373781,1547.7271644325913,1497.494358683163,1321.4933871265366,1534.9187516915981,1619.6313899892707,1630.1288345567539,2050.503804102925,1336.2990488284963,1482.6041390747544,1955.2034691070958,2018.1574126757657,2115.6326030700907,2202.7927974624854,2037.317265232553,1923.0055560996368,2410.472436461783
CA8787422044,,,,,,,,,327.6919623136139,447.7491326916066,439.689365017963,428.4318327448286,312.63017682516306,275.7996109171936,298.34312840151244,361.22234531324614,425.6813499895556,543.2818825458302,481.52069888490604,351.3241970529701,359.5132974042472,336.87738119014966,465.3245721344144,286.1551261900821,258.03846670608556,114.26244443484539,204.97818871304887
CA87971M1032,,,,,,,53.19997297633745,46.2446713973336,43.23028116183903,35.734988446053585,42.929388716260064,46.74742061543249,40.127448777167544,38.75091420100934,32.26922660563228,37.31612156884503,40.658651302090426,40.83225005761623,36.76100261759924,30.889097375990847,28.080845144828253,23.079351967072668,21.39283209270247,17.02325110442407,15.089641561017965,13.953479301745032,15.015695200636463
CA8849038085,,,,,,,,,,,,,31.68087222647284,36.2064170348374,36.340186775116734,35.763108171941425,32.18013801856112,29.445491031206487,23.55364499373097,8.964969557928175,17.251408834757317,12.631222485607857,9.540135360962566,8.814757403906743,8.344051607062019,6.6908051221666165,6.263065582805179
CA8911605092,,,,,,,,,,,11.015458721289717,7.191342119688596,9.487368692379851,7.204916905442273,6.664876085072402,7.284975022622831,7.018780286906962,6.725579140964482,5.49730177092876,4.6599186127889025,3.8034980320436063,3.103266017873737,3.020360839685959,3.210655971002886,2.217832491639222,1.4290201315969244,1.4175310601358682
CA89346D1078,,,,,,,,,,,15010.788212079473,15513.738941107134,11011.45582048117,11025.668801185451,14123.952870792053,16915.2486953603,15465.683216400648,19066.44306715309,16238.016225689826,11161.007390538392,12970.064570310731,10605.962620448814,9471.657754010695,5177.761038926922,4172.056464071391,4268.735750795813,6522.295078613296
CA8959451037,,,,,,,,,,,,485.68755707270424,197.0903106609734,133.73924056428748,139.7352646225474,161.77514830000362,144.13700381321354,366.672390719928,1238.7553012723054,412.5574968420043,450.3693262813688,645.6354916067146,531.5900548450796,353.9195720371761,240.69166088286417,264.2794610047175,283.92174459568486
CA9611485090,,,,,,,,,,,,,,,,,,,,,,33.52533006938882,28.254509824727762,27.598113103164923,26.324314466702557,24.044092620421612,25.420345506696748
CA98462Y1007,,,,,,,,,,213.0531003501288,292.32309098052025,243.4938894988352,223.00212478531523,189.00814837197845,195.85783468149603,279.85873411997943,274.28487224875255,260.4350969768505,184.49411987609662,210.81573666770456,73.08528569162445,71.22018916774648,72.99490497699229,66.31980459731656,67.15249827214701,67.9114956620951,73.57078696726971
GB0022569080,,,,,,,,,,,,34.005051561999856,30.06821201636562,33.12044360548309,29.710514505500292,29.401892692269044,20.34538596553018,17.83830351081078,18.04475121759554,15.258323674295442,14.198660524431299,11.863757481651598,9.877237639212755,9.617061251764309,9.153492486235411,8.883311579535919,9.024106516737184
GB00BMXNWH07,,,,,,,,,,,,,,,,,,,,,,,,,,354.46426576593956,298.958430049401
IE00BWT6H894,,,,,,,,,,,,,,,,,,17.926680933758067,10.472428510111031,7.772776661841091,5.549363490522019,3.927229381214882,1.8628515271219446,1.0962936888708943,1.8609298379128285,1.6779127763960806,1.4707754666253692
LR0008862868,,,,,,,,,,,,734.715932185433,635.5922188272676,586.173920161735,565.5209973329947,554.6570092516307,552.0177164440036,539.2816114183341,500.5339319554244,499.3116191958277,509.2526750741454,228.49250835177895,1172.5983054185408,3256.859554620911,609.1804346793294,410.6324460431655,346.26249696675563
PA1436583006,,,,,,,,,839.6207449953544,767.1066523440497,704.4395056670763,816.9519647336019,760.4583592508121,688.7481162540366,690.2506826160447,671.953998447205,653.1680307227399,670.6781214203895,652.1231313686009,610.9424328954883,570.4054869975107,302.3750300120048,793.2253798033959,4497.8605870020965,792.8994082840237,449.8703746584541,388.2359218256664
US0010551028,,,,,,,,,2.6237000547345377,2.4875454073689673,1.599526203270353,1.413255161865919,1.2162238686234723,0.9313725490196079,0.8511446034698759,0.9288259176402354,0.9851047937079837,1.0663495838287753,0.8110149280098932,0.7874124585329894,0.7811255094097715,0.5488853075476766,0.4606041450309297,0.498372954894694,0.5664464587494239,0.5914656970215496,0.5844032334759867
US0010841023,,,,,,,,,,,,,,,,,,,15.923352000539774,18.05814723409378,15.825491873396064,15.656424889950673,17.227012907527023,15.453525223777417,13.975923613196958,9.347367544614361,11.551976950582667
US00130H1059,,,,,,,,,,,,,,4573.750981319188,4186.814398324238,5032.745591939547,4125.010209439356,4726.6715650257165,4766.156337406153,5177.01804368471,4306.818181818182,4267.641574246737,4253.312629399586,3627.142985369356,2680.748196877229,2227.502368171771,2298.257045121355
US00206R1023,,,,,,,,,,,71.88520334118103,72.37535970345803,73.0469182491149,69.78265192585403,71.49157210791469,72.77556853485771,65.4320898170589,59.954400855580005,48.842880343863335,47.84834253111258,41.02975590901637,36.866843641862545,36.15412203074057,34.81826795527762,45.219594007006734,43.2069134511713,43.239406225477374
US0028241000,,,,,,79.42065951933337,91.71740510780073,82.37155588408675,85.37873767781045,71.81380367039925,59.91014764786461,56.03823888197603,31.251136550376707,27.33502149827371,24.778106787119697,47.32698645184914,53.2424556724453,53.32026464101936,50.44837673236465,38.517707192405986,34.07678723265092,30.654463390170513,29.299583911234397,23.354614045269876,22.472682289876985,24.283826572589692,23.218116805721095
US0028962076,,,,,,,,,,,,44.68443563637009,37.3811865104041,32.20926692220262,28.18521306063995,30.88199680487513,33.95752704972983,36.132299612354636,38.21699321257447,38.112110842817295,35.41340945358483,35.091205725084755,40.67916134465397,34.243453940564024,11.94834373650362,10.52020268230284,8.562242110727768
US00507V1098,,,,,,,,,,,,,,,,,,,,,,,2.8815236210734603,1.7267976826082017,2.019261424017003,1.746037215713301,1.746037215713301
US00724F1012,,,,,,,,,,6.196243620326415,8.473726420009111,10.424824320833388,8.709648658895066,6.11013531365749,8.800827126966851,10.391986664167842,11.970875788057338,15.213602888201068,13.25987329253232,9.723063943666409,7.524356567568932,5.393375540906306,5.139182468138017,4.037757364586633,3.9935817334999433,3.622597763923953,3.26951871657754
US00737L1035,,,,,,,,,,,,,,,,,,,,,,,,,,10.84845209397399,9.610154447429451
US00751Y1064,,,,,,,,,,,,,,,,,,,,,47.710288987463564,27.240284095081645,28.813551439737566,25.311172797135914,24.955530043689123,24.661737425833483,30.609411779453282
US0079031078,,,,,,320.0611621837889,220.08143662768782,58.360753522356354,42.72650026553372,19.37102943622152,34.52617079889807,30.910790301684248,32.07930397289806,15.30983556638246,13.48506086315013,9.847707114549914,8.352524518706865,10.41017288900025,12.950608614232209,9.986489022330643,8.334826254826254,11.12850987966127,7.90187442384513,5.027625654131678,3.8492860472013897,4.585449735449735,4.03327515997673
US0082521081,,,,,,,,,,,93.84079149244053,129.10766891570844,80.02108608038921,63.75410605349601,60.19828302409305,48.747757445281664,42.888485518112226,43.47867829426354,0.5290791599353796,0.14883720930232558,0.11846371269432204,0.410190745319675,0.38562281722933645,0.3940711462450593,0.2549284806754375,0.2859901604671479,0.2936316857857716
US00846U1016,,,,,,,,,31.670124059385806,22.35676848002892,21.813592933117,27.76060070671378,21.174608695652175,18.12509285395929,19.035202086049544,16.10381949564961,14.485981308411215,14.529702970297029,14.02640886583353,13.402946273830157,9.810908361740525,10.058441558441558,8.684267631103074,7.647323506594259,9.901731601731601,10.188418708240535,10.503444053268025
US0091581068,,,,,,,1974.8239235503727,2181.5273115099803,2392.125692758294,2184.7622260365715,2068.822635701742,2880.5984649761976,2630.7108240842904,2583.5055994125205,2648.015014306665,2700.841245633886,2410.491376754063,2524.2778563246266,3457.492785808322,3144.9124001079595,2965.00179018976,2949.852507374631,2929.7745298992963,2430.999817218059,2143.006887127206,2245.8885749474753,2318.2962599815532
US00971T1016,,,,,,,,,,,69.69822637826138,83.17079042956688,83.62267557391367,73.17843696106645,64.81618286586018,54.983706418948465,47.693487464063374,48.691482119258346,47.05969832255649,43.99607510359585,63.55190729400981,66.14835342756142,68.56528573246588,65.03886054149068,67.28733243489701,63.840531805494344,60.97337922132068
US0126531013,,,,,,,,,443.3174330147359,458.4393287009987,388.7131325455036,410.8918247486529,459.2079445937046,393.16766614209456,415.2370129160565,347.42181671416165,371.69583259048693,248.9500415601417,339.53346085448135,312.8279648018083,285.9301619283249,260.48725882989123,304.57900821021,286.06138841337196,152.45685033983122,127.89581336694256,228.72971697393933
US0152711091,,,,,,,,,,,,,,,,,,,,180.9038368492784,145.51742564342823,135.56789833142483,108.8205445675017,126.2453873599925,95.09574207709564,96.41193526227707,92.98437072544098
US01741R1023,,,,,,,,,,,,,,,,,,,,337.1280247368869,293.681115010132,288.27410551849607,398.5144696690252,303.0616472605186,212.60010427528675,205.10051033854853,196.24217693312852
US0185811082,,,,,,,,,,,,,,21.736451824244075,20.01158898113083,16.829576229844296,6.473201657948233,7.050278069973567,5.814712598590661,5.49550483198176,4.58594311530958,2.306451901886657,2.847569336931039,2.894391244870041,1.899052899052899,1.311904761904762,1.420713364847443
US0188021085,,,,,,,,,,,,,,,,,4988.051816255261,4451.27305138923,4956.150602409639,5204.795103778606,4040.559343612958,3451.7117635770487,4591.258489461358,3601.209321340965,3236.7992865636147,3379.8711199404024,3418.925144436071
US0200021014,,,,,,,,,,,6.9698866357975415,6.456671089488427,6.007941658168783,5.7655449007900605,5.724487951807229,4.8887768623610075,4.7217947633944926,4.455643262705997,3.9359242272098136,3.3321179208688907,3.1659385357035252,2.2061802651879345,2.015226273135228,1.8358306317703803,1.2332334863456003,1.1105019791922093,0.9890337877889745
US02079K3059,,,,,,,,,,,,53.05168195742253,50.459028779449135,44.68416882362263,37.31968111609367,37.62010865022984,38.14228572294359,39.58943311685714,37.30881114852889,39.76545938387984,37.99764652570184,36.581056117436994,36.37982325902469,31.58164394089358,32.99544612425575,36.94379200635016,32.44490283356856
US02209S1033,,,,,,,,,,18.75046647919897,35.292786864698876,32.58832620066572,32.527646223064174,30.426734467239463,28.600983250443033,24.84153314838929,22.346893285037616,20.20038188182879,17.583234214200754,16.891453780650455,15.40816222550568,14.346736714487776,12.144186939206373,11.29259627682251,10.751836813611755,10.849380548239196,10.880160438270398
US0231351067,,,,,,,,,,,,,,,,,,,,54.47921468971023,48.34962878992816,53.07961585900571,41.91014961249948,34.22572804168387,33.03611208931035,31.194272641074487,28.105254412901143
US0236081024,,,,,,,,,,,,,,7446.431440351111,4840.139737844171,5270.029290853032,4715.5205683132335,5458.027386028206,6004.12590520079,5836.995467055205,4838.05404546177,5384.489001692047,5768.964618570935,5043.950109477635,3341.119391730552,3544.7049333333334,3487.5097730552275
US0255371017,,,,,,,,,,,,10252.413077322262,9403.978651140224,8101.488372093023,7714.954834392774,7989.841765969916,6022.326674500588,5652.395886514477,5599.3566583842585,5906.078418660737,4895.770297054156,4122.807138175229,3787.128464657975,3070.4973201524535,2269.105730797627,2528.6590139234972,2433.904661457409
US02553E1064,,,,,,,,,,,,,,,,,,,,,19.914909854994896,15.807485796892074,17.162825379284953,13.060827794447377,14.149170924157183,13.037151204767445,12.426219614266422
US0258161092,,,,,,,,9.106875592368237,8.144035598466981,7.003091231739392,6.9234508145363405,8.299700710811821,7.643429336684082,5.14336162567375,4.80442498816848,4.089459521355777,3.4941673147428065,4.448128683836125,4.260237116754871,3.8424528567012337,3.1960213488597766,2.4675882603147596,2.567212256121514,2.4493049034651766,2.2047460674157304,1.9251529006591057,1.7477662026118246
US0268747849,,,,,,,,4.919080644866141,4.340000700905921,3.923604565508392,5.6685013960726875,4.748047043487429,6.228110541138604,7.552931310513075,7.31254336369407,7.193189573803819,7.665366819862897,0.21584235717437794,0.19007076096416545,0.2019418256377269,2.32791771620487,1.5477163461538461,2.0655066764221695,0.713179783698638,0.6609493771816362,0.7979549489806832,1.3688305016329676
US03027X1000,,,,,,,,,,,114.673700222905,83.74117952757184,72.72291074302322,59.08633077037665,50.202137720969695,42.95205549342879,35.21406090855522,30.258588674962006,392.02906215842324,113.44437941745825,166.516982298625,152.01495983008587,140.63508051980352,128.2626724663083,106.5365835441738,102.3962240447946,112.679121573584
US03073E1055,,,,,,,,,,,,,,,,,0.5067051728829542,0.848080920061638,0.8319264987729579,0.8206724597239672,1.3010442698728848,0.5913127301864095,1.1030565871038862,1.0015423397017338,0.8244824421103436,0.8240168072828731,0.7380979390323701
US03076C1062,,,,,,,,,,,,,,,,,,,,,3.3696224079232437,2.9064391000775793,3.446228466298712,1.9516476976865282,1.9177528403150483,1.6208374751491055,1.4553720852393173
US0311001004,,,,,,,,,,,,,,,,,,,,,24.96970617465752,20.74223469857947,23.061526699499055,18.732486747531873,21.88429289833559,19.58780345462676,18.616396635730524
US0311621009,,,,,,,32.128530805687205,30.16194690265487,27.969091673675358,25.898720465777537,25.34493101379724,29.285616719027455,26.789284286285486,26.05570530098832,22.544512018534608,20.213054187192117,19.586203459103825,14.570999907672421,13.757948762559263,13.991859599982494,13.049058828483599,11.877664583511686,11.352776903713027,10.91277570345279,10.282718535121377,9.755232351897837,8.227620871230254
US0320951017,,,,,,,,,,,,,,,,,,,46.62636803257827,46.09216550425741,37.97610338941722,41.06280545626961,45.0656479317122,36.881016522162874,32.13602154796799,39.547898396616404,32.616552911113004
US0326541051,,,,,,,,,64.74489113842193,71.4186500272046,63.00358481855715,61.46670141155791,46.36712406963018,42.25508799593762,47.94637296848332,49.313336310839524,43.269433718428424,37.92444942294835,35.79803153038324,25.487405489531774,55.27446716524814,61.78364617611208,59.76904203160527,38.48831630906284,34.0947326915907,31.716692783631824,41.79766443872731
US0367521038,,,,,,,,,,,2.904625434284891,2.5916901728106865,2.402568268492145,2.000838760607855,1.9702021878719667,1.7105581363958473,1.6457507869664556,1.5353250067200994,1.4340232341394992,1.2780704432540453,1.3009193431092683,0.9920774985612891,0.7015845142655518,0.6997670208238663,0.6699511478655129,0.5758433523987393,0.5580283920592727
US03743Q1085,,,,,,,,,,,931.5765047720898,1265.580280169286,1098.164137815408,605.9530149713,529.9215364796814,342.6411413242287,315.65932067786747,700.2976656744478,1442.146450531023,1423.475454391031,1087.3707131192161,1073.6342042755343,1487.7113866967306,738.1340012523482,558.2844243792325,746.8293272134316,635.0005135051864
US0375981091,,,,,,,,,,,,,,,,,,,,,,,,,89.27463307659693,90.89148353317272,92.34790943549675
US0378331005,,,,,,,,,,,5.047297502813517,3.4371763536186255,2.836038961038961,2.124119656382638,2.029219064042699,2.0885845326221895,2.0243643643643643,2.45276354537253,3.1984980606827498,3.4748051643977655,3.496999373117441,3.502762596055782,3.598504088258793,2.962032443176862,3.2562052139537645,3.3178120122580412,3.233525368910451
US0382221051,,,,,,,16.90263906558984,17.358437502961944,12.799413853938518,12.855335775243672,24.5063244730103,32.37408965958916,15.83898730618303,18.59311377245509,22.9918548685672,22.926778242677823,20.160480467481875,19.49387883226954,14.190444031740672,9.82991657505012,11.050021534485941,11.666711060797763,10.410009889023184,8.685090186993214,8.355311773892508,8.549820653199925,8.194029310656775
US0383361039,,,,,,,,,,,,,,,,76.10357565615733,78.45842400268842,85.31087124738202,75.40453740860958,76.55906593128451,72.85331354138748,70.66920956229465,71.2150177173015,69.23046175021791,64.52526586658617,54.24364507018022,52.79871835306136
US03940R1077,,,,,,,,,,,,,,,2665.03936727676,2747.849707250999,2889.566272255227,2555.9018521253192,3302.7805451487216,2640.858324123955,2352.161912923105,2183.623088349129,3291.7868181347403,2393.9762015396445,1419.215468643151,1680.312717449663,1971.7575387273548
US0394831020,,,,,,,,,,,,,,,,,,261.5164140294891,280.2040063511411,285.39259356662666,265.94090202177296,250.42123324728323,248.62093077460958,183.34525918192588,143.66457914845012,152.9781231702773,168.01122413188355
US0427351004,,,,,,,,,,,,,,,,,,,,,,,1.5195636451852543,1.212053780289235,1.1318156010617486,1.2691529797819925,1.504763544626707
US0441861046,,,,,,,,76.80168332456601,110.20531400966183,92.55737289210093,111.58493248045487,111.6421568627451,123.41880341880342,170.16716673810544,175.56783302639656,147.20942140296978,169.02905740609498,176.39077340569878,214.33447167537165,329.94496762801646,407.5611455108359,260.0861224489796,246.92639658848614,277.61699661999035,239.16173044925128,268.7913978494624,281.1466014669927
US0454871056,,,,,,,,,,,,,,,,,,,,,15.0866291414925,13.00104918937707,15.993885389023134,19.307004164483693,13.423002307396219,9.212284365443047,8.804642964065838
US04621X1081,,,,,,,,,,,,,,,,,,,3.7769209198352915,4.422138749045341,2.9698940209972453,1.7400440065811644,1.6642729082678762,1.4676377628143467,1.3271750215737035,1.0395027178300413,0.9736528153512678
US0527691069,,,,,,,,,,12.822298448363183,9.999136143745682,3.625768294097182,3.2251908396946565,10.525366403607666,11.746388720698903,11.469281850565109,3.9606719210253964,4.013417994489038,0.9773510585918267,1.1523874355732764,1.0592263989415518,3.6902544055217907,2.919744617982271,2.1860751413459787,1.9320679320679321,1.5854102237584138,1.4214646876529113
US0530151036,,,,,,,,,,,,21.4121234185856,18.69118489147228,15.778082668264123,15.735397350691501,14.69273790573153,16.27411416394803,15.377213926802323,14.322462866152186,7.868848613739074,7.340856711436065,9.118063664692835,6.70627985552837,5.339946230393843,4.859861310821467,4.409740717425575,4.117839163158053
US0533321024,,,,,,,,,,,,,,,,,,,,,38.67255755641082,35.257120903720065,33.57497273571771,29.919385788433722,27.53465589571662,25.48269294256919,24.22469939124736
US0534841012,,,,,,,,,,,,,,86.05559346389171,70.86245739703078,54.58114315512783,44.98410312117522,41.21189381859113,39.528499196537645,37.057886010333746,35.188718882392074,24.902498779753863,26.76368477052406,30.984606958715197,26.55124043433,24.979019776502366,23.72405653094345
US0536111091,,,,,,,,,,,65.3770267048164,93.78198128580308,83.58438128579544,87.55704163417022,87.42212870302869,85.935667752443,83.35228978089506,88.42866480081786,86.69103754210137,79.77940064713175,66.21036457605811,61.385270363926956,53.21666786200961,69.18573314463092,37.17101987985796,41.24672716186651,39.4029032515961
US0537741052,,,,,,,,,,,,,,,,,,,,776.7194846292948,753.2238053485313,540.5711949411252,918.0707145501666,613.1898421561258,532.4875771218943,531.8667554963358,541.7470523369243
US0538071038,,,,,,,,,,,,,,,2.965640616015962,2.890677030127963,3.0361127345883063,3.046110806713714,3.5848360413713336,3.271482591238886,2.4648913906762075,2.019245873193883,2.0591519359964203,1.714415992435452,1.281085669684315,1.2551060065352353,1.4295878292320578
US0565251081,,,,,,,,,,,,,,,,,,,,,,25.092493376508685,23.49674769236554,19.31539713142174,17.512483025913774,13.20395911266757,11.239622627813173
US0584981064,,,,,,,270.9150398882394,262.3236889692586,217.8325152910972,174.7263654970369,198.56073530384182,182.2186976706193,174.73280343603912,181.85973225644557,172.05261169683024,176.42682537995535,174.9124854142357,177.3541327997999,154.23408012360667,102.18046071200946,97.65715513536743,100.31976642844693,105.35268652915711,90.71225834479762,73.34021760375269,75.72350131869699,90.06570580754557
US0605051046,,,,,,,,16.223079093388506,12.255074030229725,11.98609782699891,17.995411375520224,12.646246300742643,13.092336765783486,14.370293355215308,14.810781044451923,13.508391926754008,11.878629062264132,11.445041984072022,9.621602250724747,8.560002813731007,7.094994440275907,6.195972291903216,6.97401868961065,7.330862829545692,5.753512880562061,3.90379593492683,3.487994281775713
US0640581007,,,,,,,,,,16.98159717506451,14.268373106801542,19.54253883908988,16.118197965444857,13.950454075181055,13.902462528830155,13.869760287142674,0.9264658244250081,0.7972885732730794,9.905498721227621,9.24043076923077,7.20611681342156,5.670168276411431,5.635984247340269,6.341631916350283,5.170179742652581,2.936323055547344,2.4942118876026416
US0708301041,,,,,,,,54.323435405711926,41.613145387373955,41.70830866390369,38.317372553356186,40.14179796107507,35.110579423697075,32.28531455036666,30.215316951907447,29.334632878492528,27.59053605727257,24.453924633865395,22.576268490536027,21.48048463164742,18.975900883886077,19.450518816787984,17.51835907824766,18.295863993910174,12.80079365079365,13.696421336934504,12.627891063363897
US0718131099,,,,,,,,75.03299827393644,72.55733281942571,67.74394033561218,64.7878198898607,63.78912160547902,61.809123462556435,57.718603814321696,57.43481324876674,56.16357559473098,46.06802231419831,75.9430176565008,72.025976581718,68.55411419373165,63.80875348252,80.35557120225313,61.93780519146749,61.483103879849814,48.71216833189969,49.698710592047526,69.21652877021437
US0758871091,,,,107.45720101525133,106.88344838398066,92.03406544687427,92.02216824127322,83.43860602887207,79.0805477806072,83.33108621045045,72.02190307765636,61.73500474343774,57.06668199066344,46.09397064769719,40.983410156990175,35.712064722294855,30.446592784720586,26.897744494963003,25.031242451083017,27.367643457676923,23.582898669636055,30.2933448573898,30.71406601856429,27.83530710558009,29.648123070256215,28.62548737943772,27.033333333333335
US0758961009,,,,,,,,,,,,,,,,,,,,,,15.405419133477746,18.002802058985615,20.745601665717704,28.176071141520513,32.742808977516916,32.742808977516916
US0844231029,,,,,,,,,,,,,,,,,,0.1915945902118936,0.17844718753103697,0.17815771570864114,0.17786668585944906,0.17325563678754613,2.948539466657612,2.498554804173586,2.341199332037732,2.1133215460892782,1.8650922911467984
US0846701086,,,,,,,,,,,,,,,,,,,,,,,,,178.82815858902507,137.67426243271274,135.09782523362222
US0865161014,,,,,,,,,,,,,18.602226660602344,17.427434754933163,15.275393094339002,19.93730252298986,17.19836882421478,14.529447480267152,13.929497753978124,12.449764092376459,11.678280743487488,10.4591411155415,8.488405061148491,9.943586870423678,10.841029850101517,10.930869754943616,10.378636100943941
US0893021032,,,,,,,,,,,,,,,,,,,,,,46.33377041542837,39.786352595324615,40.100621028539805,45.103906513305986,51.03597802317863,54.62958143449636
US09061G1013,,,,,,,,,,,,,,,,,,,,,,12.910434447855929,12.362567221459267,12.457515808858377,10.973078268104743,9.507172955317113,8.059104773617994
US09062X1037,,,,,,,,,,32.89569933156766,24.912995729103113,23.76623670002485,18.781124884920892,16.912201356798743,16.905284147557328,13.521394870516557,10.135908066143108,10.01923112655382,8.971333240164908,8.619509691296166,7.785904897828721,6.573004402590087,7.2478169674069886,8.799366218345064,8.679104330902156,9.09644556509008,9.246581713328993
US09073M1045,,,,,,,,,,,,,,,,,,,,,,,19.247377235076335,17.087633246728018,15.68616945277897,16.167699709781406,15.478053805300263
US0936711052,,,,,,,,,,,,,,,,,,,,,,,,20.519295324811665,20.92377003198177,21.13207352469904,20.36353451495217
US0970231058,,,,,,,,,,,28.23884811768376,25.14608749139585,27.882312692439275,23.801556703280717,22.07373497515239,21.378652320977107,19.734470373063616,19.971957779303743,21.232724619597974,21.15812917594655,14.674617065669901,15.515574524275507,23.27127659574468,22.814115531580132,19.517175114100407,16.710800318790653,19.543876001623644
US09857L1089,,,,,,,,,,,,,,,,,,,4.778457724029941,4.915149196259436,1.7071659668204033,1.5053099694676755,0.5878457916421425,0.32104398612885565,0.2227033352837917,0.12763866136204072,0.11487425755086567
US0997241064,,,,,,,,,,,,,,,,,39.52396946013319,41.94888218727413,38.392918168689576,67.4383160301759,55.69042622888558,50.791699449252555,52.99134284308903,27.456800107831246,24.01404974368711,25.177771517115087,25.3779639358228
US1011211018,,,,,,,,,,,,,,,,,107.28890070591575,85.88119646313064,83.77510900933562,84.52262850806153,38.466462872364644,59.957605938557414,51.11528406702318,38.22295797644772,26.166259157654014,28.615781949842077,27.47246105571825
US1011371077,,,,,,,,28.171255769536845,22.631377061756808,21.179849228191934,19.527950310559007,17.586712261846603,18.80604663079682,19.260036735764892,20.2510691129811,20.551588968220635,15.989159891598916,15.781730640631269,11.321965180062008,9.408377541998231,8.630662730326785,5.0052165812761995,5.2742862907293455,15.082772543741589,14.534773695000789,14.075,11.967994267630024
US1033041013,,,,,,,,,,,,,,,,,,,,,,,124.43619204127631,79.82260127425582,68.66501077100966,66.8836525529545,63.62128688812817
US1053682035,,,,,,,,,,,,,,,,,,,,334.4368047181086,293.76944348427236,253.18938285120103,167.65027640525207,245.95806182940572,195.10760007822725,181.84752424569996,187.49975384688094
US1096411004,,,,,,,,,,,,,,,,,,,,,117.26499916354953,109.00802114939766,124.1703146374829,105.80759507584085,96.48476008449853,83.64332320448496,73.58331433781628
US1096961040,,,,,,,,,,,,,,,,,,,,,,,80.68032187271398,71.00257130612829,70.38275824054679,70.27284289993024,68.3477323968954
US1101221083,,,,56.89131442104721,63.4692863844583,56.04479754953575,54.4891640866873,51.94856042067996,54.259238584347436,43.001860657432296,30.791474486575716,30.25308379413016,28.514062820776022,24.336283185840706,27.126723795471314,27.097955447055234,22.755211285345425,19.818236714975846,16.64436094095846,15.209857527916828,14.928416293604007,12.43067508127749,8.33962086645656,7.919284251374367,7.95838298056717,7.92254366084522,7.382236024844721
US1124631045,,,,,,,,,,,,,,,,,170.67286738596331,131.83227741438145,131.3986091967418,137.76116909719502,144.3184220596342,161.19153688556915,184.72661816651342,237.09457668768596,231.46213304480568,216.84526874700123,209.23723246969192
US1156372096,,,,,,,,,,62.33898495817547,65.92195840235597,76.12613993409457,79.11098862159928,65.77845866451779,55.925143266475644,56.79039891818797,54.77108036890645,56.0224570673712,58.211390284757115,52.746888405346596,54.927470534904806,53.74196449704142,45.144693572496266,28.56514270472126,32.38850646242221,53.95586854460094,56.823733003708284
US12504L1098,,,,,,,,,,,7.520057744310238,11.750502902189726,9.900313098936607,11.226314307336102,7.771297304508267,9.082932649147631,7.168794236588663,8.575315890753432,5.436752945644176,4.96199472920013,5.4246730378993755,4.82780449777311,4.182371545267719,3.2225504212565714,3.0430210009353114,2.9362734357882876,2.6228366930410716
US1252691001,,,,,,,,,,,,,,,,,,3785.571803263468,5011.289009497965,4260.629539951574,4331.384059607135,4071.685620915033,4095.0533462657613,2719.3331293973692,1589.3974611121043,2932.5893530387575,3275.943396226415
US12541W2098,,,,,,,,,,,,,,,,,,,,2.1682141420825887,1.938708829419839,2.196674119116042,1.9911636290896104,1.1999755174174789,1.297343260465752,2.5207367193472,2.5024603728212362
US1255231003,,,,,,,,6.461430489442207,6.564221565909228,6.094944233708883,5.465812189380068,5.659444233790152,4.228709889903077,3.990873592444606,3.007586680398215,2.7978450804235746,2.4098140200286124,2.2170948720648624,1.635846157721079,1.679826141248229,2.7528464658527043,0.8396910774520402,0.6935647983420413,0.5826353703512218,0.5467050012187286,0.5054105958569124,0.39935497185589247
US12572Q1058,,,,,,,,,,,,,,,,,,,,,,3.621751212335858,3.9423247735033455,3.9442821118360483,1.490343317908504,0.830277680529196,0.8827332210163381
US1258961002,,,,,,,,,,,2674.181351707961,3246.2966440787354,2581.070955196017,2440.977849561606,2537.7893810970736,2416.813432835821,2210.44671959883,3252.0130111524163,2043.727613689639,2645.6361841105877,2565.927688054707,2169.445580715851,2637.769610778443,2420.5360895074364,1877.5258259655654,2162.853390511927,2147.599733865602
US1264081035,,,,,,,,,,,537.4706352732119,605.656122110386,537.4615456938699,474.246359533339,473.3718952024498,485.6254781307168,440.4994080037888,423.6742866819067,445.15340139127295,425.43969144460027,367.65877744225907,335.120130686102,390.19389587073607,340.15852100303465,297.52097219416953,302.2046121307225,304.6363823933975
US12653C1080,,,,,,,,,,,,,3084.30479658171,2446.9311870059173,3087.323885304134,4936.652479778718,2295.5841316417827,733.6521149101092,1403.9893122864273,833.9051363888113,604.8148934304818,624.380001905177,1041.9266321342752,425.61706256935196,226.8755159388628,632.5553821608851,699.0295003628936
US1266501006,,,,,,,,,,19.967640296346758,19.62394780495222,17.895846205268967,18.301370147179323,15.835667600373483,13.89907660822038,13.046134063316003,11.363220848550949,9.679450714332312,7.531848855942228,6.895629583525018,6.074041905858289,4.450431504501978,3.834354275676762,3.579813837890391,3.0637801697538043,2.5580922141228033,2.454940733726922
US1270551013,,,,,,,,,,1646.7065868263473,1216.4750957854405,1872.2466960352424,1391.978429389956,1324.9211356466876,1310.3037522334723,1411.6318464144551,1320.2247191011236,1818.1818181818182,2029.7643654402646,1801.1323425336163,1399.9401734968592,1137.8353376503237,1644.5119635396886,1199.731478931424,924.0389069013432,1016.8195718654434,999.7494362315209
US1270971039,,,,,,,,,,,,,,,,,,,,,,992.6526175931228,1146.9584833691522,467.4544959128065,168.85001051082614,275.96639690358904,287.23548800585974
US1273871087,,,,,,,,,,,,,,,,,,,,16.682689734394494,17.82441901907464,14.869544783910074,11.1935222116739,11.210931905159017,7.9632918720684795,7.9041835351025655,6.96534392355186
US1307881029,,,,,,,,,,,,,,,,,33.993362331987164,28.183041905746062,24.049428097871573,21.96464184498193,42.84899942136592,49.04577241563654,75.64707348669972,75.56368684640078,65.5115419922002,69.65991805011629,53.38896572743599
US1331311027,,,,,,,,,,,,,,,,,,,,,164.79641280035202,161.7620057086581,69.98531917155309,55.728169630696925,55.66817989922749,45.9573519485494,51.16184443906962
US1344291091,,,,,,,,,,114.37215511760967,110.34065520271119,112.33500660501981,103.71676072975455,104.60496555310021,100.69282981611748,93.61628335998033,90.47455179882084,90.65849693635113,86.6860025220681,88.30185797912955,66.57101835709157,98.44045422285309,76.68968209704406,81.54444712117562,71.49264465511605,72.43102146478266,66.36110287577824
US14040H1059,,,,,,,,,,,12.445620608381931,13.740805051065253,11.300804934141752,11.099930935557563,8.950606177440774,8.627575669983896,8.74456953919558,8.334689644167863,7.592354373342054,5.6900230007666925,5.1800969824257965,3.52567671622342,3.2642606579654267,2.8453782037274062,2.2513746644776274,1.7458572467868403,1.6016908302124662
US14149Y1082,,,,,,,,,,,,2.9323966193297997,3.6329563327678156,3.3574090786833595,3.445531139375781,3.7328991574921178,3.7475513159015414,3.1310319062825225,2.9001226068093935,3.8608291733904414,3.2569979215838236,2.9601021001356433,2.4955833098969653,2.2272923648167393,1.9965286952557109,1.692636526824213,1.6468311127115591
US1423391002,,,,,,,,,,,,,,,,,,,,,46.826654760575956,40.230692493141575,43.01469895411288,41.74313452383427,21.721961801605,30.79879657284877,28.233871612439042
US1431301027,,,,,,,,,,,,,,,,,,,,,10.094144976708478,9.38310993454546,9.954085637896645,6.423111409929085,6.30593469161421,8.823693964350312,8.698035562365023
US1491231015,,,,,,,,64.47934725776713,56.43748344051834,52.117865563414746,40.03000545553737,81.83109025805655,62.24758147835071,44.08194486015498,37.49525616698292,44.379761391404344,41.497535517541316,46.30831082087171,55.790538962555466,49.71184725704985,33.624502028434634,28.438661710037174,38.08565679793044,30.213258519550333,25.241052047049322,21.622427676707428,22.373435788239288
US1508701034,,,,,,,,,,,,,,,,,,,,,408.31586303284416,579.1591233920915,655.4961980548187,425.4615204404358,402.81815362348806,356.16636197440585,379.03307392996106
US15189T1079,,,,,,,,,,,,,,,,,,,,706.6570243539296,637.6697195191757,438.1437081161579,956.6043407926664,585.6536159003831,559.6896255766549,599.9157083716651,603.5944695129006
US1567821046,,,,,,,,,,,,,,,,,,,,29.948764176543882,29.10613874485798,23.518962695064715,23.72830192517402,22.662096882749587,22.498095782444416,22.498095782444416,22.498095782444416
US1598641074,,,,,,,,,,,,,,,,,,,,94.71840292936965,61.174813423614886,51.244341388342704,45.2609550218832,47.972125553647295,46.68314864463816,44.94953151891712,45.83098867675937
US1651677353,,,,,,,,,,,,,,,,,,,,,278.806784948333,224.41609168518303,403.4918629550321,446.51417614025473,168.30701692275014,272.86257648420707,387.41488612350315
US1667641005,,,,643.7570889917538,686.0446092599661,550.7495329254363,435.97836203699165,353.6626253231092,326.6083413108359,308.86895131637004,258.1351602433441,417.9755187060425,347.60322667412066,262.1110082395864,336.8833350551815,339.9882892922577,354.61917551041694,524.4970998395656,624.5248180732052,519.3687443889627,403.10643899550917,406.68968863266645,624.530279133279,347.0303201676028,229.08827110475698,279.31116787616867,284.3641101471455
US1699051066,,,,,,,,,,,,,,,,,,,,,,,,32.04860719208814,24.61817022049517,22.648535207005217,21.7558636432003
US1713401024,,,,,,,,,,,,,,,,,,,,43.03373761982946,37.697484261559616,30.420405259655325,27.44638261366886,25.252885300861255,24.189485824838155,23.165016445406366,22.257700054035464
US1717793095,,,,,,,,,,,,,,,,,8.722065656981417,7.757804196781681,8.070250344003579,6.868162720140112,6.569605024114585,4.850385328508133,1.4526780224946656,2.888082164036271,4.278053724843221,3.659561003787545,3.947148121277015
US1720621010,,,,,,,,,,,9.42985694508537,10.117265741199802,10.167547268907562,9.432383419689119,8.7859555984556,8.035532994923859,7.362790697674418,6.645468689225982,6.1943475867131585,5.669399860432659,5.727760310708341,3.0802624936900553,3.205148619957537,2.1435098650051922,3.035992069543999,2.0448417057824826,1.806033342154009
US17275R1023,,,,,,,,13.055962383411702,15.50772025431426,15.243578176414394,15.87150979153506,17.836011594855485,15.586175963740233,15.475782713406476,15.283670532464233,15.759969084870386,16.15259031258449,15.825787977172357,16.200432365657814,14.718043080505655,13.7453418593212,12.530766246362754,12.621059426144171,11.618906283342064,11.44716991779688,10.63272936941974,11.232704518606024
US1729081059,,,,,,,,,,,,,,,,,,,,,115.5181978660154,102.24292758830943,91.20944859813892,86.5238714635959,76.30429747843381,69.87649723231459,64.62888404360434
US1729674242,,,,,,,10.313947689238612,10.474128753866108,8.907288309065354,8.091112422988274,10.95769507167442,9.571944622890074,8.551425341123874,9.144555222146936,9.043259741581036,9.11933002428071,8.95362433513561,8.706674949175515,8.41610245042527,7.526684204506462,6.169615059483309,4.908881823716431,5.477838821665712,6.192821947656424,4.899788187774002,3.1511128239714807,2.8595135258013187
US1773761002,,,,,,,,,,,,,,,,,,,,,7.65122467007162,7.1142815764753715,6.617233602125622,6.6574038673741205,6.462586368221383,6.462586368221383,6.462586368221383
US1858991011,,,,,,,,,3559.3484935213614,3498.5935302391003,1535.008727937713,3534.443944169293,2715.3610259269585,1505.2874513451138,1632.4814769403233,1679.460842613616,2015.7017107511301,4629.215715491979,4419.155998103366,2046.6569393185137,2048.9978008168396,16242.937853107343,6443.780351139335,1467.4232048522795,1413.719605028492,1372.9769048917985,1574.1464685952567
US1890541097,,,,,,,,87.40017746228926,82.73533136344449,78.84231536926147,72.32011747430249,67.9876386111616,68.59135826390235,66.82981927710843,58.06494201605709,55.88963565617262,59.172661870503596,52.52063938169682,51.57446808510638,45.36423841059602,43.56181934657271,38.293494211641935,34.49534821903243,33.76991525423729,33.847133757961785,30.697127222982218,30.5884159106769
US1912161007,,,,,,,203.98870776796284,210.6898805401662,204.2510793756227,179.1593027688256,34.79307538191836,167.70947558537057,150.5681818181818,117.17914724372407,115.15555370455208,113.14390623999317,119.43020932858508,122.014596560996,132.2164148826997,156.67786466420122,174.66151478025947,42.82712637510062,43.17386563276186,36.84661751390506,31.349060552506742,26.995716221532543,26.245978623488664
US1924461023,,,,,,,,,,68.63437843730289,53.588320010907914,53.66059274771454,37.55300345854848,30.124048464048293,26.28023355972772,23.057179938142223,25.103089533816746,20.536163015463917,18.905390375917552,17.21654287643484,20.547782945736433,9.518620032175416,6.5146528945472015,6.019398065596802,6.628783199505868,6.421175011626104,6.296564653425213
US1941621039,,,,,,,,,,,45.27772522977971,45.16761270959744,42.82838601901825,39.89691645751165,39.077260755048286,35.99311136624569,34.2652080801065,32.867656230510164,34.06383678841724,32.22466675294422,37.17839680905816,36.80214108201109,35.74767773662801,32.41490155559382,33.478043078978125,30.914323893714343,29.9238843838615
US20030N1019,,,,,,,,,,,,,,,,,,,,,26.87527907985652,21.0263075765086,19.997634313081765,16.99386518881299,16.18256236257175,16.163261277267793,15.881226208468371
US2003401070,,,,,,,,,,14.394582881906826,16.405172413793103,20.260221870047545,30.369417108251326,31.4482493266641,27.953925543678583,28.04597701149425,26.204354469060352,22.346859562455894,19.635472972972973,14.073274551535421,11.855354659248956,10.048205396908568,11.479961215255333,11.589421296296297,9.33235294117647,6.118408528459928,6.43701181654316
US2017231034,,,,,,,,,,,,,,,,,,,,521.6506212429654,546.2521457181003,425.15036129835613,456.8842878403729,325.1740016541531,249.87692424265418,262.8649287002125,287.79206904339765
US2058871029,,,,,,,,,241.71471778153108,179.25976017298998,189.3228703461505,174.4225793550388,179.19398360983408,62.074020930486455,57.0646300165718,45.61912076362944,58.309979882850925,57.671361360605836,86.27681361776526,82.80346141551051,103.77683767789895,78.60289789019922,74.17478510028653,71.08591438856614,68.30195417286083,68.72328888669806,70.12381798672122
US20825C1045,,,,,,602.2698389895128,462.59217985326694,383.54241556602324,378.57909152752745,375.099667638484,302.9138024345234,208.07964819622237,150.42398788056934,113.27710284224726,472.959318891826,504.1588555411972,498.4150021005996,909.8316132536664,865.5319501387336,703.7011976453075,561.0597186490777,499.5990871522852,996.5928449744464,350.6153443309767,222.09340841338192,292.8163018115103,300.2831308795324
US2091151041,,,,,,,,,,,384.00942354413604,406.0773480662983,367.05440900562854,341.39743391559745,373.48211355431573,347.57973126113,348.63379518538585,351.52142743348736,361.49068322981367,358.0154574918973,329.65875010132123,291.1563543820582,333.6599706026458,278.95583503948524,209.06190172303766,237.80945236309077,228.56581017304666
US21036P1084,,,,,,,,,,,,69.23331951927062,35.02285439345643,40.37278861936896,38.71678334494007,24.724042692631777,17.714405500586953,16.60499261168925,14.576427891316047,40.80004296974661,43.054153054153055,43.352229964310865,42.20332056790585,44.90416551342374,41.500214495725785,37.29410207323531,39.052210886023744
US2172041061,,,,,,,,,,,,,,,,,,,,,,,30.09636962541394,23.480031846770956,25.31697258008534,25.985304879055033,23.41113300341758
US21871N1019,,,,,,,,,,,,,,,,,,,,,,,,60.62280147920988,64.60636558575735,66.61956570452406,64.41172362393623
US2193501051,,,,,,,,,,,,,,,,,,,,,,218.76745196905156,303.25037600637,267.55865644084645,269.3159489745578,303.5687956784239,291.3038572953194
US22160K1051,,,,,,,,,21.833647687877008,20.13092202708807,20.8293342314861,21.579860631031718,19.533134716971684,16.970987032331553,16.438324903185016,15.630135828213943,14.533736865550402,14.276363542765951,13.912883158581247,12.535902361848796,11.488531856720705,17.21706944929335,15.307623359876018,13.943082665301057,12.463761968246272,11.721777148160813,11.126052433299202
US22410J1060,,,,,,,,,,,,,,,,,,,,,,108.07224099293887,156.2531094085372,116.38687432253815,97.07178851514577,85.86034023194478,83.96514596198
US2244081046,,,,,,,,,,,,,,,,,,,,,,,,58.55834020068835,23.14004914004914,22.895897239263803,22.414602102102105
US22822V1017,,,,,,,,,,,,,,,,,,,,,20.662548404941916,13.499913239632136,12.129965753424658,11.617823343848581,9.96321213856284,9.094399083225898,9.66626065773447
US2283681060,,,,,,,,,,,134.58103190848885,145.21277630749842,145.28601437397552,133.3021031929662,136.04054073199526,133.11730360443622,107.56081345498515,105.48636840903904,109.44212940608402,88.20418027132673,121.94913429622319,107.52811107302023,116.27127429805616,124.2364402317009,104.89863246542532,85.42314737718569,86.93602237098551
US2310211063,,,,120.16917796162647,138.13565692807109,99.61340533672173,90.52785020146955,79.62300867110305,72.65173384967436,63.305564071122014,41.62759726676893,70.35518518518519,62.01390568319226,43.057744527569966,46.06299757701627,48.95017629038784,43.16575620415171,43.80460491889063,48.28785196184819,42.0503720383787,39.546422110975556,33.94081710576556,42.91989298874363,33.21139835976854,28.406212153594073,25.77495963599002,25.746994311184096
US23331A1097,,,,,,,,,,,,,,,,,,,,,4.658521129793347,5.111801310888332,4.937679424760842,4.270303382685799,4.405570531165762,3.089655594707281,3.0256702390946457
US2333311072,,,,,,,,4677.455109731767,5497.6723564619815,5478.485774747237,4507.021116947154,5123.6996430392655,4351.062819142619,4307.67465871286,4290.938178493886,3900.083090984628,3073.585986739789,3379.2973783496177,3128.467914687529,2904.8101145038167,2269.9771110641595,2297.3221777044546,2313.295557197996,1822.908313285218,1182.9103390888288,1906.1592781482934,1950.2287870273742
US23355L1061,,,,,,,,,,,,,19.56060887321329,20.53358645364259,18.806365005566107,16.814075311266322,17.82228222028111,29.17824941045915,30.16797342192691,43.09081435164508,37.78501210998718,35.43423809999002,28.385208436587916,26.558706886191562,24.994409645046137,20.083621683967706,21.28667481662592
US2358511028,,,,,,,,,,,,,,,,,,,,18.764626262295618,16.918564319107222,17.028323218562793,15.14400466702567,11.810307948256545,9.657875504432653,13.059020510673923,13.067225130890053
US2371941053,,,,,,,,,,184.3656370731356,155.42661826810354,150.81052351846932,150.46350420179624,137.93907527742968,127.02680259364242,124.01197878044607,169.22922439829375,157.4260680666184,155.40945872530236,142.45069388931844,94.48061417569572,89.33844147751532,100.4770237482538,89.61294002607562,78.70898601818838,74.28580508666951,71.97986026547832
US23918K1088,,,,,,,,,,,,,,,,,,,,27.243079062879197,28.19782564454371,25.46477014182491,24.66832037528081,23.427170644258606,22.89280160525152,21.892898001976416,20.7391021064254
US2441991054,,,,,,,71.7840270839194,68.11798408092042,68.29214271212093,63.9290468502806,50.50141396188331,58.64454223575506,53.54120707977573,45.73184771492783,40.57353580354232,39.27613863469023,42.9242729049316,53.33460695181437,55.8463172142518,31.16740798040353,25.42487537335956,21.594249069944297,21.908852689304915,16.145892000270337,12.485975896637834,9.512600615627726,12.048871004732815
US2473617023,,,,,,,,,,,,1073.93432633717,1019.3579593764762,893.1669087284636,885.8758112898828,912.015513726736,875.8874931866608,877.6460298742138,910.167158606423,904.4013189797304,846.6697421126063,371.1996298423639,1451.1538461538462,1034.967256429981,713.3018267367838,645.1583172546858,607.5328910014114
US24790A1016,,,,,,,,,,,,,,491.7822277257531,536.2031401131378,636.5757468733202,653.919485217877,1111.7823404052292,1764.291776514049,1633.7208993561612,1185.5241326660446,1318.5774694619035,2407.6556655548334,1436.5867616201435,1054.119798747156,1285.1603912102132,1285.1603912102132
US24906P1093,,,,,,,,,,,,,,,,,,,,,10.890800993402403,8.731013600714782,11.35607420706164,8.084921195012939,5.854156042835288,6.068095838587642,6.3432639071974695
US25179M1036,,,,,,,,,,,,,902.8470807317341,821.3905230303603,985.8737654671359,820.2268605969022,454.00170891483907,456.74028338478587,251.9490397413957,213.63538604917915,259.9217439910565,680.0643086816721,727.7372137812968,361.1946909090909,238.60094820194684,312.46638044914135,297.1757648093473
US25271C2017,,,,,,,,,,,,,,,,,,,,,,,,516.932496298643,436.8204497036195,321.7362495083757,315.44456058086365
US2533931026,,,,,,,,,,,,,,,,,47.343164459087774,45.70507491096436,43.07281221704521,42.79016474027927,42.1747226657279,29.394989659735177,22.46719252121683,19.285927176344188,19.239908675459432,18.729957108813018,17.701827938407998
US2546871060,,,,,,,,,43.165377176015475,42.287247840604905,40.464612057312785,40.39190939403125,39.058324795081965,43.12872350815509,42.475513538748835,38.87687191636419,35.495580719510976,32.75334143377886,34.02876459073443,34.580281487864426,30.6931094870845,17.701763727121463,19.401520261932575,21.97314627061983,21.031961144346383,18.7456906729634,18.022831938768892
US25525P1075,,,,,,,,,,,,,,,,,,,,38.85285054341523,31.578407344026456,40.32885092480351,26.57845863902209,23.22021942069354,27.126193139773317,30.852815383209368,29.49507243196529
US25659T1079,,,,,,,,,,,,,,,,,,,,,6.544050824200505,4.771261313875727,4.151488860436152,4.289570117818369,4.500109532035494,3.339589205535471,3.251350040223671
US2566771059,,,,,,,,,,,,,,,,,,,,,,58.423599388815425,47.95175038468047,52.64480895618874,52.81535454761973,51.38062363857756,48.95065308772897
US2567461080,,,,,,,,,,,,,,,,,,,,,,,53.8090813938446,43.92033797851162,48.129127443817346,45.45356851700882,76.75689051966891
US25746U1097,,,,,,,,,,3821.592892688529,3643.582320441989,3771.7142951556407,2906.534961915872,2583.1457699115044,3109.9730697384807,3021.869969512195,3780.35485686716,3769.850209706411,3428.285507369856,3732.1600985221676,2997.0785575340415,2273.143764748593,2825.661656788033,2744.698224004583,1744.9483521602422,2082.1053984575838,2072.6013555570926
US2576511099,,,,,,,,,,,,,,,,,,28.99739762351212,28.54057389694539,25.11831794553495,22.88147572266591,23.337538295188324,44.26860197432596,36.68321779783975,31.32005382005382,30.469495716175036,29.167996917487752
US25960P1093,,,,,,,,,,,,,,,,,,,107.75184375817503,97.62675296655878,83.8405293901393,63.337397323744874,59.96774753985896,63.838405395488,60.34507050758213,58.75816276134555,60.78392016851871
US2600031080,,,,,,,,,,,,66.9225784144541,56.06865781123644,45.71353460442206,44.84375591889727,41.63078865492308,46.877563613736996,52.24450143186525,53.48994795964054,23.54479367432414,22.447990723268685,18.57828257032225,20.31850335739165,18.853898170513236,19.004387354714716,19.580276871640105,21.3300982492823
US26441C2044,,,,,,,,,,,,,,,,,,,,,3461.101608417275,2995.761393994976,3327.8867102396516,3127.6805992748136,2552.624443826474,2526.9752236751547,2419.010442402082
US26614N1028,,,,,,,,,,,,,,,,,,,129.32405830806928,99.67332437103899,38.125638252090674,138.5861844551878,137.52679315585624,146.22374346964511,122.11930552354613,110.12595293337753,107.29856289358953
US26875P1012,,,,,,,,,,,61.81849611658557,103.71621417494771,68.17685349155873,43.994414964151915,35.712573506997245,27.31099034844038,23.650255725634633,45.35745657721895,52.330833246624486,493.6291083622117,322.6994134356418,286.9510195106197,543.5770632222403,278.10082418971535,205.70256670043904,275.28513728354744,272.8814634977426
US26884L1098,,,,,,,,,,,,,,,,,,,,,,213.47290024606235,242.59684220701723,100.75215232235894,57.987066724181574,452.66866825168216,439.47484121610233
US26969P1084,,,,,,,,,,,,,,,,,,,,,,,,,,2681.2067383519543,2527.5248782553463
US2774321002,,,,,,,,,,,,,,939.1195319030371,784.620093803999,842.8877005347593,661.3834365487562,808.457711442786,832.5932504440498,777.8552728034349,666.5644764062654,687.2633451957296,819.3937212321492,649.8130011454754,664.2154064272212,809.0763300760043,794.2435514815604
US2774614067,,,,,,,,,142.5424137411481,174.74031647412872,174.1716227697536,201.28845648172495,193.9613190482816,203.25473264696114,196.8886728245017,345.12143161482743,385.34728829686014,450.50055617352615,524.9513933895009,315.2998040496408,268.26943396226415,242.66183574879227,293.8075801749271,256.18434782608693,232.23153526970955,250.52730528200536,268.3020134228188
US2786421030,,,,,,,,,,,14.392254258475417,23.8039856717299,22.410703653602205,19.241504850731538,18.00014257199886,16.84480717712292,8.476920503958079,13.957053072625698,14.015591936741286,10.943512245961438,5.940766226520364,4.929750909599776,4.54415344172914,12.309309021113243,13.406636038795304,12.575850474683545,12.36672177380142
US2788651006,,,,,,,,,,,43.22672097759674,46.774904247025724,89.91789414913707,98.11624978032921,57.12341726709858,52.99077972444807,46.71482090963202,48.48565163786166,49.075025850009126,47.155575468084955,42.91290001499843,30.63818653857765,39.83197910128751,37.48733615537457,34.88109502530343,27.977833187556296,27.229217223372764
US2810201077,,,,,,,,,,,,,,,,317.9397504172959,328.039961231641,347.1017007983339,269.60990816412505,186.6883116883117,158.0153274867662,178.18093463999352,191.4862277213139,174.43810801744382,116.14401858304298,128.53470437017995,119.34530575130711
US28176E1082,,,,,,,,,,,,21.54911457545028,20.496199032480995,18.249731919456693,18.20857022531059,16.653629919335128,13.418141116707563,14.000481212655894,13.013800317171105,11.869996797950687,11.209573439346729,10.639604415823367,10.888220139981305,10.248638318203536,9.729674494649228,7.919164668265387,8.74216380182002
US2855121099,,,,,,,,,,,,,,,,,,,,,,,,4.898648648648648,3.178121187474583,2.957946976622698,3.0827548659316726
US2910111044,,,,,,,,,,,,,,,,39.27465415419464,30.763561465046088,36.381427904806344,48.15953934740883,49.68274079677256,43.81425108517955,39.32995973446512,22.19490263800393,18.85189777873625,23.07581484915484,19.133572191841097,17.344501424501424
US29272W1099,,,,,,,,,,,,,,,,,,,,,68.3165228525302,50.155019929307365,45.321889659035214,39.03510863804982,34.906608508201685,34.98374209947788,35.09343923365839
US29364G1031,,,,,,,,4452.691488739589,4235.211382784625,3639.7206018112574,3273.831893614025,3337.2828136017615,3156.8401973201517,3225.3366108984073,3408.7926128903587,3029.598856003807,2570.644504274977,3073.8494279330835,3065.746666058127,3326.205805942509,3133.717645528588,3039.3695076596196,3527.16411783062,3368.340399165589,2615.2281452288275,3555.065227062357,3635.1938899225424
US2944291051,,,,,,,,,,,,,,,,,,,,,8.912693062923127,7.965560497206067,7.04518473652332,5.772862974471456,4.953926047401508,4.557091848362836,4.223477847599936
US29444U7000,,,,,,,,,,,,,,,,472.6198760106765,463.0223883040017,563.5638129079665,490.31157071630065,449.3836226670098,417.95043589330027,419.82098687863913,393.14533774440304,370.4749140875863,365.2432396337379,330.36823032739073,309.22496570644716
US29476L1070,,,,,,,,,,,,,,,,,,,19.709707033412247,50.264953939938735,47.15377555636336,37.07713323405557,36.180430155914465,33.26324838773989,35.87130141256553,34.54170643905613,30.91407338728999
US29670G1022,,,,,,,,,,,,,99.57690146431759,117.23336835422414,96.13070101351352,94.76961346164605,93.4013588869385,89.46652190360156,204.13233724653148,181.95979123560113,751.1654462343588,696.3780724115761,399.286797411359,327.3960889047911,254.2119166165508,266.072458010034,261.95417026786185
US2971781057,,,,,,,,,,,,,,,,,,42.806842071433834,38.6279634561724,38.057747218828325,36.71009529329188,32.05251369475575,25.531229931452945,30.827798303578806,29.389876839594727,25.497604176247936,20.809333700960487
US30034W1062,,,,,,,,,,,,,,,,,,,,,,,5402.105873733057,4939.989260207278,3999.2761686948506,4254.050143422533,4007.3468096386364
US30040W1080,,,,,,,,,,,677.291837461283,730.6475126989409,608.856945873834,522.6722518097561,372.0360605165588,319.6835754760448,301.48778277456984,193.27598199181452,164.41233025388104,105.89229654672783,84.2436017416817,77.33229129629173,75.20774518537824,62.76468461146565,45.71986888139935,47.31234994945997,47.33459716898238
US30161N1019,,,,,,,931.8232173613503,758.8579149573484,744.41271159374,616.0806195813068,474.7554483270587,549.4503984293798,651.2667882428664,1676.729655463961,1145.983226190983,947.484731597557,531.8823143388385,569.9731721397766,533.1951530612245,466.61298499895616,161.20605807975545,146.6693768511528,161.47583159296587,147.08229014774258,250.02620819792432,219.54250471763243,207.13913496612818
US30212P3038,,,,,,,,,,,,,,,,,,,,,3.943063352044908,2.0579265766139057,4.451017503366032,2.0291928355431494,1.4542727350647124,1.4589142456577615,1.3681250456504273
US3021301094,,,,,,,,,,,7.338529517323592,10.10301095989696,7.631134131078078,8.023602316430313,8.190681636658299,7.943578700702948,7.4818107273713546,7.491868975031407,9.311137338130287,7.561183814702842,5.9562885174110525,5.559256484004625,5.069320053089607,3.3598966854332524,3.0762390222082883,4.752064222896288,4.169110651699469
US30231G1022,,,,,846.7992107719567,723.7369781284152,577.6755849675554,483.8321455883831,402.88164829327394,351.36642498605687,289.3634239926977,504.4200258379179,418.64522890818495,325.2400086730669,339.89836325865076,317.74747787939435,334.46374769370794,477.175794941092,551.8484391295983,484.90061645626196,393.7966291008549,403.00019954378814,582.3916135607648,375.8691975192633,250.8308772809933,298.7777004275509,294.77047696810877
US3024913036,,,,,,,,,,,,,,,110.45007069871674,105.55383503664704,94.36065086559181,105.60048832595757,92.31050450889593,55.152421315917465,32.17892888870087,32.96117185127337,35.759677732060915,30.72227067311504,24.128362890577872,29.41963091735758,31.087350745389884
US3029411093,,,,,,,,,,,,,,,,,,,,3.47894488784842,2.734899601898932,1.7847450415838368,1.7730647733390215,1.5344594200319714,1.2212322064585652,1.0601156354302739,1.0000940883327223
US3030751057,,,,,,,,,,,,,,,,,,,,,11.135443713009346,8.109660369188807,3.972529440989035,5.034509362614898,6.988111115384656,6.497687842484063,6.187018026855264
US3119001044,,,,,,,,,,,,,,,,,,,,,36.95753962659362,37.032806494553505,32.43076514440529,28.555124856510673,24.13402859353064,22.931384158874053,22.325735489000795
US3137451015,,,,,,,,,,,,,,,,,,,,,28.786283257376812,22.697615714406552,29.393398321142318,27.01949914231435,21.934117159490725,21.827702303344466,19.839362288020936
US31428X1063,,,,,,,,,,,390.7974800958491,434.1218322390624,397.450669031114,365.29726786535343,339.1862621057717,321.5660604708245,314.6328293736501,303.0852518430048,274.28087710721206,259.9241196759445,238.6949327667501,233.904233331888,235.4592326941348,200.7585313560836,177.73875290941749,190.1599522428791,191.36105866602588
US3156161024,,,,,,,,,,,,,,4.258992543133344,5.339844789637997,5.355002085639306,4.558297504958379,4.187995372244564,4.032637053760909,3.8869503937015386,4.474822478237716,3.1367091978684134,2.6324385923643487,3.1771646262667868,3.1209361848834476,4.03402310126086,3.9159006952220263
US31620M1062,,,,,,,,,,,,,,,,,,,,,13.738415054018757,8.617781863931095,5.5953632887189295,5.149816242703754,4.154735682819383,5.369616128703798,5.207366446134097
US3167731005,,,,,,,,,,,,18.308029597149904,20.28337095560572,27.230818826563507,27.559543230016313,24.796712167914283,26.726783736750516,25.45427150821154,15.643118862670379,13.770545264805635,12.60016319869441,9.260780287474333,9.138842975206611,9.204559088182364,7.513174807197943,5.573539928486293,5.2934118179760015
US3205171057,,,,,,,,,,,,,,,,,,,,,24.913168139117463,18.671411343940374,13.198742577715683,10.854134406937133,8.974676258992806,6.506780721886084,6.198966408268734
US3377381088,,,,,,,,,,,,,,,,,,,,,26.82672162115748,14.104152351035633,8.623485052518179,7.858190558363121,6.967381386861314,6.459423737774253,6.013091195432846
US3379321074,,,,,,,,,,,,,,,,,,,,,1705.1712103720806,1429.3712732215677,1591.947358665431,1563.9844592166726,1312.1618910024881,1151.6409479409479,1100.1795576009501
US3434121022,,,,,,,,3.6982350421710244,3.5551144418306886,3.368902931292509,2.1088181284028313,2.323452020679848,3.410610086674649,3.108496630163148,2.4098950090355653,2.429768847298106,3.086536578347234,3.5662928573447528,3.010003138703098,3.322068524258784,3.0876630747061595,3.245744464496769,2.950510122968556,3.0896963291721615,2.755384167636787,1.9329197363319115,1.8332822555930126
US34354P1057,,,,,,,,,,,,,26.340786639801827,29.966735407135957,30.65051767512274,27.58234286026837,27.464362115958043,21.993277834173423,25.884751001011658,28.48834048881251,24.4359931181063,21.355438102842946,21.41285694130093,20.16853710470876,19.015136427006574,16.098544245363524,15.26063197950944
US3448491049,,,,,,,,,,,,,,,,,,,,,,12.900811992504684,11.004107048224695,10.233087742799732,10.320013700194085,9.86420664206642,10.039559339008512
US3453708600,,,,,,,46.605923612891196,37.834083426977394,36.84667411927081,31.312516308602245,31.447185818686464,44.798323021266526,39.54898646028816,35.22573827276463,35.75365730119477,31.31019555259092,32.62144547707129,30.75729817194667,32.10521080368906,29.86082984640506,21.704149983160573,24.63198203976908,28.990041370414648,27.541619468831826,22.132534465414377,16.724980277085663,15.929288834111745
US3546131018,,,,,,,,,,,7.02676448687856,8.684580321009253,6.438977934644167,5.261838788595756,5.097606731267609,4.5452899425426105,4.412040400253087,4.72986748216106,5.368098634036167,5.119830968910353,6.472829993146907,5.133184011026878,5.117775044934254,3.569450070616057,3.509225750547938,3.9789224245447743,3.561755478893838
US35671D8570,,,,,,,,749.0281442160762,540.5883775148951,566.7394769466911,488.87390424814566,663.9461436170212,540.421962489807,451.0585242917814,565.318267629095,447.9172549202936,477.6219960418434,554.2131369770165,544.9731488458114,513.7438947633434,411.16537344945897,494.1754251463619,506.3892097478518,341.83532501641497,349.9244073748903,357.01798293590025,320.5517972893341
US35909D1090,,,,,,,,,,,,,,,,,,,,,,,,,109.92880594435805,110.6169361850113,107.1514232777497
US3614481030,,,,,,,,,,,,,,,,,,,,,20.307884488206334,16.706127134452576,21.30830301025471,21.05694289804358,19.365278868813824,18.16358352824438,16.163355408388522
US3635761097,,,,,,,,,,,,,,,,,,,,,7.293192962215172,5.911605281445448,5.9360900108515615,4.9520062367529905,4.271279208476598,3.62612813868287,3.1607370033492286
US3647601083,,,,,,,,,,,,38.978587025427906,35.49243044189853,33.464361811808374,28.37166954188231,26.15011146891256,30.414298752662003,30.456542381464836,28.853248259860788,26.15136076357539,23.38015681544029,22.127998535066837,19.577898550724637,16.537912417516498,17.741290983606557,17.15761089389241,16.871006230942594
US3695501086,,,,,,,,,,,,,,,,,,,,,,,18.82663150955834,18.617094283708962,18.559291496434643,17.301428841786525,15.327479252242435
US3703341046,,,,,,,95.42018674966651,93.20847190617889,87.76000662965112,82.54204679451375,71.81141335706192,68.80873607079789,68.35074941229226,61.008513258718,59.17298020362983,53.345273829858975,53.56596265687175,50.97642123535368,52.036638809301394,49.97526930760485,48.225486401641504,39.32480501450847,49.16141239261321,44.74539836087599,44.910983518526166,39.603960396039604,40.19837900036681
US37045V1008,,,,,,,,,,,,,56.344872853855684,53.14311666533578,55.2755490752417,51.99709831625136,48.34033438295634,51.21367061356297,38.59592499098449,41.805066351622386,40.610068752592674,31.346794231876242,25.67498877413561,28.19811187049227,23.261211599196095,21.216268432629974,19.4505286968769
US3719011096,,,,,,,,,,,,,63.37173190503551,60.390989311968994,62.62050274655317,64.03371039642826,59.73430771769705,58.99840504580797,58.87755557871853,58.8403747786055,60.56549825960271,49.85106759546118,61.79402898609101,62.3653367375821,60.9408856264702,52.16476058132884,51.84683099657029
US3724601055,,,,,,,,,,,,,,,,,,,,,,,22.66524677681234,17.78611176910428,15.591212027639605,16.521867547024527,16.243326132480227
US37247D1063,,,,,,,,,1.5259769698068728,1.512808988764045,1.2997764715622153,1.5024192752048977,1.418471399436729,1.357624181748171,1.318688913022016,1.4621340687314384,1.4398370587006475,1.6075801749271137,1.6393150196218338,1.6606432959884352,1.6352313167259787,0.5320279115721872,0.7225947689826017,0.6467578974293388,1.0065403096636412,1.0304728067778082,1.0479433018343525
US3755581036,,,,,,,,,,,10.022208686688844,9.682108388991194,8.237833703590955,7.736974529396865,6.749382660190134,5.846083197460954,2.6310164724789074,2.8440515947179756,3.0453109575518265,3.538667790247826,4.941745378948796,4.506035903603724,4.514196605775852,4.144808643105658,4.0274916608628715,4.051998819884939,3.8211727064060654
US37940X1028,,,,,,,,,,,,,,,,,,,,,,9.330824049062969,6.682011509844741,7.044072793210321,6.2736232962676795,5.832458690678331,5.57189695439117
US37959E1029,,,,,,,,,,,,,,,,,,,,,,,1.592679624906749,1.4962370536156167,1.3317593835823696,1.2447836479375158,1.173575462667545
US38141G1040,,,,,,,6.963135493816817,5.839091055748888,4.244546018196761,3.6818388504910877,6.742175105918363,6.802140382791787,7.253638479778972,7.919278123556111,6.245415706605223,6.221387679209277,5.834202320069852,5.624419342556162,5.305944517833553,4.646096011954796,3.3643337971494116,2.754042832167832,2.797838547674398,2.6014094692948038,2.458805722518956,1.581693076795366,1.3518324359691927
US3825501014,,,,,,,,,,,,223.29918409913503,180.54375531011044,127.80726490095313,146.4400724085366,159.40552712384851,154.92336531039805,171.43586936690386,179.13748515635308,178.33829745724134,169.11147011308563,152.18718209562564,241.28244460676893,179.13948964412404,143.6673876472002,143.8752118010565,152.92933573471765
US3841091040,,,,,,,,,,,,,,,,,,,,,,25.795771075517376,28.080467118958374,24.29201331449662,22.2255811816166,21.698337497711336,22.54324483418476
US3848021040,,,,,,,,,,,,,16.977209356853468,16.929174065709066,15.280034904852434,14.49041181178835,15.094401348405759,14.161191427102375,12.090020088379399,12.302517693766188,10.30630068621335,9.160369145046143,8.4791896244808,7.52572569497773,6.304176516942475,5.4169195290690615,5.1992078285181735
US3976241071,,,,,,,,,,,286.87133068870446,305.4570768705043,225.28239243111165,193.7614007617652,292.36972907381045,195.99470222871759,185.31775018261504,227.32227896035343,232.33820521182295,213.0002686005909,338.4129776719878,266.58905704307335,275.61495680464265,221.21227338924322,181.46692645553318,213.69348391353282,199.93246309979847
US40434L1052,,,,8.092071382190278,19.16553057924606,19.224075611127475,18.90158225914839,18.185231112274035,16.136169896153316,14.94645726332996,17.71569626865043,15.935631044735313,15.38850084842745,14.817899356161313,14.862372961275819,14.8778246634491,3.314902078282897,5.650839501715111,6.806228942394609,5.904730093340014,4.914344157504474,4.333151506886677,4.281478141744845,3.7475527601782055,4.10484585919074,4.623645784267546,4.554734771149635
US4062161017,,,,,,,,,152.7139619623178,238.12074161425576,209.98982438864272,254.2419080068143,244.7632003560897,203.43843892222804,177.2154860891836,399.2343037888579,106.38378460602372,83.6106715186392,132.09038836784794,226.79471387002909,191.85780370910607,125.75919314530525,259.94510211145723,243.67662634847989,211.29043701039564,189.75306282040142,190.36506276150627
US4103451021,,,,,,,,,,,,,,,,,,,51.158695988636076,44.90134298398649,36.10782258260085,23.00958400143076,31.04308747289683,25.985261511136205,22.2846967667418,24.704414405831397,39.70048793449806
US4108671052,,,,,,,,,,,,,,,,,,,,2.5383889177889523,2.8166347445126916,2.025824244703523,2.038552125945209,2.1082710298665206,1.941390621057564,1.790231174486048,1.7293305506501846
US4128221086,,,,,,,,,,,,40.19382227240891,39.214811803554156,34.242813947214394,32.854905988811765,31.17643908206822,26.89087017308158,27.766945402493445,26.754127186415715,25.522451384963656,21.250420903028314,19.170840180395015,22.663654613273508,18.38911846917382,16.06045389070273,15.83660556931766,17.820229112273807
US4158641070,,,,,,,,,,,,,,,,,,,,159.4518444216838,171.92953935832975,194.69629763616365,168.8991256872819,213.1671787314319,86.00551066268233,94.7291860479165,83.67294233654694
US4165151048,,,,,,,5.35971444938968,4.539513453741246,4.807257428346043,4.634001287927573,9.05309868770386,4.106451982143539,4.612701056230004,3.859301956156674,2.778819924517021,2.371111701925633,2.778884248848913,2.3508249932377603,2.0282618165976913,2.014479957619636,1.698924164117709,1.1981104791285067,1.1042732543975053,0.9073693613220187,0.8092299436544137,0.6876095731234966,0.6375940418131639
US4180561072,,,,,,,,,,,,7.486823205907058,6.831309385104697,5.461792999748693,5.930814581523083,5.478966144614232,3.4515514446693834,3.0943163914901577,2.897114678568284,2.5098938880743953,2.6288058072610854,2.145235811752274,1.9489728462999247,1.7206093078312878,1.5843393037034508,1.7428497191853376,2.108572119453512
US4198701009,,,,,,,,,,,,,,,,,,,,,,1345.382889660165,1432.2260662267058,1443.4045437466386,1181.9667903532484,1183.039276338981,1352.9037066944113
US42250P1030,,,,,,,,,,,,,185.7921146268048,142.47652409373902,151.54925338897536,189.5910143351185,165.41305015450084,141.19596705047147,138.5105091909649,135.77751484227574,124.9793520623052,142.91265134637078,151.60281807834718,119.22038514951788,120.70874326653323,145.96029223811956,114.9508326085809
US42330P1075,,,,,,,,,,,,,,,,,,,,,301.3971003679283,271.04875722993074,280.3947897567326,333.0230848578983,271.9651929904936,184.11076599096862,174.7827184666117
US4234521015,,,,,,,,,,,,,,,,,,,,621.2260740971824,528.5348371617915,318.72193924227395,527.3728041250755,808.4817865472046,500.38015044754746,382.7655161910308,392.9247428686263
US4278661081,,,,,,,,,,74.15970514579773,105.61630683483064,77.42034413177046,72.44710773691243,61.42059219956361,49.02658719145511,44.85256880031693,41.463705144111216,40.79007113667323,46.0418906475528,50.703845663572494,47.91973989705392,44.4143260192641,42.68318944493669,45.90062774366853,38.590330592456645,36.85528838713006,36.73266731909436
US42806J7000,,,,,,,,,,,,,,,,,,,,,698.6334175084176,678.9868084671234,1262.8018257892734,563.9288440567067,409.48647092688543,379.51019101483297,393.0146977566582
US42809H1077,,,,,,,632.8715711468355,446.83958324174614,434.538425909431,356.6530792808165,231.68164703024414,152.49506433385525,148.83940700490226,149.74262985493684,136.63739354222494,244.12134266738468,526.2177516997299,693.1886678722121,860.9827803443931,704.3541895353092,673.4145184247983,547.8060046189377,608.099421469895,356.8758196172889,230.27993641822678,248.09152316620683,202.20921215880892
US4364401012,,,,,,,,,,,,,,,,,,,,,,,4.287982009392156,3.933304208533566,4.862401755525203,5.480815257098229,5.3862342163901955
US4370761029,,,,,,,,,,,,46.43819511605416,45.19455270085445,42.90091625825698,38.3314028846419,34.36934730751662,31.720520342406463,27.056157435126924,24.78231407579682,20.966859589312612,20.493394573606704,17.654797006123836,13.783967905533268,10.909187136553385,9.891806382343411,10.885851089612167,10.418721867673057
US4385161066,,,,,,,,,,,,,251.95333792566413,199.70191780821918,162.15138722952344,147.45765705801034,130.5546816851089,109.33957129156839,65.74423693450714,62.367197907929146,55.90237309219655,65.4080470729249,66.09973343138157,53.59830774598744,38.736028872723175,38.654001418362334,36.81056158761494
US4404521001,,,,,,,,,,119.29245652297249,206.97837141922466,132.05932350907602,187.59701840770455,180.49558603980807,92.32652243666907,95.40345693919355,88.92496581088533,92.12503419214096,66.97663777068104,75.28270336499583,79.68866484618626,76.74704423595027,122.49174640623428,90.22448911390713,85.80494516141533,87.56906867203986,89.2100102588003
US44107P1049,,,,,,,,,,,,150.98196248196248,143.59477124183007,117.01020408163265,111.62618236852062,106.01180797522261,89.70769518117295,86.17950621867459,76.15174953959485,72.3786894375348,62.92831281679942,43.431340281587126,158.58333333333334,104.99965397923876,61.687996739351945,54.86876294483148,51.268121041520054
US4435106079,,,,,,,,,,,,,,,,,,,,,30.993149920788987,27.89174471792638,30.324892498805543,29.951360244152497,27.407991269023224,26.80321614025945,25.586035355778627
US4448591028,,,,,,,,,,,4.338460953782568,4.032568815132769,3.7187972862337446,3.381977628149435,3.8266114604099575,3.127344903541258,2.5129072164948454,2.2163421687634695,2.0681513084094965,1.9098331690442092,1.9850822322181614,1.549207865861176,1.2658285269911218,1.1949340267745352,1.1246688919995693,0.9435764378513547,0.8523365120880427
US4456581077,,,,,,,,,,,,,,311.5556054308942,279.00466470688315,252.54634599506392,228.7529797138599,227.93207626939227,252.88099582348087,251.08977340502238,221.89111529663697,208.12551048753892,179.71233134434823,161.70053964801335,119.00021054409414,143.439286996192,152.25009853395377
US4461501045,,,,,,,,,,,,27.843530287154724,27.8852798462467,28.517241564279374,28.18300915191543,29.737095839302704,28.7792055936428,26.9547937361421,24.329783351475687,18.338954468802697,14.120113851992409,10.645623342175066,11.486445208094693,11.881578947368421,8.443270440251572,6.226716141001855,5.611905359083688
US4470111075,,,,,,,,,346.55822884897776,363.26232022215777,318.40616740088103,445.19154965863714,389.4935135135135,315.98966224044204,311.06793599713956,322.5507717303006,289.2441699775436,115.9009612583746,113.08325566946256,133.1958602536492,112.70999040409426,142.52993967927026,173.52957793286805,114.09795338932923,110.04175495450579,144.47144493536246,146.26656726308815
US45073V1089,,,,,,,,47.66200368909294,43.41756426183737,40.92977019537281,24.572630570852006,29.17208491907011,28.931969076853115,150.12128362435112,142.78974773318967,127.40077696343465,119.83236645822346,39.22835532668169,44.20387461544857,43.00235949406258,59.15667917380059,46.17411467116357,51.897651142142216,41.55587703435805,40.885631087458584,37.20804142552544,33.64475170077396
US45167R1041,,,,,,,,,,,,,,,,,,,,19.508256853459432,17.075641410721087,14.783692439547771,21.23151188571749,19.358362268518515,20.164052924353374,19.282812547725953,19.312897699461576
US45168D1046,,,,,,,,,,,,,,,,,,,,,16.786234853667153,12.499854585218879,12.571605912094448,10.620583698248407,10.398464774996407,10.570198524810344,9.92866203601074
US4523081093,,,,,,,,,,,,63.405973077309994,38.63997929223605,32.1373138393136,33.03514840437403,46.05291828793774,40.58278099972383,47.54330473703842,48.533274505478346,42.47484979740115,37.0329767063922,38.356864412786166,42.69603944647686,36.92992044275337,31.980730605071553,30.741540944930776,31.145678701723487
US4523271090,,,,,,,,,,,,,,,,,,,,15.809229651162791,10.322232223222322,10.322607959356478,11.39672738499537,8.821034025629695,8.536212914485166,8.894316163410302,9.162854528819762
US4581401001,,,,,,,113.12812417784794,99.67547519703291,109.3776496523656,100.9547660040695,84.86891395732454,81.93150567939192,71.05302248813699,57.852923202281524,31.607956356273785,39.462700159368595,35.79738679076427,29.319844639147323,41.44004580126964,69.74076257548478,68.23057813911473,57.66692142013479,54.80884071557913,56.87133022879125,63.04120277857075,78.99977871210444,80.67644677124724
US45866F1049,,,,,,,,,,,,,,,,,,,,,,8.50450588055598,7.030810286268801,5.146224146224146,5.470703730494988,7.533676663637282,6.343508205084602
US4592001014,,,,,,,25.516735380557257,30.991298527443107,33.09548914945747,29.981880023485108,27.382041879764547,28.240731844858914,27.385140682887755,25.721529050843653,23.85541638359153,24.447524335595634,19.2633280527626,15.77489876561334,18.725421989764637,15.891823247703408,13.880828234348105,11.92139681387481,10.602648736756317,7.131647776809067,6.228316537254254,6.094406724862593,6.007680907685688
US4595061015,,,,,,,,,,,,107.36158076966397,89.63300394759618,77.75915363530652,83.93866478394412,81.31068618739027,79.89585994386331,76.68756402593421,66.29005086078264,61.913326756345555,72.83900924667238,53.727137533160935,365.61872878123944,147.76098146877146,123.09212218649517,141.16743618782124,141.10597352838732
US4601461035,,,,,,,465.789885705339,612.7902643482591,595.5899067969993,596.6754225673824,580.3697289459906,718.9934092270821,635.4501767345804,603.0575401398172,510.1857507275536,460.7977991746905,558.9194224499302,585.7366420746703,602.4953745433844,579.4968495607782,407.6203552733202,438.41616017161243,479.59183673469386,467.9027010277333,426.2558480223052,467.0649185874392,474.5152800902304
US4606901001,,,,,,,,,,,,,,,,1.9775915083610631,2.0435313316792927,3.8693819117917463,4.3755384497744245,11.859078453262967,9.524108539899531,6.573332159314373,5.319942611190818,4.662376595349927,3.9863421731730084,4.000436208020718,4.074370773590728
US4612021034,,,,,,,,,,,13.284078397475843,13.360313077621818,12.943162633652223,10.814010853478047,11.389971421148351,11.070707070707071,9.56787429070275,10.082796688132476,2.6500412201154164,1.778984173721016,1.1197966317127424,0.5935176090921847,0.1689775819619023,1.8089188715612405,0.31715872551885416,1.454352722936266,1.2787324517970524
US46120E6023,,,,,,,,,,,,,,,,,,,,,,,5.962738619676946,4.970666012854416,4.612837902992511,4.700523574907708,4.009410806862944
US46284V1017,,,,,,,,,,,,,,89.48789980306518,97.39739223460238,101.52373341952192,83.67757826059204,110.28645175360441,96.68476268940522,142.9980096620066,121.47539815905347,78.2314201901945,83.25934892109748,76.83749705835271,63.43554536487568,63.85904101042847,56.90588267241028
US4657411066,,,,,,,,,,,25.931432180237564,31.53343482787904,22.53943860652396,18.650159153765383,19.23616894487044,21.163805313004175,17.295149888592718,15.583958444051685,12.822809218820318,11.380355832458378,12.118931853944902,6.94222108556746,7.738238203694758,6.95659809484591,7.813143948085393,6.550323812713554,5.833244907382181
US46625H1005,,,,,,,19.058120500589652,13.200533153112563,9.938057642343558,8.187549955738142,13.234818850932594,11.41029299847793,11.462143321065165,11.748661124835458,11.092988450569,9.55888096167951,10.40066205707794,9.756196302015283,8.045690619254318,7.221384299334539,5.889523026816424,5.126813273230259,6.489618001127387,6.856566720649046,5.899303344207749,3.8418074553087758,3.352172477690292
US4663131039,,,,,,,,,,,34.32115873791891,46.55063503678793,42.50967161702582,41.94427095626499,40.253063623710176,55.82388300208497,77.6929857411809,70.66456392833769,78.55043562449043,37.54892547517097,70.0111604199467,67.6666307862458,74.1693925427973,59.57196913962941,53.26260637989927,33.498923895498294,40.766569661695165
US46982L1089,,,,,,,,,,,0.6068428397747605,1.21820212409643,1.3058118685423499,1.2803482171819636,1.2380177888049622,1.1251171498857238,1.0649115280555606,1.158736153018051,1.2790796101211617,10.236858698262827,4.737632582750105,5.427178415090245,4.524253202756808,3.508304804746093,2.2247763294749685,2.098549683356717,3.0173774720032487
US4781601046,,,,,,,,25.29991685473334,24.69807216262846,25.82862754726246,20.032315246207666,19.95350639287098,19.013319057121073,18.61747566844509,18.013328573128643,16.671182162389567,15.791769801980198,16.412363190114014,16.139934066851204,14.830715098559862,12.941101481962711,11.840699984157741,11.769119926377991,10.564841375633165,8.300116912252614,9.10712901748494,8.731651298679367
US48020Q1076,,,,,,,,,,2.069323077213126,5.6024163826473,8.334099235065723,7.5124426914974745,5.98276935643697,5.818456429593956,4.859701393516349,5.16262422869591,4.890313260654166,4.21615411806292,5.559499981117112,4.9372352714670775,3.539568919107531,4.299951685936113,3.346762511769392,1.769093236059649,1.7777253285037187,1.5750077881952298
US48203R1041,,,,,,,,14.37452519379845,12.879414828963363,10.461248028975122,18.508690014712897,23.999430624214394,22.6872062553472,25.710600536020674,22.65611398726348,17.287699985007816,27.121307082189706,21.464243072996005,16.130939259734273,11.907622533418206,11.440989779451318,12.415305709272507,24.30429011720771,22.406554884487058,21.828076661887874,20.795219696288974,22.807276884263636
US48242W1062,,,,,,,,,,,,,0.9927725356354146,0.9923102273975613,1.1214929214929215,1.1390910339145957,1.0452403393025447,0.6416797488226059,0.7666354264292409,0.5034763845600575,7.918216975371463,7.549315481468345,5.686410612103346,3.993193895626107,4.253010359536868,4.0133352501437605,3.605884784293464
US4824801009,,,,,,,,,,,,,8.05523074579314,5.603689865287122,4.027439323832202,5.765277986664661,6.939900180230141,7.031337790763008,6.005531483246307,5.153693172916635,8.098842223035849,6.2095440601536795,12.144645019213584,9.334397294442908,8.255175688490905,9.191921729854343,8.19575480939032
US48666K1097,,,,,,,,,,,,,,,,,,,,,,,3.7067547273912105,1.918276730021153,2.0535139031162077,1.9433350455938099,1.7976688889575108
US4878361082,,,,,,,,,107.73194458452143,99.77921195652173,100.2593199188894,106.83172962226641,104.00895377914011,91.51371419912108,85.07417059942242,81.6521092482423,81.74897119341564,87.4924214417745,95.59897033963423,83.09989940416312,74.1123495976969,66.57828840771836,77.9161220043573,73.1305267611593,44.76003917727718,50.97271757354062,52.46403639501138
US4891701009,,,,,,,,,,,88.74959477038355,147.3824318380344,111.8618557195473,91.17801152467149,88.16898923776354,90.23293266522866,82.09066262160462,100.97640109354886,119.92314644871162,96.03824134047639,86.48616592000276,85.41928731541566,101.58847974895313,83.21447363547291,79.6386959507656,76.66097575439944,67.22350133606709
US4932671088,,,,,,,,,,,,,18.04810932235118,18.024400684931507,18.572242929182195,17.391016871865023,14.607676396230751,14.113505108840515,11.306679035250465,8.798631333721607,7.458541863925335,6.23641798804263,6.425241924492299,5.622007670942997,4.6530135301353015,3.4146388381263826,3.843871805976613
US4943681035,,,,,,,413.04232523602417,391.1310100235182,371.4120225235715,327.384211102595,289.4669070306464,277.2691603452786,263.3444748303454,244.65125203876045,232.6354270521768,231.65658093797276,248.4283106874873,242.05260609972566,247.22557960663664,246.45380360370228,210.645894190198,199.78319783197833,183.07210031347964,170.6275720164609,163.02354399008675,157.06524399197298,159.98604048260046
US49446R1095,,,,,,,,,,,,,86.10506899728107,77.37305301389956,76.24418159447971,47.76834239489243,44.25911336889033,36.18025504620023,33.84375704651211,42.405528157930235,34.802760931075674,35.563305769637715,43.21964867711347,31.897786052431304,23.142381242817134,22.222090685630896,20.260630489901327
US49456B1017,,,,,,,,,,,,,,,,,,,,1277.9319409960567,1358.294038989373,1379.5194421284014,1538.4615384615386,1065.623118603251,942.7083333333334,1193.4263727664015,1211.9205298013244
US4972661064,,,,,,,,,,,,,,,,,,,,,300.43454448568804,287.1689286812742,370.2206126163301,362.7607203582207,277.7983261717193,245.98594920495273,232.86248467486212
US5002551043,,,,,,,,,,49.028593031792305,52.58630788943804,50.03964373035278,46.73922027078462,46.93809827696235,46.13761087193319,45.61047764174242,42.48688429795511,41.07493230576963,35.53435727282457,30.647970200820556,27.383113352118247,25.35446079903875,24.649514258853024,20.40137909741162,22.35655873577191,21.005815610924227,22.71259478453856
US5010441013,,,,,,,,,,,83.36867105263158,85.36282955182256,79.69613938604923,71.00377320910881,63.10871205465577,62.06689707750953,56.2930991564099,59.81042520258581,62.871637028880585,57.231311115211085,48.838967663128706,47.01893920808596,38.41833839001343,36.628227256904154,33.937736918075245,34.02458101314641,34.18045444967816
US5018892084,,,,,,,,,,,,,,,,,,,,,20.141244931030354,16.192326486199665,28.469330104576297,25.656026082125198,26.363295294669378,23.02711668830232,22.24270289097875
US5150981018,,,,,,,,,,,,,,,,,,,,,,,0.4080862976805806,0.3791802520478409,0.399880425671705,0.5506766491081241,0.6052889344453052
US5178341070,,,,,,,,,,,,,132.02801268082476,111.22222523296507,98.68268115048856,78.59433829694292,71.18504861096683,90.15712162619185,94.12072217353199,77.81809501630181,71.46908004953019,41.02110779532717,177.57585825027687,118.42347661785546,144.7,50.501831854994215,46.36263055408037
US5184391044,,,,,,,,,,,13.90944821601756,12.298379014044981,11.648341037741544,9.502489670515944,9.135637008394607,9.056712268144386,8.596627612846666,8.387983080871987,8.393080047117566,7.204949487038922,6.432295336057489,5.1220589162934465,5.5097829457364345,4.6559376233714955,5.483607138491627,6.569816852230055,6.536636794939378
US5218652049,,,,,,,,,,,,,,,,,,26.579999341072075,29.234114325128253,24.544290809595935,22.180911175733502,21.61057631636068,23.818779149922268,19.36495164329729,18.469856161596823,15.529277407753048,15.636488457907834
US5246601075,,,,,,,,,,,,,,,,,,,,,143.1202716945778,112.84208311415044,133.67529554693706,97.71005007294089,86.71945129889055,98.94186612490212,106.65434802445478
US5260571048,,,,,,,,,,,,,,,,,,,,,,,,1.643121608912362,1.323957909192507,1.3022090787099345,1.257820926749841
US5261071071,,,,,,,,,,,,,,,,,,,44.156414762741655,43.78060214605688,41.40168387445609,36.64110107165371,46.25629454335324,40.080112539042936,35.626483553747036,33.742146570585525,31.471739089734708
US5324571083,,,,,,,164.35304050397247,156.78914054338253,132.01892804792556,116.77891968765933,89.90484836588477,74.26355559626305,66.28982492633038,64.68614250715419,71.40518683029987,68.35950175441633,46.28968779950652,43.640116841277234,40.47667290230468,36.377468705320645,32.0903089710332,31.810748448665965,26.2838327940733,20.693259506186788,20.60165233660577,17.231223680624545,13.054279605796278
US5339001068,,,,,,,,,,,,,142.1297360799006,100.60155119308273,95.33859471985201,88.96118760277649,81.64221397890893,82.16173967018575,99.34608685253849,87.77674093927408,71.06542335028465,62.5747518040324,71.50071552308503,57.776623440872186,51.33665726278053,46.06506862714224,48.167596734078884
US5341871094,,,,,,,,,,,,,,1.590291984377906,1.4727428326914849,1.3734529445967274,1.1841562269712602,1.0130469838012168,1.029398630544805,0.8986036067644376,0.7350313050878367,0.49117119203381,0.43620620448420205,0.46999479979199166,0.4350511073253833,0.5037745344740815,0.3411890733797536
US5370081045,,,,,,,,,,,,,,,,,,,,,106.46459520922123,129.62863220498008,147.05522257460945,95.25233565777278,65.07824306246438,70.65816155286188,76.20204421463158
US5398301094,,,,,,,,,,,36.40303292691489,30.427449157980924,28.83280571141628,26.548893524591925,26.164575473697596,27.216742360774283,24.80875,21.814250411861615,21.952357771757534,18.901622002820876,18.005673152040476,15.303283622015648,13.261261812287838,12.610509516138656,12.65826564015519,12.145935386482366,11.552341539630929
US5486611073,,,,,,,,,,,,,,59.080209543610756,57.370519190039786,54.26017934365464,51.55214058303541,45.5361072553069,38.54711937120812,35.296346492953845,33.740481566141725,29.23157953096413,21.9985044142103,16.135064935064936,15.236626264942212,14.830336779466757,14.879173936945765
US5502411037,,,,,,,,,,,,275.6021574355394,256.5925265716249,153.69878183831673,128.39736612973442,129.95523625310858,123.01314402972658,120.08491620111732,92.29765311963365,135.00234367920254,73.57217037068634,69.58517164412302,73.42207753959057,74.03133489104485,83.42117748026091,100.16042728584186,111.23247940189198
US55261F1049,,,,,,,,,,,,,,,,,,,8.392016102436495,8.275546284078686,7.458273499774041,5.867944664897155,6.05764289248667,9.720301000134626,7.050552417831211,4.047757214554579,3.836839366684011
US5526761086,,,,,,,,,,,113.87428091746291,189.1905069892898,177.28004339413033,201.32295941092295,141.26945203873908,101.13482588426561,100.29033674341312,89.02419860075975,73.03901765653391,65.93322351601131,1.1513054871173842,1.2594750539967625,0.942527845840689,0.6997587668716654,0.6430584749493135,0.7919677199385035,0.6766589646179315
US5526901096,,,,,,,,,,,,,,,,,,,,,,,,342.49312544701536,279.13435077024735,410.4916110913096,1087.4988196666852
US5529531015,,,,,,,,,115.56188471612703,106.14775502276044,111.79221079000057,154.3006217687819,145.83834850719353,124.3688618824172,107.93290248473093,98.973117943157,94.31832593532023,86.3166846239526,95.60308815296494,78.64315973351748,88.67376211058351,59.23579681427546,166.47810827976383,81.87522034191247,57.6290312519875,46.7717578592412,43.72779398795108
US5535301064,,,,,,,,,,,,,,,,,,,,,,,,12.769427208981565,14.170221128618074,13.447065114869384,14.19122184206103
US5543821012,,,,,,,,,,,,,,,,,79.08121494510418,47.18563463568405,53.981171466251645,63.8533820798604,79.3095723760024,60.29803463692187,126.05137644966773,76.49259620098942,83.32435017350878,94.55284372785259,66.11110164780285
US5544891048,,,,,,,,,,,,,,,,,,,,,107.97133351790748,86.57079395396791,108.76150601853277,76.96424620426127,36.14377240564805,43.79162644156876,44.46386802034049
US55616P1049,,,,,,,,,,,,,,,,,,,31.32221273954535,29.559345377947015,23.223590660087805,21.588567368047055,22.302481074211194,18.53483314882176,18.971310017783047,20.185118874130826,21.072155089976526
US5635714059,,,,,,,,,,,33.53231179213857,45.720668323375456,55.04758570200847,47.356992250609274,44.03947033358798,42.72201773671599,44.49839186929113,50.33558414343093,107.21158018721717,109.36760892936192,25.139159627463723,21.56861676026389,29.051544963281138,21.96895709801186,18.45116851168512,15.932309902145613,16.296602387511477
US56418H1005,,,,,,,,,,,,,2.225585031669891,2.173043715350359,1.5930457491053294,2.2548085232463397,1.5077927832469609,1.9079250280653286,1.4691591067512633,2.60331934031558,1.7640692640692641,1.3208713782443022,1.782456530192767,1.4909478682133137,1.4524776194679108,1.4391604324724419,1.5246528769624563
US5658491064,,,,,,,442.0073113991359,334.32316199057954,318.6074069128962,313.52607385206016,253.0224046140195,86.03259748297916,61.20042392488767,322.00845954427615,265.0787552823665,309.6464126330244,424.7528377883559,582.5589706933524,996.084189916789,1204.2237699393395,1098.8103106411104,866.3414634146342,1186.739269698911,598.2905982905983,443.56435643564356,520.6880520688052,512.1170553269319
US5717481023,,,,,,,,,,,9.86735134202123,10.90908605737158,9.47570710900474,8.750012146451501,8.457953706809795,8.891711116548406,8.210981391398347,9.545877608004343,7.780107486185754,6.723096120935539,7.274648829431438,6.555308671631035,5.985078959591268,4.979162462159435,4.4616795366795365,3.403852920478536,3.164199852808897
US5719032022,,,,,,,,,730.2026927784577,675.6235560588901,605.6652657601978,685.5326086956521,738.3870220162224,1019.5428900402993,1470.274802822748,1420.7348576012837,1292.1897117840203,2392.8252801120448,1820.1352807714125,1332.8720998245271,1305.1388302972196,953.9329983249581,2743.2501179801793,1744.4401171303075,1192.6538461538462,1054.5909523809523,1003.9170444242974
US5732841060,,,,,,,,,,,,,,,,,,,,,,1092.190500305965,1078.246897397408,966.9375692648689,796.1757592481374,501.68211060615005,520.1958384332926
US5738741041,,,,,,,,,,,,13.325915602415797,10.358833996466673,10.126612123641337,15.193316985574207,14.141111502761133,12.98691138810935,17.661422510884766,20.771687476323244,20.398089421610653,16.798852393632334,17.835912715099248,8.27882380679713,6.836705858730638,5.691431853503615,6.028328817935524,5.748617203890902
US5745991068,,,,,,,,,,,57.630208333333336,68.26411704312115,64.22853003161222,51.43203428418374,49.5859264041317,46.98923283983849,45.070179556390094,53.772472696723604,52.201033029767565,41.47043432757719,30.147146787893288,26.837632324437156,18.781302170283805,15.880597014925373,14.285714285714286,15.438684573867203,15.71282575370465
US57636Q1040,,,,,,,,,,,,,,6.081703141283311,5.543601574162031,4.8970031167585715,4.312340335690911,10.2631633391952,6.635486265775798,4.616067856285508,3.8059531772575252,3.3026713261861045,3.53820011763937,2.9655793264138954,2.3408733192427036,2.0740298031715674,1.8480491355131892
US57667L1070,,,,,,,,,,,,,,,,,,,,,,,0.03220047598158133,0.29772629226183156,1.1330128200102672,1.0738581377819731,1.0384054828269347
US5770811025,,,,,,302.41325779722183,276.9161787305993,281.23527712600236,288.5645989243483,262.1764496012623,32.6659233977954,34.99786221152285,33.28697217220397,31.387706456249777,30.63077013886412,30.328420272843402,32.6498073730303,34.48884397380639,36.04345706614865,40.28646129385567,42.87150188035431,37.64664826017838,38.69549661187784,31.201370676988887,29.507495095853727,29.472072342612933,29.809950505116973
US5797802064,,,,,,,,,,,19.70849335767802,23.404655242630245,21.682749940062333,20.253948507139768,21.734343082058693,25.051413881748076,24.34412707390649,21.363033307729907,20.805168310098605,25.959744316418774,23.16681765238773,22.300557280173543,15.844000499883956,20.771300590386048,20.606408944177623,19.96937948425445,19.78672457129259
US5801351017,,,,,,,,,,,,,,70.31770717618308,68.59589364094751,69.4876839929267,81.00928163024346,78.79006807539449,38.65684614103704,29.661005065643018,29.24937693815041,27.116409270989017,33.05979862347588,14.562134789367391,14.028970003364593,8.338020765914717,8.200887345679012
US58155Q1031,,,,,,,,,0.8126189384511254,1.2327546995594005,1.1519626965744239,1.1344730936527432,1.1180456704952946,1.237321500066729,1.1279162012077646,1.0768402264894141,1.0887286715461293,1.4997919223176652,1.451220877566184,1.4763096153658941,1.4836407234987214,1.2381159839071774,1.1919821901262935,0.947460370575006,0.8027476880501492,0.7748801018885196,0.6780108130697103
US58933Y1055,,,,,,,62.77628102848474,61.784761878801916,60.081286446368615,48.93646916855734,92.09716439625498,75.67588950098985,45.45655914446888,41.13687359760658,39.29076815848945,38.062362319169715,33.55825461088619,34.56124360727125,31.760745597507977,29.200937141717763,26.393814725492977,23.09137489325363,22.252781597699713,21.854467805519054,18.138420795168937,17.38334858188472,16.28537588829323
US59156R1086,,,,,,,,,,,1.5552779985617502,1.9337866773335843,0.4978907785985608,2.112231154211504,2.1166368356433884,1.8698117423607619,1.8103220971703742,1.8168649915003643,1.9043984935692462,1.9412475360844408,1.5896022642633696,1.1696276149416973,0.9616801768607222,0.8126261799530747,0.7255768965040763,0.7101940832862257,0.6742304357997
US5926881054,,,,,,,,,,,29.635481700098918,34.00173409769367,31.106580609736568,27.643972618874407,27.800222760522193,25.72119386020516,23.943848369035507,24.755296193153093,25.679585465125783,22.763226990447528,20.56148244336906,20.41611991017904,18.99955821011242,16.439793110682558,15.21516010499759,15.871725352921315,15.527219698783249
US5949181045,,,,,,,6.62564329157353,3.6896443337604876,3.6385348589790913,2.8944004974265085,13.64813410561301,18.425956340244987,17.975563030787566,16.98317374218188,18.603897886357398,20.79934797981614,19.173140301318266,25.362086190454566,32.73510876668845,29.77375260332639,31.027393444145233,33.125133148105384,33.49580517209885,35.26531749079247,40.28713729947965,44.37448315559598,38.57448758985799
US5950171042,,,,,,,,,,,,245.42031550651157,174.0543154976755,199.68474635773214,182.4784116908997,161.84674650705014,174.67419856733673,172.58142363636196,257.94015126087737,198.37362679267054,170.90450745368142,139.73453842655752,123.40223115691715,110.63130450976132,89.2487143176567,87.08522121925235,126.72496794130632
US5951121038,,,,,,,,,,,274.43395234758236,333.257537444077,220.26706693351122,251.38894041270578,271.8075958886939,192.22418225334633,248.682574456747,380.78695971674796,445.50272678393117,264.46659468797236,212.60642519285102,309.207152202355,313.0890137781001,247.91394037610993,244.34139784946237,410.069525987269,228.06540867532826
US6005441000,,,,,,,,,67.75276569981837,51.26187935152716,47.32057659120901,80.72950819672131,56.8275623268698,41.913636363636364,46.70599918219522,46.706915477497255,43.19494674263067,39.38225857472095,34.08722551411642,37.68420132056495,36.77042486962849,34.51823460210239,40.80270631473438,35.0880089825303,23.42329910891784,23.625216615029146,25.04216414795024
US6081901042,,,,,,,,,,,,384.56601242808784,373.90920822278775,267.99731596818157,401.28680472289125,316.39731034676083,363.31295173952634,349.69014055889795,315.0483972306553,306.77010185127625,293.0736443263044,263.46719659417136,288.92777232295356,229.604486825855,179.00369470561847,252.3363782053441,259.28029141175057
US60871R2094,,,,,,,,214.03706545926153,214.63921635384867,180.69935799354894,208.93973985715184,312.6658752143517,109.61313913470993,95.65349716983816,72.57806715179369,66.14559805996053,61.44176735885006,67.53693062368606,230.76581371545547,100.30455883956812,96.61565889169513,94.7544284174906,98.23793246322768,91.93060108758037,87.33725820016821,79.86566513702668,80.38152575900921
US6092071058,,,,,,,,78.33737871192801,77.78329840493655,69.31282726027766,60.874979265894176,82.19174961620364,67.8783709634808,21.577080842453785,59.06640011423676,51.7633360718434,49.37069267608924,57.298522067755435,62.92647455927169,65.9447405004634,69.21084894749016,62.3741688572754,57.78966178849554,56.583809192200555,49.45780416560833,43.25086072856508,42.74643945006998
US61174X1090,,,,,,,,,,,,,,,,,,,,,,2.0471460446165377,2.0327757914408573,3.316338684133403,4.023577693093859,3.5564291283492344,3.3890279203422957
US6153691059,,,,,,,,,,,,,,,,,,5.386999569522169,4.732534265579047,4.847648723864798,3.5516690300943123,2.0057983019258647,1.4390243902439024,1.3679639755548407,1.3782004389173372,1.2339418526031103,1.0299097065462754
US6174464486,,,,,,,6.137753166957445,4.065340527255621,2.7658293164034435,4.109220771617586,5.07715781696701,11.941237113402062,10.19885650164311,8.50823914264092,11.043164564903694,9.009118541033434,8.07820198666772,8.090139061139404,6.291338375187752,5.4786673388020715,4.544458390612236,3.77905356446129,4.069898361096701,3.6619328872237036,3.8568523605019958,2.5649005933173727,2.3019505997533725
US61945C1036,,,,,,,,,,,479.0271113892559,618.6402972669047,493.1291615909548,403.6697247706422,396.1180431768667,577.7138321459804,528.9427770047926,510.38188706395516,586.3628748534093,711.2586714173888,477.7153108800184,552.417951337817,521.7872075745533,355.19931377150533,243.77330276284692,340.4044341089799,419.1582308411551
US6200763075,,,,,,,21.447849822813907,17.635805987568872,14.45001049464773,14.517503140188957,14.37580441849665,12.667113500272182,8.430305466237941,21.5291966353773,21.495631179581512,21.635809567617294,28.253698350620642,21.685689201053556,16.27194435243458,14.096865203761755,13.39152934767806,9.432357043235704,9.024952792015107,8.765022641047608,8.487598770851625,7.480056123471638,6.8998798188037345
US6267171022,,,,,,,,,,,,,,,,,550.1295848659615,819.4369541777506,1121.1991217098164,1065.8939490299445,483.37854665554795,367.8633891245322,552.1847521477597,388.481426809438,263.38747055784876,293.35164666292053,335.16453664913314
US62886E1082,,,,,,,,,,,,,,,,,,,,,20.8519906323185,18.82299349240781,22.35105526019011,23.88527110117384,6.598929117797042,13.514882506527416,18.316348195329088
US6293775085,,,,,,,,,,,8589.68772694263,6387.622877569258,6700.055648302727,5786.675871591301,5659.689399054692,9118.10385126162,5497.668704310562,4697.604334196538,4147.76131487329,4694.720199454323,4451.044524161215,2823.134304042358,3829.9956657034895,1296.086104666151,775.344431796623,855.0173646221974,871.6113816514413
US62955J1034,,,,,,,,,,,,,,,,,,,,182.09200438116102,157.3405891399503,156.85812006132798,63.05632183908046,66.73370745836351,52.335359955782785,47.888034486776185,46.33855693348365
US6311031081,,,,,,,,,,,,,,17.805991855730074,19.627124078230203,19.06477732793522,17.490571428571428,4.383191301792536,3.87557354925776,8.904161412358134,4.884264671498714,5.08392773345847,3.3434334458859074,2.9069826707441386,3.0278027626084163,3.182552770448549,2.607972972972973
US6361801011,,,,,,,,,,,,,,,,,,,,,1189.4015367410989,1033.966440292532,1093.6198172314116,942.3426562831429,706.3860651215568,795.7371390985422,824.5697792355344
US6365181022,,,,,,,,,,,19.295900123943223,24.66991017409785,21.56178231154481,16.034582715645875,18.636136302431073,18.713786439562053,17.88301274578691,18.59471086681203,19.832613975650126,18.89116215004661,12.699281600315494,11.869510757714037,12.99399768860882,11.375938043697918,10.090073779025031,9.665089251338568,9.665089251338568
US64110D1046,,,,,,,,,,,,,20.129150905937177,20.60664541030374,22.892610524644812,22.559209085505113,23.1405648267009,21.521460995145205,18.976190476190474,17.71622326551904,15.52136172959019,17.169730501517044,8.437388193202146,7.752462457613435,10.017180003095495,10.497815887396861,9.970344191763983
US6501111073,,,,,,,,,,,,,,,,,,,,,12.034784438733203,11.612507339210588,11.798351572263222,8.88293619332616,8.929867206510707,8.317698149167901,7.803802052577827
US6512291062,,,,,,,,,,,50.48604457082805,58.8383892713712,56.55559799972219,51.28396821607612,52.64624663289681,46.75871761089152,46.47703858913916,44.99450614466589,20.067400482509047,18.05524277244916,30.839657509645576,27.39853215164335,28.36164091635589,25.136840117102654,42.53546886563062,46.97553178408951,50.38934318121868
US6516391066,,,,,,,806.775142926295,969.1330004539265,776.0176458792862,734.7086500180963,873.8938538473948,597.0149253731344,582.7839339622642,525.3910021239622,582.6915281718686,636.8661379476088,754.2512342292923,556.3462284901022,700.3427209059753,455.63418617310833,427.48869846959883,332.55709034907596,296.200487083587,261.05359188348876,229.47922786403691,409.65526583135795,259.0112407665132
US65249B1098,,,,,,,,,,,,,,,28.640231704519387,26.532007545444152,27.27247757073844,24.620784831393255,22.686386923639912,19.882955641272904,15.160813122672838,14.669677684253747,14.567201834862386,11.157873780609197,9.126709296606,9.309884596086302,11.018171021377672
US65339F1012,,,,,,,,4148.329478304913,3128.0147040101847,3219.6233374828016,2876.7516148689824,3049.776729762905,3218.619622281312,3210.9239225736833,3380.075896343628,3288.9707320295984,3290.9528341666164,2796.7384922073215,2748.625254841998,2522.8627322143243,3063.684892966361,2345.8469797202038,2401.2795126098044,2460.623820961978,2018.25138385188,1504.3919755282066,1708.660606795136
US6541061031,,,,,,,,,,,8.675838349097162,9.355766118191845,8.595934951152872,7.528520971302428,6.7901485286505,6.606780317706315,8.871686463995704,8.362024592507863,7.909887022535717,7.267913221354692,6.714214463840399,8.238640543390304,8.132718147121869,6.233986956333952,5.7490581790783395,5.477455279189787,5.764200253174895
US65473P1057,,,,,,,,3255.5210087225128,3577.9859813084113,3350.4603390513616,2603.7311532307135,3462.4608462938327,3474.4045392389544,3018.673199026274,3864.8862061429654,3489.532984515308,1917.1342688467837,2549.0395115869123,2595.3371174179188,2589.847372092069,2002.9484798122983,1412.177427095932,1782.0533139671488,1330.512286717283,948.9725840084777,997.8072437969994,1007.0077542116551
US6556641008,,,,,,,,,,286.58812868146805,286.33850460748863,284.54619218731887,253.0701030927835,225.6853911924244,202.07276918011195,195.755980861244,22.87938693913816,21.40396204197548,20.939825167717014,20.475019878081103,16.135687263556115,15.00257665550116,18.305832944470367,15.11691121779701,13.976318737926594,14.042626096491228,13.646110815130527
US6558441084,,,,,,,,,,584.986641221374,443.4623393677891,656.1487012172167,567.9962168978562,463.48836376655925,484.5205615942029,500.2725655847043,474.6231073640743,491.05346779564263,524.5513754045307,494.4109335607999,443.42611014138595,352.33126770538246,440.66952702012463,383.9659845629151,332.9690859160455,349.10258308654164,350.0528747009816
US6658591044,,,,,,,,18.674678402166553,17.649794312287604,13.895049137771185,10.382380666723797,14.78258804531098,13.190929041697148,12.117352415026833,12.985363291229913,11.711158011921052,10.881576031556087,9.641789354473385,8.544451572767214,6.901583413524626,6.776494616227906,4.901596786123479,4.3763787275237656,5.2412804586717625,4.155604577060516,2.501134816159782,1.9171279455954453
US6668071029,,,,,,,,,,45.81291773377475,43.28615693333727,37.37667575174048,20.397991771441724,24.189228381038923,24.610476643667223,24.536839544219617,24.021101797406065,22.66738927144436,20.85351721886731,19.366313994496764,16.114271473666722,22.81581513548654,20.460882089187205,21.2322314744722,22.05507895743402,19.410664291168235,18.58613798649867
US6687711084,,,,,,,,11.533071090335618,8.22451845238459,29.164276572213645,26.19725051016333,20.244637906716598,26.474867724867725,24.546265992264207,24.12633425939465,23.827033387262833,18.594104308390023,30.888030888030887,24.622716441620334,16.037138636843217,13.468013468013469,15.191335740072201,7.4408343361411955,4.573401162790698,4.713550048278082,3.295886075949367,3.213679609154024
US6703461052,,,,,,,,,,,,,,,,,,,,,,,635.5619345671113,315.2071929513971,301.11436162057055,273.92431549903307,309.3925945207262
US67066G1040,,,,,,,,,,,8.541665510901325,7.718149556057592,7.245769420617846,11.521962615653601,10.883707824872863,12.46851818403249,11.077202276959108,10.21816367265469,7.785094066570188,5.480028824377188,5.785421645612837,7.099193991573548,6.495532233883059,5.134168090956379,5.755727737821606,3.1594005449591283,1.4749534472056829
US6708371033,,,,,,,,,,6875.687276174426,5639.739111209375,8009.613793582926,6607.890046172018,6031.4329384791745,5795.350100494323,6965.388638978973,8142.613427907546,8058.56374891893,6811.758587110482,9170.411304232453,8158.9970488481695,8166.481896397204,8626.849644253874,275.1758491392287,2689.6302989009687,3395.051041394009,3041.3643519914244
US67098H1041,,,,,,,,,,,,,,,,879.7186737476676,903.4492924528302,995.6140350877193,914.503133393017,892.269617120396,891.2316417042315,916.0065759976087,1006.238712855032,964.1340254837187,893.9614935822638,862.6319493314567,938.4474046853468
US67103H1077,,,,,,,,,,,,,,,,,,,,,,,44.67648866693271,38.487381376475206,36.11152363728724,31.001849831617893,29.338936237104527
US6745991058,,,,1363.602788702181,2253.2936767511583,1488.312245335621,1236.756245601689,1066.5439242503946,894.6265783364476,857.1124361158433,681.3395548581575,1158.175548181404,1002.9932258572704,622.6133156234434,601.0861004021059,621.5497853199755,700.6006628003314,1222.7564102564102,1451.9326065411299,1156.8596098496962,1551.2791741472172,1168.1868778502428,1310.568308158796,867.0288950531669,598.1778948517771,799.5210744240366,845.3533021515435
US6752321025,,,,,,,,,,,,,,,,,,,,,,,,29.51946610316834,27.395304353550003,17.71678710738539,16.142578370868954
US6780261052,,,,,,,,,,,,,,,,,,,,,,52.84198027431946,59.38486854993535,79.1191305758766,55.97487345907448,43.355154081067845,48.969950388975846
US6819191064,,,,,,,,,,13.650149677012761,12.08384793299351,10.081906370779901,9.931193940601954,11.219607136420978,10.945890825210627,10.67187767835716,8.213255167191111,7.510638016703669,6.57758693381938,6.286730043997486,6.185465199931982,3.7717086741074115,3.8289892264123724,4.70817529077498,5.131183909413469,4.644981690965274,4.349835235928128
US6821891057,,,,,,,,,,,,,,,,,582.5232462521349,537.7026717775616,528.8620133609767,387.26759394562606,467.19885000765527,534.3155910763153,622.0095147478592,258.74655034274014,187.08414402728735,179.53471464921847,209.21169676517516
US6826801036,,,,,,,,,,,,,,,,,,,560.4794296202617,517.5002569019133,571.7373095757423,619.8123306645657,760.9243568608803,399.02519354384486,303.74917608035986,424.2801380324716,345.6539773250991
US68389X1054,,,,,,,,,,,12.472881067754825,12.634531754574812,14.025911918232113,10.819610941586747,12.281869460112812,11.738123135918194,10.931147287620421,13.890748005230433,14.379202921903534,13.566581849024598,12.853365445557104,14.58209332289114,10.902139431007791,15.877557428923405,17.319384455103858,24.49839234523902,29.634336373400323
US6866881021,,,,,,,,,,,,,11.957774026739543,14.425332201396309,12.254863843486104,11.711899170654856,11.38317081979054,10.621986028314064,9.514164846790855,51.95637488958043,329.7468116846734,272.1930609990832,276.9535913074792,313.8772764838241,269.7481063366383,267.2083277069388,251.9501986008135
US6882392011,,,,,,,,,,,,,,,20.806339081032593,23.13600473481027,24.660624613575013,22.695270811099252,24.203827781874136,22.47276008050524,20.542498674677503,17.353541946166768,18.88213160658033,19.79963163476028,16.54189809224825,15.086095320928981,13.578498070865407
US69331C1080,,,,,,,,354.1004870546014,2079.9106786825105,268.556772682632,288.23072190319937,354.98537204268973,336.24347951737593,359.0532227868414,330.45212765957444,339.14604436466215,345.2311293153891,308.55319907324895,279.1874787727839,287.81085497519695,443.11653439942717,299.9224122832623,286.55725810818126,196.17280302296288,200.15664206642066,160.41960045849027,160.47872558253817
US6934751057,,,,,,,,,,,40.39551221558142,19.73414477898783,24.875789351717746,27.92511895817681,25.372255787521684,23.41798910468972,21.044868647188803,20.590719114935464,18.33337384540593,13.84072368055941,10.673875867618952,7.94291036088475,8.844485817544628,10.293481571733171,7.480757794579899,4.848472492315413,4.48835656213705
US6935061076,,,,,,,,655.8180570532301,606.1429736341397,597.0016062823487,344.71821566029405,497.58967235885285,422.67580452920146,381.24034132903313,373.3017533471496,137.67540375959757,131.51041666666666,120.67840834964123,67.79201410073894,67.11864406779661,59.8412904904384,52.819226198336196,62.88853549226543,52.3925723128199,54.91219125311579,53.12452044283678,61.1745029977911
US69351T1060,,,,,,,,,,,,,,,2673.6219417321586,2846.169860726571,2407.3399313679615,3857.7643890989702,3877.294731940934,3982.9795890962805,3463.3672447013487,3230.396704852619,3479.5822268962797,4690.830191941899,3203.379777271577,3045.3689846005773,2991.385842590404
US6936561009,,,,,,,,,,,,,,,14.76875262537176,11.189234373165773,10.653090569334562,16.764834233133424,18.130462873791615,17.885283213665588,14.839376738319013,12.949036229690181,16.446176709755207,8.715741640905764,8.211808248930652,7.937503390658059,6.782812698632829
US6937181088,,,,,,,,,,,,,24.568134345033958,15.80032894736842,15.52750183279083,15.0664887466567,13.8842606727378,13.512872022641787,15.055789090524806,15.044766760551797,12.151074451920989,10.02109399719528,14.88538857890381,11.505805129600422,8.491899638094775,6.467202240985669,6.7483765944426946
US6951561090,,,,,,,,,,,,,,,,,,578.2259609523312,550.268212493511,477.8972520908005,443.3609899352778,412.1017187657051,452.074134150371,372.55992652290337,339.70276008492567,369.11719470932024,343.54013336037127
US7010941042,,,,,,,,,,,,70.12286576593674,61.59041490534125,53.69910010633805,51.0430540792787,51.11428235587978,50.262981924705315,56.214918382862066,59.63811692225273,50.02973252116125,46.005873784913184,48.44266121746552,49.5227863060032,44.53138854754697,39.634951042687305,26.429883159236564,26.321410136395137
US7043261079,,,,,,,,,,,,,,,,,,,,2.011427865460049,2.3138004852290566,1.9227246807983143,1.7859803206079976,1.5169332687025365,1.2532137518684603,1.2997342128237461,1.2634437036761146
US7045511000,,,,,,,,,,,,,,,,,,,,1710.1398150139814,1541.8648106345622,1565.679153869447,2291.7736281281454,1961.9473826959586,1219.2187719544752,1144.9354114864454,1336.8074208700168
US7075691094,,,,,,,,,,,,,,,,,,,,,,,79.46859194679632,47.2731583403895,43.176812409203805,43.440098068490784,42.01897204359921
US70959W1036,,,,,,,,,,,,,,,,,,,,,,,,3.1485401902585433,2.8927046033047157,2.7249266782717068,2.6419133678320943
US7134481081,,,,,,,,,,,100.42352777970451,139.90157753515913,103.68235416162385,87.69397329483941,88.4077444573383,88.15779567868704,83.75448015236267,90.39725006343568,87.27670822783803,81.97149153876427,79.01111953109293,78.50264290287518,76.84627408628431,66.8877746181141,59.36892304843041,56.07241639426704,55.83861345178217
US7140461093,,,,,,,,39.93198677460306,36.21283040537831,31.33051460529695,33.36834471848524,22.389888102981896,23.80678571135204,21.11865640063145,19.18253786276035,18.73068073964377,17.025154890960607,16.08719040612034,15.800865698550284,14.884921545674711,13.815354665737459,13.309067983783184,7.911714905445649,6.697625439372557,9.599851682850105,11.558690904543093,11.539999985481082
US7170811035,,,,84.79765615259943,85.54137707348717,58.594604762326284,49.26201538578719,47.590451869468595,65.58847243182899,62.01424795572809,57.556381480867984,54.19024575576396,28.167352416345913,28.32777159807193,27.97273929406978,31.98666253101737,33.26277592984578,33.77617653681603,31.207954717552628,29.878582575267384,23.65757637892147,22.10622222222222,27.27052114154815,14.026645999409507,11.165164955646366,18.17749931619256,16.711631854401432
US7234841010,,,,,,,,5959.8327284045445,5233.722780170665,4654.765553606802,4675.1659303205515,4634.124391393597,4688.1193081129995,4522.079616067842,4314.674769156868,4186.130834292755,3914.6898526282985,2881.0610640913865,3098.6671759230007,3370.9472736204357,3333.3338747805783,3276.6929332114546,3195.2725160037044,3361.9183140173013,2495.743175041075,2298.2485166602746,2105.8991905231596
US7237871071,,,,,,,,,,,,,,,,,,,,,242.483100543768,179.87095439975184,462.4626993166287,187.4730274202574,137.39103510498688,172.91953133064933,170.23084349593495
US7244791007,,,,,,,,,,15.804533430563339,19.787290781908577,21.597110234180274,20.597762263030884,21.351271470631698,19.65888822996616,24.73173496362874,19.861813568689186,20.174619766018456,22.308623764338083,21.573273749361963,20.3609491309853,21.70866970866971,20.0429084923644,21.17400527716839,22.251007760789726,24.101840955097252,38.84588852846001
US7310681025,,,,,,,,,,,,,,,22.656990412432993,24.703553126393274,20.44223117530663,20.07611314413821,23.35281467660948,21.47618936213601,16.647747649929094,14.81057624911574,18.07965395068228,16.296992022639113,16.005588543485853,13.57382700573066,16.901357415614463
US7392761034,,,,,,,,,,,,,,,,,,,,,,,,,,15.34177055729769,16.277898575803214
US74144T1088,,,,,,,,,,15.840311674354037,15.446188657898457,20.512313691970725,15.948032226768467,11.989564395316703,10.901117429251519,9.423211019661636,9.271193131353005,8.359520068561633,7.136328115749841,6.419570206551221,4.879388005807244,3.8193987077021667,3.184300836193146,2.626598365463575,2.9315393625547133,2.9260893119727576,2.664937408368106
US74251V1026,,,,,,,,,,,,7.6725250181605285,7.366363763455893,6.7109096286858385,6.182003777025267,5.791215778002233,4.672616431088711,3.938211361779467,3.4301380828497097,3.0321693121693123,3.2567659449191453,2.0418552036199094,2.168067454906829,2.32760977935454,1.9816241292597625,1.4897264684947293,1.4014846654719617
US7427181091,,,,,,,,,86.60090758403304,80.07273639327815,69.59930209491031,75.77682800046206,77.76507106681915,69.4014602028989,65.80652904464715,69.76799074795251,64.69893445918778,69.76466193500187,69.89008293602735,72.42470942615469,71.1543818747011,68.74400091961951,63.23241635687732,57.237765808082095,54.77011995366276,50.01608425768172,49.771180613188534
US7433151039,,,,,,,,,,16.173542640564502,11.93715495469738,12.016336263901929,11.72265340365936,11.313273377117714,10.26788380576521,9.658192152629375,9.049661201508982,8.417763142104176,7.488363353745505,6.5392805068596855,5.487706033854175,4.496624159886353,1.9072144396678088,1.7291328012752614,1.502649920139393,1.0996209869801858,0.9060828477761703
US74340W1036,,,,,,,,,,,1.6474487619660303,1.7780456328233218,13.32596685082873,5.044052303183153,3.965680289895965,3.3311443686114384,2.8223537819259166,2.217552937944716,1.9161029535336678,1.785273153895755,3.3277144491276096,2.6453769530844307,1.9513672953866967,0.9124232736764232,1.061469427837116,0.7752020463576144,0.7041344341067047
US7443201022,,,,,,,,,3.030366680669747,2.8026308486429485,3.8222255593933023,3.0328255197373957,1.94141689373297,1.487434915021122,0.847078263482049,1.7980316850696112,1.2748102878454977,1.3030562347188264,1.1956068541211167,1.222429781840016,0.982250952253007,0.7459691041429931,0.7729209405081269,0.607268728677362,0.6496586178184846,0.6226124974527131,0.4823884024687814
US7445731067,,,,,,,2445.1618770461987,2113.6546259050683,2127.9089937520553,1955.3913483233487,1579.8449181804533,2259.445179758051,1496.4522039757994,1383.1965403018035,1658.3216768916157,1665.071227929374,1478.0782656623185,1354.2103696591455,1437.2872751351947,1606.0859753412594,1469.054764851485,1030.0516077808654,1158.0852858481724,295.0638757457313,135.82506938775512,118.45560914834923,129.35720894071915
US74460D1090,,,,,,,,,,,,,,,,,,,,,39.819739608757736,33.049378258505655,39.61857818163241,40.60700269747226,31.37487552782655,30.946789177654956,29.774155297196362
US7458671010,,,,,,,,,,,,,,,,,,,,,,9.982417433070559,9.109029816922346,7.978239493951339,5.8879185063523645,6.560501091486777,5.871304037733431
US7475251036,,,,,,11.961179561294635,12.201707153061625,12.800796812749004,11.611353152229626,9.751937150236763,8.212407522952136,9.228593055161321,9.758546825464828,6.99889489194499,9.142291524098152,7.169375736160188,8.553515798842902,9.303585590850274,8.808814870889057,8.703175313059035,8.840694742739752,15.929220516962843,11.193338422596328,7.361166611166611,5.537548302993621,6.554667695359859,5.845341065460979
US74762E1029,,,,,,,,,,,,,,,,,,,,,58.67802159134069,47.55463376329543,58.42177651903046,64.69963166243882,53.17600785245178,42.509972365946396,37.49882512816928
US74834L1008,,,,,,,,,,,39.28299634441082,35.11501905437556,36.00375902862358,35.76677420514507,35.12723631714844,37.8287153652393,30.888096839273704,29.476177765914855,31.48210246174318,26.40840575950188,25.681848360111537,23.79735956510484,36.57412313235138,36.40192806822395,19.989476879490034,21.35278858625162,20.011750405186387
US7496851038,,,,,,,,,,,,,,,,,,,,,,,32.83542257442288,31.81849404655485,22.991412385426248,21.77586151904759,22.89451743793133
US7509171069,,,,,,,,,,,,,,,,,,,,,0.03602925592882384,6.5003325492016595,10.949671880599965,8.788775037769874,6.16478265936371,6.080235601810386,5.036972893730776
US7512121010,,,,,,,,,,,,,,,,,,,,,,15.719873580123291,21.084117687276375,13.310824363174433,11.363162399813245,11.095801220417,10.810981927017382
US75281A1097,,,,,,,,,,,,,,,,,,,400.5112647190615,198.05853992192453,110.55009588051246,71.09945888669223,116.67301146668193,54.61509049588612,38.37378491105201,77.56855538636036,83.90803428971367
US7547301090,,,,,,,,,,,,,,,,,,,,,,,4.762786806883366,3.796030760412686,3.3961239906225584,2.9004938820912125,2.533563933151963
US75513E1010,,,,,,,,55.47036283646341,47.28734241691073,41.32205118694362,32.49673517909137,36.51649022412971,32.6935635619016,28.963232003304988,29.15696263949539,26.867275572445948,25.846236559139786,29.993760918392812,32.42937251065614,31.024065377609173,27.91517420790665,19.96996599434104,25.66137098626893,22.407902093557805,21.943569788591706,21.35581834010447,18.22986697713592
US7588491032,,,,,,,,,,,,,,,67.94337116638494,69.04281533802175,62.76732763460731,59.25695420727566,52.54317016916489,30.639239438966356,25.66826587593686,23.724273790803363,23.385995349008894,20.071105879358615,21.07459188748615,19.235492889193555,17.103408047761324
US75886F1075,,,,,,,,,,,,,,,,,,15.766152142637134,16.809222728784942,16.961197174428033,14.007271860284913,11.62347076328306,12.110014004778101,6.981215428361654,10.07976735206894,10.467172872259322,9.667652443317843
US7591EP1005,,,,,,,,,,,,,,,,,,,,17.91285081240768,15.338895820336868,11.797371141633437,9.889023467070402,9.60469696969697,8.714057932500664,6.225541694024951,6.085686777920411
US7593516047,,,,,,,,,,,,,,,,,,,,,0.6042848969504517,0.5815380324897163,0.5638928644448988,0.5126770839666809,0.5579063903069069,0.5329457364341085,0.4476194782294163
US7595091023,,,,,,,,,,,,,,,,,,,,,25.835536867657897,26.60883194517852,34.04487114016273,21.28671070650593,17.738619676945667,20.46481470224708,21.900975786049873
US7607591002,,,,,,,,,,,,,,,,,1733.9925810452535,1565.060998354361,1464.8873525996783,1537.4370362993577,1678.0569440986364,1574.2278258927706,1545.8834206586826,1385.1069526339088,1096.0526611058892,921.4586835510709,860.102823727545
US7611521078,,,,,,,,,,,,,,,,,,,,,,,7.9773461998120805,7.276929867354287,7.54449249656217,6.36267985649446,5.587836094741934
US7677548726,,,,,,,,,,,,,,,,,,,,,,,11.771958695084763,11.499062581427525,11.66885738664359,11.961577798802068,11.961577798802068
US7703231032,,,,,,,,,,,,,,,,,,,,,3.345188526536088,2.0224113135186963,1.7604227833235466,2.1100546565133116,2.308327192254587,2.434878155193017,2.685548265073707
US7739031091,,,,,,25.14689169910777,22.924262602886273,20.704338144813175,21.4871573494496,20.23316311783409,16.921387553779407,24.494456868249515,26.959928624073857,20.9557800297965,22.946013130218624,21.16385721368369,20.7835064030759,20.64901543806107,21.6886525777359,19.601722953992134,19.23575881101507,16.04571767849191,17.66334975686729,15.021538123851073,13.947692190611484,9.877315398012946,11.141713311339288
US7766961061,,,,,,,,,,,,,,,,,,,,,,,,2.451884800443075,5.9014166573588,5.131475606202856,4.503527389476077
US7782961038,,,,,,,,,,,,,,,,,,,,,18.496028408772,16.564922424132618,18.09143550705758,13.47006308440513,14.72884673902398,13.642111924718854,12.707710587883064
US7802871084,,,,,,,,,,,,,,,,,,,,,,0.1838046712033649,0.1746124345704554,0.1312136975436796,0.1541761852501467,0.1337258158512969,0.11259461074931018
US7835491082,,,,,,,,,107.65109107967582,102.83529000555133,90.52131914555454,112.17915009123733,109.01802514779219,117.69903284569594,120.22726026843358,130.77375439788077,125.04311790098593,133.50095626937323,118.35993719743556,118.53199608873555,106.08088864418379,98.03321853131165,89.7844845144785,81.36487883155388,78.03813171259678,108.34210302978867,101.02841088952201
US78409V1044,,,,,,,,,,,23.217580335654056,35.38499561979925,20.885065992729636,18.14345180915786,14.431685393258427,13.173538461538461,12.714511977826174,12.087521174477697,11.344462109167992,5.422233217878937,5.29082774049217,2.7898193760262724,1.7766729373824242,3.194287091719899,2.3354798318576155,2.2522205329279026,1.9809966216216217
US78410G1040,,,,,,,,,,,,,,,,,,,18.675851511672406,10.592276089123295,10.505468471534737,12.756589870672004,12.097134227305153,13.903121662276284,11.239991281412168,10.916128727710445,11.046284679176335
US7841171033,,,,,,,,,,,,,,,,,,,,,4.34622333946283,5.665859476280036,2.7765041822764602,1.9729470583849469,2.443712370325545,2.5281015820149877,2.283830592235164
US78440X8873,,,,,,,,,,,,,,102.30658177593024,106.3873461812174,79.71263589314924,119.20501480942487,61.615844655463356,46.60577033314828,64.06191905921196,67.07010909759451,79.68526794115095,19.61679479597871,25.69364897543592,12.74496331444492,10.73365556992761,10.63761600455191
US78442P1066,,,,,,,,,,,,,,,,,,,,,,,,0.5287858305320274,0.4792457837781642,0.39937747827988757,0.37960522395703966
US78454L1008,,,,,,,,,,,,,,,,,,,,,525.5698394359069,362.57891335686236,606.1733633237527,212.6140057508996,176.47195433161033,249.67795420673107,220.31596214342187
US78473E1038,,,,,,,,,,,,,,,,14.07396424637804,13.856516489801104,35.95067760134939,36.98770630985533,40.00841632767569,21.816586507214353,20.67785498885538,19.690926579031743,28.487084870848708,23.467040865220067,19.68929473926028,17.28060890165835
US79466L3024,,,,,,,,,,,,8.294378833057722,8.025277300214405,9.53645624452083,12.194630179381972,13.401856987086473,14.301436694229887,20.24833153748131,21.21071727496144,22.90073713656053,24.695076042764644,17.370452684524505,13.786937699981179,11.437415068699984,9.058433273794336,9.122988208968069,8.391608391608392
US8064071025,,,,,,,,,,,,,,,,,,,,,2.040297697431335,2.7558124269024735,3.3273575296559263,6.888545709260551,6.261880287815292,6.418186238755166,6.249033378047818
US8085131055,,,,,,,,,,,,,,,,,,,,,,,,5.212044640977048,4.438427399471018,3.879471807531053,3.8081464671718144
US8101861065,,,,,,,,,,,,,48.30099450587662,48.459189832072994,48.43194951607757,51.85073978945845,50.09646639404425,47.05548260013132,56.02149697088137,126.90723590091109,45.379671532846714,34.41480286627168,24.92003367003367,30.278129217273957,41.03920508662188,46.41058484469157,44.793627602483774
US81211K1007,,,,,,,,,,,141.57448126354907,164.56514565852737,161.22647602503284,124.09863674236381,91.529660961546,91.02148021012118,90.32036642797239,99.55599800895968,85.50639540887833,117.28595122825891,96.2087180679105,97.09043852142514,88.09777288301518,68.48440492970472,71.52838582746948,81.19422835176448,82.6441790601936
US8168511090,,,,,,,,,,1457.5974820772863,1431.8646588585239,1280.7853441894893,951.3175524787852,851.3891665000999,801.4522821576763,663.8249502699631,757.8507896169904,502.11011875552066,532.5948436427801,573.1391296577607,484.178029328531,633.3549043172784,609.4986807387863,577.7714863498484,502.62448923055615,434.05472488038276,550.4281380356466
US8175651046,,,,,,,,,,,,,,,,,,,,,,,81.16966238730984,41.62009373077395,36.41721719071006,36.15000617106585,35.402193637986436
US8243481061,,,,,,,,85.63196424651099,72.35268079335098,66.37509287606248,64.8232702697724,72.63461150010382,67.4291936756535,59.63357856572533,56.27627442429369,57.47809736398649,52.681815130967315,51.53579090921277,63.40470943609611,46.76801353569604,41.15345678942642,38.09796210225242,35.93583382802246,35.39163482847488,31.61886143329917,30.191611103640046,30.13070112777886
US8288061091,,,,,,,223.64484767867978,181.56068500811372,172.5538495519715,157.4931953251877,170.1608842355124,160.59187076977847,147.56508314319427,120.25268249910832,104.9215546289777,80.41564847978913,78.40182080299448,61.67957595968024,57.6054845159238,49.85935175422125,41.85019262382512,30.32967292646688,37.88451141540223,38.476278775614944,36.34450085203537,33.984904316011274,32.24706805964924
US8326964058,,,,,,,,,,,,82.43053368803952,86.56921545865193,69.79373211417958,60.38276039341424,84.65353264078524,56.76435701381413,44.412202880266285,43.235662949528724,59.24601880536986,59.57860363862541,57.73909158991473,40.17884885925745,47.59514539713137,46.12377224370211,40.6679012646507,37.98293126991352
US8330341012,,,,,,,,,,,,,,,,,,,,,,,,22.12334572005998,20.4485286525555,17.43926550907347,17.438924124970637
US8354951027,,,,,,,,,,277.97084746702467,250.58309692083586,387.71188973158155,328.19875710070414,291.10376674413016,266.59373368331694,236.13990823606485,247.85473585382013,241.96630024883325,236.76293578112083,232.85675994956966,268.8085079071583,238.50904886990767,271.8001895199623,237.26620347099816,167.94486819762136,169.26641707804353,216.3555193657741
US8425871071,,,,,,,,,,,,,6930.919922098751,6853.582554517134,7316.925681804439,7081.40691753965,6552.2282991281745,5940.8771227628795,5099.814786891838,4561.876641049021,3756.1357735688443,3516.3446939633036,4055.926871165644,3682.4063946696665,2717.667884832132,3148.8593434443433,2975.5330414608593
US84265V1052,,,,,,,,,,211.97232857354126,267.98598227169657,318.6691945970843,368.9678609573745,285.97738490840146,292.38599869910723,327.5690696181704,336.92175156461275,386.4523672684754,362.4670062084092,293.03478848899243,376.84783068186624,346.94918743823433,328.1671655249283,333.2802882724687,360.2199464564735,372.2510560035571,322.18954991516085
US8447411088,,,,,,,,,,,1259.9298739000271,1350.2282125603865,1442.4622438863187,1167.406884659599,1053.6138225655432,1007.7097576134245,1009.3991937651169,994.847931382442,989.0107221542228,961.7629776581173,913.8995219667653,549.8622703763153,1781.7638152077807,1175.291386953768,869.4853867472915,793.6041163619639,753.4084706909726
US8454671095,,,,,,,,,,,,,,,,,,,,,,,673.2712305025997,192.98635068246588,85.76456472470338,197.27690892364305,228.33007985803016
US8485741099,,,,,,,,,,,,,,,,,,,,65.27037090075899,60.57560232622542,41.4596024468721,95.23496240601503,50.817606880849986,39.93995546365516,33.21516559466922,31.802235379792926
US8545021011,,,,,,,,,,,47.34377118069676,102.08584196301946,42.89990011415525,33.85943101653753,34.410676610568665,31.874886376031704,30.284250260173213,30.3869564439034,35.89835976470382,36.928423496924815,31.835593317313194,29.219094043843736,31.118847439902027,25.802768742156083,22.170244403271298,23.808733231523785,24.452384206381744
US8552441094,,,,,,,,,,,89.22770902977342,101.85038334715675,89.61300352064377,84.74137294325223,80.58141577375724,82.04954279229334,78.91290605123622,68.02913951249177,31.4182502664323,49.631285309491545,46.79443004925134,40.92981870759648,48.7013979102558,39.31192690767285,36.08124859481433,34.299997274238834,34.81076774545143
US8574771031,,,,,,,,8.949064171122995,11.296587926509186,8.038585209003216,11.236650673270391,13.954074355804888,14.86692840169439,11.522409247617116,12.275120116983498,11.320957735556417,10.432821856287426,9.347458414645478,9.38845539155777,7.515882452862239,6.525200369913687,5.852029548396923,5.5184633217420105,5.52643391521197,4.468066427683079,3.3262894177877023,2.7692935521900788
US8581191009,,,,,,,,,,,,,,,,,,,,506.388069690549,372.62036811700784,510.506220215574,555.260115053072,332.34688750247847,276.64339074643135,327.6505699611542,351.09230752565935
US8589121081,,,,,,,,,,,,,,,,,,,,,,148.2885551089486,171.57428518034013,168.45479617665947,164.85488224202317,167.669311472944,169.73733297803494
US8636671013,,,,,,,,,,,,,,,,,,,,,13.789647820013235,12.413329750067186,12.604278447494949,10.19651624970774,10.690660740419535,9.62201190360035,8.729010843106883
US8676524064,,,,,,,,,,,89.45953675374135,94.51328919892173,101.67220161948063,92.48212723276212,102.82394919381625,104.51566945317153,92.03852322145568,176.73946842096248,100.10423658422809,117.4470954096376,127.362789202154,117.92514315600317,195.4421516514955,166.1051475149472,126.26646112280251,130.45106223393714,130.45106223393714
US8716071076,,,,,,,,,,,,,,,,,,,,11.783482080013513,10.622209794160401,7.684297801802486,8.981945823075922,8.889180966700094,9.69604032921763,8.724561043789349,8.808975055346373
US87161C5013,,,,,,,,,,,,,,,,,,,,,15.690735891080882,10.104556836418125,10.113462082972536,11.039697937966414,8.78133114008462,6.098364566529399,6.121198086840884
US8718291078,,,,,,,,,,,,,,,25.902719288563638,24.737584357210388,22.76057547565026,23.114373006976756,23.924495998274494,25.542979877377096,23.649459055330016,19.246825675990085,26.53008529719994,21.694342727894067,17.90802903716735,16.999575602774105,16.354505105920587
US8725401090,,,,,,,,,,,42.79195694835207,35.755329487071556,33.06050584825318,32.58782167828625,28.98323743085539,27.351030693699848,25.793675698947332,24.23785757786944,23.437952028559526,22.81771012578382,20.087864054576954,18.226560376126965,19.978397460220414,14.402209253136283,14.548121595642423,13.675951289594098,12.463023420865863
US8760301072,,,,,,,,,,,,,,,,,,11.5128,14.372665493732132,11.205975513655847,9.676643676625305,8.276956305034059,8.920582979914318,7.414449837193586,2.6292404045918443,6.268898568391633,6.222920724868662
US87612E1064,,,,,,,50.697068682081174,50.06271379703535,51.9681985650572,47.169662442596305,46.62058877871528,39.62759918600915,38.43212642825345,44.01980963286338,41.15786960614453,43.54423108711224,43.708557107053345,38.93074473131395,41.99063241959853,41.44273168774981,38.71686395243909,31.150578656288406,23.429473819219545,20.371274939861326,20.94388746334311,21.450190853977997,21.224067713904997
US8793691069,,,,,,,,,,,,,,,,,,,,,,,,,26.676426465967356,23.613803917244272,23.049403345361373
US8794338298,,,,,,,,,,,,,,,,,,,,,,,,52.81854006380184,54.13800110844264,56.79244186046512,59.034850926672036
US8803491054,,,,,,,,,,,,,,,,,,,,176.24929911580764,114.55819093768596,66.11163323782235,85.58787957604525,72.98342112558913,70.63732961253622,70.63732961253622,70.63732961253622
US8807701029,,,,,,,,,,,23.923211585468305,31.88891478837745,15.321542908650109,18.116091615403402,15.626376942809717,18.130402476866912,15.71102253638738,18.765804371612695,17.14701269071724,14.186986276365412,14.428775296291606,13.792367203857138,10.152809462467832,9.054970980703946,10.480040696725403,12.354752721856835,11.725676269912194
US8807791038,,,,,,,,,,,,,,,,,,,20.90859985145506,19.994958060228264,11.429268292682927,10.37881050286003,16.314523468989726,13.016620356076977,12.712950177694276,10.902067359021645,10.95416422859372
US8825081040,,,,,,,,156.8100358422939,147.31673097158892,151.78894109143476,137.66546676265898,191.80972475304497,166.11771444937705,175.88212595558792,181.43376218323587,196.57378123719786,184.6251437332311,184.32076923076923,180.88332086761406,152.62823340685782,131.1611758743031,148.3429743447125,159.24057810663163,136.15710859136502,125.32454563610945,152.97676808036988,171.3445431877757
US8832031012,,,,,,,,,,,42.64039028499228,61.34247619047619,59.62812351543943,51.94412416851441,48.81678515976138,51.280568407138134,51.787001008790895,52.88683602771363,48.536771105308965,47.77750387378504,42.398153449756656,37.182391782831985,48.13724143850313,47.095299628492974,43.223016551402594,37.48965870057736,37.43767333236024
US88337F1057,,,,,,,,,,,,,26.648112703292867,23.5475192943003,25.29532561455814,24.066002490660026,0.601329522862823,0.5851570590265792,0.6070229561745758,0.6533203125,0.6073536087153881,0.6283460129613976,17.361997940267766,18.732309509746013,16.31657048639736,16.351040735538245,18.318311874105866
US8835561023,,,,,,,,,,,,,34.99402152251893,30.94474624549075,27.802860134773262,26.570132082534396,23.30972906403941,23.547042804767347,21.54371487515117,37.97710106128693,31.91222596272272,29.163730326521023,24.196722329132783,19.3572976970748,16.918579539129468,17.731012436708124,17.721915156603465
US8851601018,,,,,,,,,,,,,,,,,,,,,16.11882937991557,11.318663305762817,11.889878324866038,7.405407446212328,10.859694149606122,8.812229072654747,9.627775236987624
US88579Y1010,,,,,,,,308.97151225964944,368.6253980718056,277.9821764369226,193.9134908385769,268.9962375124335,228.41497262020854,223.56556685015704,265.85072231139645,214.76466586764278,176.9271864492002,197.529233005219,193.96193829087647,210.06412483810848,177.93377079200366,164.30171769977596,141.9960228685061,109.7440248903974,106.63472494083963,80.47489366910438,107.01932858596135
US88642R1095,,,,,,,,,,,,,,,,,,,,,,1485.1392151664068,1423.2869397891386,2323.4025005862013,1660.4161906114712,1119.1433536141626,839.8637277229378
US8873891043,,,,,,,,,,,,,,,,,,,,156.8646381250416,120.36695710455763,121.9530858333993,146.24558806785836,106.7942606886206,103.28240709853894,89.10253721954288,92.92149573584081
US8910921084,,,,,,,,,,,,,,,,,,,,,43.8721309513122,35.74535420611147,31.886343161478315,27.336208166303745,23.923164126129485,25.83301938605529,24.869890100286224
US89417E1091,,,,,,,,,,3.411852646912255,3.5535205044784512,3.5476782420402597,3.1218076219269633,3.2903301794197324,3.254047757716948,3.198046248950622,3.085487077534791,3.121108297333532,1.984884645982498,1.918384285516669,1.7077568272628207,1.1210384676270382,1.044980646772381,1.095697627663852,1.0463951031905097,0.9185759860788864,0.8185342321193978
US8962391004,,,,,,,,,,,,,,,,,,,,5.651420390324769,6.473105134474327,10.813957050516189,4.6383073355148206,4.527616080456943,4.5317302722846335,3.8981756916839974,4.020307876089376
US8965221091,,,,,,,,,,,,,,,,,,,,,70.4148898011239,48.222022561645204,48.676602980894266,69.88720316622691,53.91948616800688,34.82854557034157,33.74382956612107
US89832Q1094,,,,,,,,,,,12.390330642060746,15.896711012564671,14.69770222943538,17.61166837256909,16.36386115073704,16.416944948001145,17.196282230661602,16.56870486278286,15.036791051297737,14.477576777450569,17.796364780863954,13.135297326786688,7.323207925656036,7.271765522025667,5.798785297365515,4.087409011610419,5.603018183317528
US9024941034,,,,,,,,,179.7235319331333,202.5304707097536,206.26652139610025,210.1028162717926,176.92490898574394,176.7374328792889,195.56169970312172,185.74815262083442,145.09238896893405,129.87012987012986,155.9110629067245,159.23405119869972,167.05011503451036,141.4601286845834,135.1856175577866,116.3743057630952,107.50225465873268,108.86075500566679,107.49423404771231
US9026531049,,,,,,,,,,,,,,,,,,,,52.008905483178694,42.76467048051825,39.53692304369425,35.867404092596615,35.312874659066814,33.131768300866135,25.633650112292425,30.04252891447539
US9026811052,,,,,,,,,,,,,,,,,,,221.1338344820402,192.17470081305763,183.92354775677111,178.37365723513304,133.08483250859425,144.77454811919884,109.18190737833595,128.3583835946924,149.47197640117994
US9029733048,,,,,,,,,20.940394578470876,18.915845972030727,19.584374048126712,20.47884309040223,22.073683671902984,19.901981788966257,19.671142554625085,19.395767095335263,19.099392523364486,19.01498022795999,17.966811727988045,17.033130521753627,15.857497575169738,9.298481244281794,9.241076027098767,9.136898034916083,7.4413342578738,5.019200472627018,4.773834051320472
US9078181081,,,,,,,,,,,,786.5183482995121,722.960035366932,613.7283325663445,571.2449106374845,576.7305468287575,487.0580707020177,489.856966029432,551.1250689534126,545.7218926553672,453.07699719691664,420.9853970886309,484.60712640147443,433.2766464868831,376.77684422110553,388.5867573282474,386.487587628866
US9111631035,,,,,,,,,,,,37.791114839589405,32.11245976767265,27.32642727859432,28.1398061324514,24.234330189244698,20.71004155032078,18.851448685634537,17.561884337113025,84.43035866315942,48.772278745665126,26.471430647866352,20.98343785752102,20.888457628984124,19.2118675283796,18.965455687415293,18.10883151316205
US9113121068,,,,,,196.8045393459758,192.71773003116286,173.0818909842418,176.24666119839316,265.6363197295339,239.9565901410092,279.9264168088832,260.3151125401929,235.66890952148253,232.74890535222718,232.15123200692665,223.58840500068692,227.25014135668147,226.4473122516665,222.17330580519797,208.09618569182172,214.09290900747698,193.12757007137117,169.65267713055187,151.9862863521298,166.41746740253743,166.2128033380916
US9113631090,,,,,,,,,,,,,,,,57.20625630676085,46.96235708003518,49.09902011346055,50.61246095105866,56.546303267580186,47.643345346091714,43.0455566249599,46.62157092614302,43.669308357348704,40.20408864456279,34.16815517722579,31.912544802867384
US9129091081,,,,,,,,3454.6944939098225,3086.2523703468023,2874.441770876548,1468.1772333080744,4248.323316437364,2849.9985035109935,2402.2536210018106,2471.3581850165565,2741.4147727272725,1971.560130233621,2805.7715569379643,3222.1031088587856,2933.877551020408,2371.817476549827,2061.5289479786657,3250.1796530130378,1340.0739827373613,1347.2584856396868,1418.6007865728689,1637.468030690537
US91324P1021,,,,,,,,,,,,,,,,,1.5072964728604932,1.127518188241135,0.9375081151265959,0.83360426329421,0.7545426016698564,0.7484379839359088,2.024764623300057,1.8037885736006445,1.7053875431778263,1.235424644401717,1.1481650182196772
US91529Y1064,,,,,,,,,3.733143804785596,3.7177829578807295,3.754286389972804,4.168575532864852,4.190966882487193,3.491267709434365,3.418601338840621,3.477005388909277,3.4212977041204193,3.3448535354943,3.250248262164846,2.6685495223507956,2.3267906336088156,1.8519319372598593,1.3213696902469971,1.2359952721037475,1.2105745976148778,1.1719778134814587,1.126380234804808
US91913Y1001,,,,,,,,,,,,,,,,,,,401.8028258369791,323.4730793785912,252.06565669512017,253.87974408921795,442.1370470791225,283.5659826105267,186.1857438642046,222.42791815757843,247.91924915884542
US92276F1003,,,,,,,,,,,,,,202.69791743980565,159.79324821681416,193.62339429185144,205.3251471350365,124.26431612969579,118.0178317431978,114.46920651601263,105.62691963754764,92.59915686272498,97.25587327406149,115.80571785820631,100.75941999138017,90.83294164202661,83.68118604172628
US92343V1044,,,,,,,79.91248965391468,95.47213494514858,81.35667770920313,76.72172591982368,66.67431230355199,56.23514024933215,52.950649838126964,52.812356257046225,47.35441879736892,49.266652841144754,47.01687139495904,42.79154383832245,38.887093189395145,35.06053921957567,33.36028518374177,31.01958776958777,30.121129922364606,28.23487983953657,27.627500274052693,28.217482496603818,28.047073923494672
US92532F1003,,,,,,,,,,,,,,,,,,,10.140543550993817,6.650588350641231,4.536689070109992,3.230741845493717,2.753121614494327,3.033771651880017,2.4718107203242745,2.542556640862481,2.2770210796635237
US9255501051,,,,,,,,,,,,34.22799664710813,30.20725388601036,29.68568830283051,25.972979378999764,20.62940347581024,18.601853450756924,21.72035794183445,23.0355070782084,27.921880925293895,19.383360212503558,17.4871619308456,19.044608994040093,15.618281710327254,16.038538739462062,19.99309528506609,20.128103277060575
US92556V1061,,,,,,,,,,,,,,,,,84.97849629514482,70.41880097144009,60.66679305581887,56.602030618843266,58.33530116583143,73.35654971522978,64.64088397790056,43.867988348624365,49.93113074704692,23.011752199080828,24.08526863555257
US9282981086,,,,,,,,,,,,,,,,,,,,165.64599799809642,142.11110265335262,161.62432705406616,151.34110183548648,114.99752969229625,108.46854564289312,111.5088130815436,129.13932421405732
US9290421091,,,,,,,,,,,,,,,,,,105.06189381248186,107.09981471038428,135.92441383063633,59.393421705297065,51.341357714797944,68.23014941334824,58.28869520007798,51.18167865792532,50.79677154030362,51.5104000304312
US9291601097,,,,,,,,,,,,627.2310991678096,497.7333674109819,524.5668830789027,617.5861115330832,335.5296424128265,284.5924862624655,259.7168297059682,256.67811684188933,244.4978479786628,227.70450132093842,195.82589367680083,235.7679686280711,221.1759302618782,168.63817804024498,158.95192690731056,166.7562721598339
US92922P1066,,,,,,,,,,,,,,,,,,,,,754.0252726853175,735.23264335497,986.6516267879089,629.8740165946847,355.3062604981341,614.3477216064402,622.9969481838554
US92939U1060,,,,,,,,5339.147949154763,7081.121509358422,5081.709849450186,4220.122997066125,5069.569030257517,5650.446162998215,4249.955420827389,7717.831574981161,7792.65324186767,7157.351263732965,5744.756247785221,4461.009327783949,3543.7013793554293,2838.335829155544,2651.3006606319204,3004.5431321374817,2296.296296296296,2048.8361431220956,2163.1620375576294,2236.886475424133
US9297401088,,,,,,,,,,,,,,,,,,,62.217776546574285,46.98182987287197,41.79443924862045,38.14329268292683,36.1855983907042,34.36857581181284,31.56732839033724,27.277668698976957,25.41311254452681
US9311421039,,,,,,,65.19771588498172,64.04077565942455,57.98,53.39181112012065,46.12656832845587,51.40583860426149,50.73876908562068,48.02646828504307,45.15760867248413,44.48142113904437,45.05292895515504,43.63968224337834,42.66547019488632,36.21515640270774,35.23240248442375,35.642704460611796,32.67149481982506,29.80260286266006,29.22087915863037,27.602700096432017,27.460223059245063
US9314271084,,,,,,,,,,,38.06163484457017,34.78967445021003,32.93422514619883,30.860186035042535,31.821406373601537,30.761996449542536,29.023293866034503,18.968677771578864,19.097920714952192,16.678704556964128,14.577606062857567,12.961022327016563,11.752234903360305,11.844461695733381,11.151122677479876,9.760824684353187,9.241406821354962
US9344231041,,,,,,,,,,,,,,,,,,,,,,,,,6.549575657213827,6.533336560102612,6.865644312199588
US94106L1098,,,,,,,,,,,1767.6036002390201,2097.60376558392,1495.0448262085497,1398.601136193751,1370.8320023444942,1338.0881069870557,1171.258931123178,1264.7897538770158,1170.903152325667,1140.3683120469452,1063.629676813732,1055.9282432869622,1132.3827046918123,871.3178294573644,772.8754188242461,661.2699500636444,612.2059556723927
US9418481035,,,,,,,,,,,,23.301527990925468,20.279656876018866,20.122256890725073,16.09695162995399,17.435503708083843,16.95835411070182,12.045054379013793,11.026919987468991,10.393758894242637,9.752352238433442,10.138801859555986,10.315532697913431,6.209900375968188,10.162317342517856,10.215734186257954,10.208928040854694
US9427491025,,,,,,,,,,,,,,,,,26.09103521173284,26.201539824214755,27.387013729977117,24.360637056360265,21.386842609751422,17.638431740081227,19.440540898846614,15.262613309750167,13.114928012124274,14.123911880562174,12.895391173075216
US9497461015,,,,,,,16.27370216281609,13.654148986210483,11.495280018341358,33.98669019780866,33.04884612406102,15.979462229444783,16.99824820308104,16.16247678579517,14.880017018862572,15.064699269890655,13.409349115104332,11.780236135639155,9.921317533129459,9.524845102786099,8.48930338412824,7.4300919020353176,8.006575096820791,8.142160253376533,7.736347288767665,5.557707646956823,5.126198530176171
US95040Q1040,,,,,,,,,,,,,,87.27857907824723,83.36923515132823,56.575903420389025,50.60615286884045,43.13355057974116,33.038008390249374,98.78838661820616,107.7187762405651,93.50036885122663,110.21594379638414,125.44866583792253,65.67894325083631,67.62960803676411,56.17799662074818
US95058W1009,,,,,,,,,,,,,,,,,,,,,53.082960571997866,44.571223439176784,43.821516012284974,39.43177589011691,29.80168503534947,24.423114827890636,23.71739138176321
US95082P1057,,,,,,,,,,,,,,,,7.9485267674491595,7.93814561045099,7.383666421182879,8.058187433317016,7.654882048115248,7.054642876667212,10.219505708694081,6.835429512992663,4.428190852845328,4.0808770596760535,3.9049398709861873,4.006309237904926
US9581021055,,,,,,,,,,,45.45738459624238,62.19527974122439,52.470588235294116,48.44970034246575,69.283422801636,71.79866387215091,63.40619031939414,78.97697123267253,73.37581506376029,56.51706817273091,59.78935072971998,64.34957001668592,64.01301525081153,56.3417295813315,64.31184611477907,89.48449853424536,64.56810460867894
US9598021098,,,,,,,,,,,,,,,,,,,,,,,2.4912099276111688,2.55442928137572,3.019327449446989,3.10144594904751,3.2099674561132625
US9604131022,,,,,,,,,,,,,,,,,,2360.392988562815,2077.306945425199,1332.803755751772,1057.9324736537349,1070.3435587583149,1175.092085554371,775.0071293937851,652.9712549069267,822.7067261715015,850.2161093724263
US96145D1054,,,,,,,,,,,,,,,,,789.7538495227288,762.5687371491417,713.7886255856166,574.591840067945,527.6688100008972,454.2165208073842,491.2139594226673,422.82331785581033,361.8246586958365,383.89739339927723,394.7675143914474
US9621661043,,,,,,,489.7418927862343,472.8445799637633,155.27950310559007,198.06230071130733,334.24794213020704,475.75976845151956,395.2991452991453,427.92792792792795,378.2405439864003,328.29171063430647,170.2012697555045,170.85569048291444,191.67321288295366,151.47304057809893,139.11182450508292,137.320720170888,119.49017525225703,88.22664444662288,88.37391987431265,104.24811050299714,112.29646266142616
US9633201069,,,,,,,,,,44.63798433635614,43.35188025598985,48.29294110766711,41.38315365349015,46.22907960998607,39.3994929173786,41.287274761574935,43.83761070853462,39.85788138432818,39.046046915725455,35.45720604150002,32.53367875647668,32.478182085312696,31.3896484375,20.965521946781898,22.376546339484893,19.117604728861476,22.39615824652255
US9682232064,,,,,,,,,,,,,,,,,,,,,,4.212559759096775,2.809242786453928,2.5343291888651556,2.2393555833847367,2.1427983174604655,2.4285423286650767
US9694571004,,,,,,,,,,1582.1284334154195,1369.5055861398964,2049.19842519685,1759.1652454242928,2133.1819672131146,2259.7025113545283,2465.9086005830904,2215.0233075815113,1919.2158967391304,1746.290038671823,1480.5130120781969,1729.349743265024,1721.9374466528473,1824.3422723150668,1398.6791647331786,1370.8875088090203,1559.6252235956185,1443.3023900306891
US9699041011,,,,,,,,,,,,,,,,,,,,19.873179427170378,18.55371838637681,14.912153391450131,12.869020751154066,9.997167089339525,10.174401345934834,10.27332926313812,9.899448112899872
US9831341071,,,,,,,,,,,,,,,,,,,,,44.41487065436476,33.975742913545844,195.23432136005204,93.04789162900832,100.77552188350536,57.96110991952261,53.11420755528825
US98389B1008,,,,,,,,,,,5016.3967189245595,6014.7781545229345,5417.504093280185,5227.141461135192,5658.426458422174,5333.944652250307,4961.605617314868,4864.692729154193,4689.401956998481,4525.6837809373355,4223.69113946021,3409.2708944217925,3487.766788131182,2881.3937904846994,2383.4095362508165,2352.5271012248345,2486.4221412097313
US9839191015,,,,,,,,,,,,,11.076714274523688,11.4587716418864,12.858370717349509,12.290606893885434,11.625570159471689,12.775408944324923,11.810762965594563,10.92505034143307,8.632670226489951,8.328647400087608,8.825395598308559,7.328322844418526,7.328322844418526,7.328322844418526,7.328322844418526
US98421M1062,,,,,,,28.17707670779799,25.985606012355902,24.59893048128342,23.218017181332716,20.274875056792368,22.59700902562751,14.60731290158554,12.109961990630248,13.979455113890129,13.902495917891299,13.357215967246674,9.982155721806595,19.86816451582954,18.704335119337554,17.395727365208547,16.465806309287448,19.368840786100826,18.98081841432225,16.63289714366118,17.166715074063315,19.001768204468735
US9884981013,,,,,,,,,,,,,214.53733580181608,200.68762870267702,185.8638597520722,224.48180984408438,230.68694931847278,165.03189622281573,72.06163996229972,34.61818986049677,28.81259493670886,29.843844916919778,27.712975937721158,21.779605103280684,21.062700964630224,20.366167326172977,19.09007815604716
US9892071054,,,,,,,,,,,,,,,,,,,,,,2.831661092530658,2.7652877697841727,2.274746756708726,2.4563224355647812,3.0977312390924956,2.8508331660309176
US98956P1021,,,,,,,,,,,,25.01855740587,24.123501255864653,14.296913607978794,14.233289353042467,13.766275900852188,13.619284017717673,10.6117242989096,8.28316349770299,8.134737541698087,8.023169332778682,7.973616296259177,9.06071606520037,14.943084658380338,18.485713050620326,16.152389710854454,15.554137472976844
US9897011071,,,,,,,,,,,,,,,,,,,,,,,,,5.332634102487264,3.848399653979239,3.563275931117341
