Portfolio,Ann_Return,Ann_Volatility,Sharpe_Ratio,Min_Monthly_Return,Max_Monthly_Return,RF_ann
P(mv)_oos,0.08429922882143351,0.14398675128786476,0.46409984407409527,-0.1566782880509579,0.12546479261978172,0.017474999999999942
