Portfolio,Ann_Return,Ann_Volatility,Sharpe_Ratio,Min_Monthly_Return,Max_Monthly_Return,RF_ann
P(mv)_oos,0.09923984183721035,0.12316050817262685,0.663888474076491,-0.10084903245341911,0.10803131627367661,0.017474999999999942
