Portfolio,Ann_Return,Ann_Volatility,Sharpe_Ratio,Min_Monthly_Return,Max_Monthly_Return,RF_ann
P(mv)_oos,0.08429922882140713,0.14398675128789856,0.464099844073803,-0.1566782880509449,0.12546479262014457,0.017474999999999942
