Portfolio,Ann_Return,Ann_Volatility,Sharpe_Ratio,Min_Monthly_Return,Max_Monthly_Return,RF_ann
P(mv)_oos,0.09923984183725101,0.12316050817261524,0.6638884740768835,-0.10084903245329789,0.10803131627374442,0.017474999999999942
