,P(mv)_oos,P(vw)
Ann_Return,0.09923984183721021,0.13303639540345352
Ann_Volatility,0.1231605081726267,0.14209410059136576
Sharpe_Ratio,0.6638884740764902,0.8132737032889567
Min_Monthly_Return,-0.1008490324534191,-0.12191355995064578
Max_Monthly_Return,0.1080313162736766,0.12693285550919328
