Year,ISIN,Weight
2013,AN8068571086,0.007387569578944489
2013,CA00208D4084,7.564049049263211e-05
2013,CA00900Q1037,0.0019689402501142958
2013,CA05534B7604,0.0023178516321004893
2013,CA0636711016,0.0024348300488209076
2013,CA0641491075,0.0012170794080643961
2013,CA0977518616,6.377541662832427e-05
2013,CA1247651088,0.0004936658047501386
2013,CA13321L1085,0.002225033381877755
2013,CA1360691010,0.002790414142410736
2013,CA1363751027,0.00425892859331142
2013,CA1363851017,8.875377097376287e-05
2013,CA13646K1084,0.005583725709735709
2013,CA1366812024,0.000561200567063463
2013,CA2849025093,0.003665148067368853
2013,CA29250N1050,0.0012109939557905043
2013,CA3180714048,0.0005243629549336656
2013,CA3359341052,0.0018159924800287286
2013,CA3759161035,0.0005745028958052958
2013,CA4495861060,0.044272939708740806
2013,CA4530384086,7.893696687782568e-05
2013,CA45823T1066,0.00025474124457166897
2013,CA4969024047,8.171093900457012e-05
2013,CA5592224011,0.0007233590906693635
2013,CA56501R1064,0.002690456770557193
2013,CA59151K1084,0.0002494741053114278
2013,CA6744822033,5.488737767025286e-05
2013,CA7800871021,0.006281559033765939
2013,CA8029121057,0.0001712503551317973
2013,CA85472N1096,4.2717990340360064e-05
2013,CA8667961053,0.000644404142300498
2013,CA87807B1076,8.642735480319647e-06
2013,CA8787422044,0.0011099008187135957
2013,CA87971M1032,0.0015200129595650262
2013,CA8849038085,0.001481307649804249
2013,CA8911605092,0.005777145009356738
2013,CA89346D1078,9.990766041398022e-05
2013,CA8959451037,2.9084628956996986e-05
2013,CA98462Y1007,4.007721755417529e-06
2013,GB0022569080,3.42294099186377e-05
2013,LR0008862868,0.0002759321558418869
2013,PA1436583006,0.005931156660857177
2013,US0010551028,0.002155602285777167
2013,US00130H1059,0.00029431781612401087
2013,US00206R1023,0.018200758563852584
2013,US0028241000,0.003448528974980977
2013,US0028962076,0.0016286348668050525
2013,US00724F1012,0.001795154076744023
2013,US0079031078,7.597387182915443e-05
2013,US0082521081,2.1855713498434902e-05
2013,US00846U1016,0.0006484928437713454
2013,US00971T1016,0.0009967293856409745
2013,US0126531013,0.002378519842251146
2013,US0200021014,0.0032891588863147693
2013,US02079K3059,0.019713928106962243
2013,US02209S1033,0.004006118555543884
2013,US0236081024,3.494829619927836e-05
2013,US0255371017,0.005849657577340652
2013,US0258161092,0.010961440600975906
2013,US0268747849,0.0075765810842361335
2013,US0311621009,0.007422977661472888
2013,US0367521038,0.0007998163067492557
2013,US03743Q1085,0.000659167166033696
2013,US0378331005,0.03701893784767691
2013,US0382221051,1.889494162560658e-05
2013,US0441861046,0.0005492656101852284
2013,US0527691069,0.001741144702668778
2013,US0530151036,0.0030332354183595913
2013,US0534841012,0.005316900261044661
2013,US0536111091,4.041464051929393e-06
2013,US0584981064,0.0011550336956551617
2013,US0605051046,0.013173390218178486
2013,US0640581007,0.0005660234239682784
2013,US0708301041,0.0017131693981020976
2013,US0718131099,0.0004194535040505211
2013,US0758871091,0.0014472309244600245
2013,US0865161014,0.0034805429533139136
2013,US09062X1037,0.0025559996181435973
2013,US0970231058,0.0032141458797821268
2013,US1101221083,0.0011274820393759825
2013,US1156372096,3.37555199455589e-07
2013,US1255231003,0.00022668135900204723
2013,US1258961002,0.0011755324660336337
2013,US1264081035,0.001597268005911723
2013,US12653C1080,2.3368330372900624e-05
2013,US1266501006,0.0009147406827730018
2013,US1270551013,0.0005867036148599888
2013,US1344291091,2.031099043706509e-06
2013,US14040H1059,0.0024802656617746504
2013,US14149Y1082,0.003856371997820364
2013,US1491231015,0.002824967836715092
2013,US1667641005,0.019828878558065043
2013,US1720621010,0.0007162051470035929
2013,US17275R1023,0.013408252874803581
2013,US1729674242,0.012422084189355248
2013,US1858991011,0.0003669872063695794
2013,US1890541097,0.00020598662321415182
2013,US1912161007,0.014528197666185943
2013,US1924461023,3.7838247776470795e-08
2013,US1941621039,0.0016576376950154723
2013,US2003401070,0.0003441696432017907
2013,US2058871029,0.0011141059448571875
2013,US20825C1045,0.002785760783511525
2013,US2091151041,0.007588357989991945
2013,US21036P1084,6.639489726127271e-07
2013,US22160K1051,0.0074384642075451535
2013,US2283681060,0.0005696141364379964
2013,US2310211063,0.001066703778862731
2013,US2333311072,0.0027560682078354155
2013,US23355L1061,0.002628554425921049
2013,US2371941053,0.0007156010667046676
2013,US2441991054,0.004205415282200178
2013,US25179M1036,0.003206486624577039
2013,US2546871060,0.014463472741632
2013,US25746U1097,6.741053178437162e-05
2013,US2600031080,0.0016685586768697511
2013,US26875P1012,0.004562493471208779
2013,US2774321002,0.0004418503109635813
2013,US2786421030,0.0037463257756648735
2013,US2788651006,0.00022476178398750512
2013,US28176E1082,0.0035122610889131286
2013,US29364G1031,0.0014977806112244272
2013,US29670G1022,0.000982242821508552
2013,US30040W1080,0.0002193658136637202
2013,US30161N1019,0.0019458295883067376
2013,US3021301094,0.0019645984895360455
2013,US30231G1022,0.034407888974481736
2013,US3024913036,0.0005655260453074142
2013,US3167731005,7.565011853741293e-05
2013,US3434121022,0.004351662941568516
2013,US34354P1057,0.003912194247366745
2013,US3453708600,0.004196042339548735
2013,US3546131018,5.864953629858635e-05
2013,US35671D8570,0.0035700051071389065
2013,US3647601083,0.0028260717798241158
2013,US3703341046,0.003964535830211719
2013,US37045V1008,0.006287766640656662
2013,US3719011096,0.00013569953557204388
2013,US37247D1063,6.242873171129005e-05
2013,US3755581036,0.0027734969325174086
2013,US38141G1040,0.001273628634700138
2013,US3825501014,0.00019311571061195627
2013,US3848021040,4.977891430705077e-05
2013,US3976241071,0.0015723692916998272
2013,US40434L1052,7.557232934794788e-05
2013,US4062161017,0.0002943206119172168
2013,US4128221086,1.9815115582979198e-05
2013,US4165151048,0.0008539188923027534
2013,US4180561072,0.0010943626234207165
2013,US42250P1030,0.004918449092076334
2013,US4278661081,0.00021909832578380484
2013,US42809H1077,0.005840819810213683
2013,US4370761029,0.004398862510320763
2013,US4385161066,0.0015635720845564144
2013,US4404521001,5.031856429818391e-06
2013,US4448591028,0.0012236557651456044
2013,US4461501045,3.056663977129806e-05
2013,US4470111075,0.0010968400775986538
2013,US45073V1089,0.0012144841398070369
2013,US4523081093,0.004833128822433712
2013,US4581401001,0.010428793623912275
2013,US4592001014,0.020889389290224426
2013,US4595061015,0.00041086029050318616
2013,US4612021034,0.002900176668659859
2013,US4657411066,0.00013227779837437156
2013,US46625H1005,0.011441995303259223
2013,US46982L1089,0.00031156774567836346
2013,US4781601046,0.01788546335959781
2013,US48020Q1076,9.284536667756e-06
2013,US48203R1041,0.0007408742969470912
2013,US48242W1062,0.000895617355221458
2013,US4824801009,0.0034143594817091405
2013,US4878361082,4.92487793448989e-06
2013,US4891701009,0.000691447835212967
2013,US4932671088,0.0012310262248334098
2013,US4943681035,0.006934926493455152
2013,US49446R1095,0.0001559842781086994
2013,US5002551043,0.0014082668395931034
2013,US5010441013,0.0015385498975973035
2013,US5178341070,0.0035720810120412542
2013,US5184391044,9.80181080650675e-07
2013,US5324571083,0.00622721980352389
2013,US5339001068,8.040483136862519e-05
2013,US5398301094,0.005938394115413587
2013,US5486611073,0.002324099242499174
2013,US5502411037,0.005001187179623864
2013,US5526761086,0.0013740930826345902
2013,US5529531015,0.00026661462628255135
2013,US5635714059,0.00030157004514684403
2013,US56418H1005,3.9812843070555375e-05
2013,US5658491064,0.010867661265929411
2013,US5717481023,0.0019823787804118414
2013,US5719032022,0.0034354097308751195
2013,US5738741041,7.521847016424025e-05
2013,US5745991068,0.00014441491602316023
2013,US57636Q1040,0.0057245163236575415
2013,US5770811025,0.0031902935165801895
2013,US5797802064,1.0964383923548409e-07
2013,US5801351017,0.007782487521977973
2013,US58155Q1031,0.005320317559403767
2013,US58933Y1055,0.005164801665201127
2013,US59156R1086,0.00036631486199167044
2013,US5926881054,0.007174497937575144
2013,US5949181045,0.025381408042011024
2013,US5950171042,0.001411659864113403
2013,US5951121038,0.0013153304387172697
2013,US6081901042,5.946318423104936e-05
2013,US60871R2094,0.00017104997204228078
2013,US6092071058,0.006173076223843471
2013,US6174464486,0.003276211347544758
2013,US61945C1036,0.0016199656158720494
2013,US6200763075,7.930229491893544e-05
2013,US6311031081,0.0010411234723472775
2013,US6365181022,3.5818608719416075e-05
2013,US6512291062,0.002654002614111091
2013,US6516391066,0.0005599778207934531
2013,US65339F1012,0.0028542907234686984
2013,US6541061031,0.0047806986792571435
2013,US65473P1057,0.001245101245755556
2013,US6558441084,0.005208501157881511
2013,US6658591044,0.00047127952147243827
2013,US6668071029,9.202752119796218e-05
2013,US6687711084,0.00334588580074859
2013,US67066G1040,0.0002689117497831598
2013,US6708371033,3.0823673036264097e-06
2013,US6745991058,0.008097763923549092
2013,US6819191064,0.000597357983327411
2013,US68389X1054,0.015993176268587737
2013,US6866881021,0.0010414125837468658
2013,US6882392011,0.003293439499205171
2013,US69331C1080,0.00014017842132685394
2013,US6934751057,0.0020143336601467377
2013,US6935061076,0.0005990916457910088
2013,US69351T1060,0.00344764615469218
2013,US6936561009,0.0017000737371267473
2013,US6937181088,0.0008219747699390913
2013,US7010941042,0.0007518766303413957
2013,US7134481081,0.012738182247417034
2013,US7140461093,0.0049922441843580165
2013,US7170811035,0.023086092719188645
2013,US7234841010,5.308826251145441e-05
2013,US7244791007,2.149531359008504e-06
2013,US74144T1088,4.155162991832102e-06
2013,US74251V1026,0.0012192985690397079
2013,US7427181091,0.016167455387828357
2013,US7433151039,0.0015977016347310477
2013,US74340W1036,1.9656836227363186e-05
2013,US7443201022,0.0015804355477401072
2013,US7445731067,0.0005565922810231306
2013,US7475251036,0.008457284217138691
2013,US74834L1008,0.0030722190135562574
2013,US75513E1010,0.004119555133222341
2013,US7588491032,0.00046587825567090353
2013,US7739031091,1.8380914827864894e-05
2013,US7835491082,3.877804091369095e-06
2013,US78409V1044,0.000551090554259278
2013,US78440X8873,3.150056270652365e-06
2013,US79466L3024,0.0017764328806159798
2013,US8101861065,0.001054054939697223
2013,US81211K1007,0.00031367823476506136
2013,US8168511090,3.57940957161366e-05
2013,US8288061091,0.0005851642134598632
2013,US8326964058,0.0015010113353333806
2013,US8425871071,0.0020959515636036967
2013,US84265V1052,0.0042946837264977835
2013,US8545021011,0.001549017956217798
2013,US8552441094,0.00437315303238523
2013,US8574771031,0.001679415335530396
2013,US8676524064,3.2478231619997565e-05
2013,US8718291078,0.0022532875743473215
2013,US8725401090,0.0016339760856933316
2013,US87612E1064,0.006824869083097149
2013,US8807701029,7.359955538347462e-06
2013,US8825081040,0.0006408018848326051
2013,US8832031012,0.0010471155451146092
2013,US88337F1057,0.0004471798204923184
2013,US8835561023,0.00045654897155129914
2013,US88579Y1010,5.505431742818484e-05
2013,US89417E1091,0.00430572724763948
2013,US89832Q1094,0.0032771388277068724
2013,US9029733048,0.01029703585684422
2013,US9078181081,0.00981197634071313
2013,US9111631035,0.002464957198572939
2013,US9113121068,0.0034982462660465394
2013,US9129091081,5.338037664531273e-05
2013,US91529Y1064,0.0007057234879085052
2013,US92276F1003,0.00038042176974012964
2013,US92343V1044,0.011351983105531831
2013,US9255501051,0.0005362979173402099
2013,US92939U1060,0.0001534111157616981
2013,US9311421039,0.030897436001310608
2013,US9314271084,0.00358425006098345
2013,US94106L1098,0.0006472916836284298
2013,US9418481035,9.64714418663196e-07
2013,US9497461015,0.015698754943286146
2013,US95040Q1040,4.2005988846631384e-05
2013,US9581021055,0.00011437039638966487
2013,US9694571004,0.003886140533014724
2013,US98389B1008,0.00011138964140154257
2013,US9839191015,8.157504409134202e-06
2013,US98421M1062,3.659317208055516e-05
2013,US9884981013,0.00014071196949001262
2013,US98956P1021,0.004235065054591829
2014,AN8068571086,0.009592721306406997
2014,CA00208D4084,0.00016375468468613272
2014,CA0084741085,0.0008957801457781625
2014,CA00900Q1037,0.0009439342421608552
2014,CA05534B7604,0.000603863225243118
2014,CA0636711016,0.0017228322491357171
2014,CA0641491075,0.00017156425122950782
2014,CA1247651088,6.935485327223837e-06
2014,CA12532H1047,2.1381578429747284e-05
2014,CA13321L1085,0.0013909248815841629
2014,CA1360691010,0.0024093624748206567
2014,CA1363751027,0.0009149939517432673
2014,CA13646K1084,0.01189575704500247
2014,CA1366812024,0.0025226403751791226
2014,CA2849025093,0.0008250143652027957
2014,CA29250N1050,0.0006226475622695678
2014,CA2927661025,0.0007203404077282885
2014,CA3180714048,0.00027591995484208475
2014,CA3359341052,0.0004962286394828632
2014,CA3495531079,0.0007752250889842113
2014,CA3759161035,9.031206610742316e-05
2014,CA4495861060,0.04840756858343301
2014,CA4530384086,0.00046469635465719474
2014,CA45823T1066,2.6631077982146663e-05
2014,CA4969024047,2.227742345754483e-06
2014,CA5394811015,0.0006291641897438427
2014,CA5592224011,0.0002910950003106713
2014,CA56501R1064,0.001925786862368614
2014,CA59151K1084,0.000704093840624087
2014,CA7392391016,0.001120405402292194
2014,CA7800871021,0.0030374261582588225
2014,CA8029121057,0.000635109783602872
2014,CA85472N1096,0.001236732285088036
2014,CA8667961053,0.00037978170865162175
2014,CA8672241079,0.00047867274158921183
2014,CA87807B1076,0.00010604227917851581
2014,CA8787422044,0.0005217066494397878
2014,CA87971M1032,0.0013022876674166452
2014,CA8849038085,0.00013157654500517717
2014,CA8911605092,0.0025275974485730606
2014,CA89346D1078,1.846831279906745e-05
2014,CA8959451037,3.162047236307035e-05
2014,CA98462Y1007,5.05833414092881e-05
2014,GB0022569080,0.0012110480821433767
2014,LR0008862868,0.004030922646326997
2014,PA1436583006,0.00040897642229870774
2014,US0010551028,0.000618272636560486
2014,US00206R1023,0.016974528463108842
2014,US0028241000,0.0019255405576290552
2014,US0028962076,0.0021542552275418125
2014,US00724F1012,0.0011711819345754477
2014,US0082521081,2.8463073106292237e-06
2014,US00846U1016,4.2243392390171e-05
2014,US0091581068,0.0010603903250846196
2014,US00971T1016,2.9486717885805826e-05
2014,US0185811082,0.00046084818587915097
2014,US0200021014,0.00479836250048367
2014,US02079K3059,0.025887831816209694
2014,US02209S1033,0.005527855888569449
2014,US0236081024,0.001161673731810982
2014,US0255371017,0.002608516735804578
2014,US0258161092,0.009103650048252724
2014,US0268747849,0.00696602232390003
2014,US03027X1000,4.220325603013976e-06
2014,US0311621009,0.011307482884110848
2014,US0367521038,0.00580669947448032
2014,US0378331005,0.03530510763099336
2014,US0382221051,0.001021173125352645
2014,US0383361039,7.889472223948543e-07
2014,US0527691069,0.002217839208000842
2014,US0530151036,0.0019032486313666592
2014,US0534841012,0.004243332498738188
2014,US0538071038,0.00018194567571981987
2014,US0584981064,0.00018089147667298442
2014,US0605051046,0.015482965642436898
2014,US0640581007,0.0002455255153050164
2014,US0708301041,8.490654759852519e-06
2014,US0718131099,2.3769748748865286e-05
2014,US0758871091,0.005622172795371697
2014,US0865161014,0.0032800978647535193
2014,US09062X1037,0.0070431067125072
2014,US0970231058,0.0007818279543845671
2014,US1011371077,0.001786931976930633
2014,US1101221083,0.002371210005746116
2014,US1156372096,4.701394400197842e-06
2014,US1264081035,0.0008082329510204265
2014,US12653C1080,0.001043419299508346
2014,US1266501006,0.003881923707822744
2014,US1270551013,0.0016400261440895991
2014,US1344291091,0.0004630322611725713
2014,US14040H1059,0.00840702680925085
2014,US14149Y1082,0.0033688336707693597
2014,US1491231015,0.00028004636686953984
2014,US1667641005,0.017428535688895627
2014,US1720621010,0.0025537893299365003
2014,US17275R1023,0.014474034557513296
2014,US1729674242,0.014259357319729618
2014,US1890541097,7.556939491863227e-05
2014,US1912161007,0.009990649998629779
2014,US1924461023,0.0007859400195083021
2014,US1941621039,0.001105061295951338
2014,US2003401070,0.0010896626318433883
2014,US2058871029,2.337758561446691e-05
2014,US20825C1045,0.003341303085668381
2014,US2091151041,0.004020232551578255
2014,US21036P1084,2.8517414643613056e-05
2014,US22160K1051,0.0024284611410476196
2014,US2283681060,4.167155418315919e-05
2014,US2310211063,0.0020264296394503726
2014,US2333311072,0.005587848157533382
2014,US23355L1061,0.003973302017633925
2014,US2371941053,2.2574163261084354e-05
2014,US2441991054,0.009285660351152776
2014,US2473617023,0.00012875022323106448
2014,US25179M1036,0.0025628524640246516
2014,US2546871060,0.014171821482574046
2014,US25746U1097,3.993733008240781e-05
2014,US2600031080,0.0015761360790624561
2014,US26875P1012,0.00902119971081861
2014,US2774321002,0.003429831227071024
2014,US2786421030,0.00037657394887682206
2014,US2788651006,0.0004181346004006705
2014,US2810201077,0.003992624674815696
2014,US28176E1082,0.005452411199145678
2014,US2910111044,0.004044098866683762
2014,US29364G1031,0.002904434961354126
2014,US30040W1080,1.4421628247505547e-05
2014,US30161N1019,7.516092427759647e-05
2014,US3021301094,0.000890316468645824
2014,US30231G1022,0.031000573585247417
2014,US3024913036,0.0005623767900636448
2014,US31428X1063,0.00034385447506328064
2014,US3156161024,0.0005038975915982355
2014,US3167731005,0.0007848643364265468
2014,US3434121022,0.0009779562779888397
2014,US34354P1057,0.004147719548107394
2014,US3453708600,0.0028532734177554495
2014,US3546131018,0.00042422469611050383
2014,US35671D8570,0.0020616728971487187
2014,US3647601083,0.0031722467016454315
2014,US3703341046,0.005929678757556063
2014,US37045V1008,0.0013068738123371954
2014,US3719011096,0.0006829796281335805
2014,US37247D1063,2.5884790150543178e-06
2014,US3755581036,0.005525097864564088
2014,US38141G1040,0.002645836843664434
2014,US3825501014,0.001551592005747165
2014,US3848021040,3.902196651359155e-06
2014,US3976241071,2.286351042292834e-05
2014,US40434L1052,0.0003234499303683322
2014,US4062161017,1.393093191879033e-06
2014,US4165151048,0.0011441502822124082
2014,US4180561072,0.0019461721647220061
2014,US42250P1030,0.001318221026442317
2014,US4278661081,0.0028585972858871213
2014,US42809H1077,0.002653751942213551
2014,US4370761029,0.0011913358802609969
2014,US4404521001,0.00182804732745241
2014,US4448591028,4.800512206099129e-06
2014,US4456581077,5.7870305179215354e-05
2014,US4470111075,0.0013579197765508728
2014,US45073V1089,0.00017068928596347137
2014,US4523081093,0.003643073575895077
2014,US4581401001,0.00956227281228708
2014,US4592001014,0.00848226743585167
2014,US4606901001,3.315494604159047e-05
2014,US4612021034,0.0018021669253417472
2014,US46625H1005,0.013916491655401446
2014,US4781601046,0.019011596534091974
2014,US48020Q1076,0.00034370819359323576
2014,US48203R1041,0.0012513353330321241
2014,US48242W1062,0.00018111028874348873
2014,US4824801009,0.0009947156975939617
2014,US4878361082,0.0007143490371677777
2014,US4932671088,0.0017126544274158133
2014,US4943681035,0.009221882232800356
2014,US49446R1095,4.5014741849272773e-05
2014,US5002551043,0.0006869975010400794
2014,US5010441013,0.001812248708385684
2014,US5178341070,0.00449929945509804
2014,US5184391044,2.119998670048623e-06
2014,US5324571083,0.003600641999976789
2014,US5339001068,0.0004609848911187083
2014,US5398301094,0.0057633815962594825
2014,US5486611073,0.0010119660835823364
2014,US5502411037,0.003717588191533529
2014,US5526761086,0.0028790190223717516
2014,US5529531015,0.0008691876769470931
2014,US5635714059,0.0004918117210139339
2014,US5658491064,0.009676585694039936
2014,US5717481023,0.00033526226537868703
2014,US5719032022,0.004561156252322155
2014,US5738741041,0.001247460366050558
2014,US5745991068,2.161702691988486e-07
2014,US57636Q1040,0.005575712933433377
2014,US5770811025,0.004001785305322911
2014,US5797802064,4.70296072319426e-06
2014,US5801351017,0.010992281258715828
2014,US58155Q1031,0.010400592580511363
2014,US58933Y1055,0.004667519086931574
2014,US59156R1086,0.00012392923620600744
2014,US5926881054,0.0030504984098225795
2014,US5949181045,0.030047699110126124
2014,US5950171042,0.0001503838019143248
2014,US5951121038,0.001822420279200111
2014,US60871R2094,1.616510656923391e-06
2014,US6092071058,0.0012612537269188209
2014,US6174464486,0.0048068593371529125
2014,US61945C1036,0.0014363977065083738
2014,US6311031081,0.0011954120376304353
2014,US64110D1046,9.650402839220986e-05
2014,US6512291062,0.00015250422263865998
2014,US6516391066,0.00017763416529359302
2014,US65339F1012,0.0008990064670182617
2014,US6541061031,0.010273928326160543
2014,US65473P1057,0.0011900346461238226
2014,US6556641008,0.0010645865545964189
2014,US6558441084,0.0032712283949447997
2014,US6658591044,0.0015894562043551152
2014,US6668071029,0.00037637594359908946
2014,US6687711084,0.005133554715403845
2014,US67066G1040,0.002848566975434346
2014,US67098H1041,3.343703417982097e-05
2014,US6745991058,0.007911130223378478
2014,US6819191064,7.824800123091934e-05
2014,US68389X1054,0.00912378557873029
2014,US6866881021,0.0014274831066162044
2014,US6882392011,0.003256813375140521
2014,US69331C1080,0.0007200778252510363
2014,US6934751057,0.0009194760484192454
2014,US6935061076,0.00022758781144800242
2014,US69351T1060,0.0016705584602844349
2014,US6937181088,0.00851439461139938
2014,US7010941042,0.004023878069824853
2014,US7134481081,0.01454224484393672
2014,US7140461093,0.005598080989654009
2014,US7170811035,0.01691059401631372
2014,US7234841010,1.0874133134140547e-05
2014,US7244791007,0.0005120709079961624
2014,US7427181091,0.015383703614512762
2014,US7433151039,0.0002614808373717969
2014,US7443201022,0.0023912326294929748
2014,US7445731067,0.0004822519383121778
2014,US7475251036,0.010351483712896264
2014,US74834L1008,0.0033067552017520497
2014,US75513E1010,0.0012264632126766592
2014,US7588491032,0.003709016568897579
2014,US7739031091,0.0001156778336499597
2014,US7835491082,2.751633661895672e-06
2014,US78409V1044,7.146651762182101e-05
2014,US78473E1038,0.0013834737681420006
2014,US79466L3024,0.001865874323018064
2014,US8101861065,0.0028972146000862584
2014,US81211K1007,0.0002184587727059293
2014,US8168511090,3.625258025770751e-05
2014,US8243481061,3.879321263063321e-06
2014,US8288061091,1.1233734806329423e-05
2014,US8326964058,4.876561996125612e-05
2014,US8354951027,0.00012313086851298638
2014,US8425871071,1.2140673503016035e-05
2014,US84265V1052,0.0020269157851551226
2014,US8447411088,0.001248812756549422
2014,US8545021011,0.0015197837879434956
2014,US8552441094,0.00739113914170683
2014,US8574771031,0.0009626349365060911
2014,US8718291078,0.005921477276287888
2014,US8725401090,0.002321300884825942
2014,US87612E1064,0.007167449839697708
2014,US8807701029,1.4067043466395264e-05
2014,US8825081040,0.000880177850359762
2014,US8832031012,0.0002785521977826488
2014,US88337F1057,5.2468582218227094e-05
2014,US8835561023,0.00019106320277377634
2014,US88579Y1010,0.0007487433066155178
2014,US89417E1091,0.0035914309903681938
2014,US89832Q1094,0.0014838991921900502
2014,US9024941034,0.0003848557853975236
2014,US9029733048,0.010289944972589152
2014,US9078181081,0.010604209360335081
2014,US9111631035,0.0030789893058914253
2014,US9113121068,0.0039062247788563503
2014,US9113631090,0.00015557740522869772
2014,US9129091081,0.00046744199458227973
2014,US92276F1003,3.9068514625004814e-05
2014,US92343V1044,0.006238331622551214
2014,US9255501051,0.0002654470580749473
2014,US9291601097,2.477419078297548e-06
2014,US92939U1060,1.7297490003354485e-05
2014,US9311421039,0.02818788856616081
2014,US9314271084,0.004455366334506113
2014,US94106L1098,0.0037940593453722428
2014,US9418481035,4.383600268286963e-05
2014,US9497461015,0.015423011758403247
2014,US95040Q1040,0.002601100125596982
2014,US95082P1057,3.4063331410088793e-05
2014,US9621661043,5.759941872404022e-07
2014,US9633201069,0.0002298251759793888
2014,US9694571004,0.004782492433925147
2014,US98389B1008,5.2717809433990155e-05
2014,US9839191015,0.0006127560223192211
2014,US98421M1062,0.0006927406760790475
2014,US98956P1021,0.002359084943086776
2015,AN8068571086,0.009732730343921909
2015,CA00208D4084,5.81583546808995e-05
2015,CA0084741085,0.0019603917313292473
2015,CA00900Q1037,0.00039493642980771234
2015,CA05534B7604,0.000320226723815124
2015,CA0636711016,0.0006058711580565824
2015,CA0641491075,0.0002756335855191088
2015,CA0977518616,0.00020767118931062461
2015,CA12532H1047,0.00030667460033433704
2015,CA13321L1085,2.6805599831874554e-05
2015,CA1360691010,0.0011801754426120845
2015,CA1363851017,8.042526243624967e-05
2015,CA13646K1084,0.009380699767644786
2015,CA1366812024,0.0004691381313668918
2015,CA2849025093,2.435622459824005e-05
2015,CA29250N1050,7.256684714254162e-05
2015,CA3180714048,0.00017255510569333225
2015,CA3359341052,0.0002682135697947456
2015,CA3495531079,0.0019442217675086373
2015,CA3759161035,0.0014707368256046641
2015,CA39138C1068,0.00017151757274265722
2015,CA4495861060,0.040373228828053824
2015,CA4530384086,0.0005400924719523563
2015,CA4969024047,6.692151412381658e-05
2015,CA5394811015,4.1713966766490794e-05
2015,CA5592224011,0.004024351595871287
2015,CA56501R1064,0.0024059779668656016
2015,CA59151K1084,3.040579717938623e-05
2015,CA6744822033,0.0009357565029965325
2015,CA7392391016,0.0003671269409479139
2015,CA7751092007,6.0692650662852964e-05
2015,CA7800871021,0.002850715387785036
2015,CA8029121057,1.3778442144867733e-05
2015,CA85472N1096,0.0008569667691924594
2015,CA8667961053,0.00014391626848798926
2015,CA8672241079,0.0009446224827677906
2015,CA87807B1076,1.1368763414383162e-05
2015,CA8787422044,0.0007239477983669571
2015,CA87971M1032,0.001340387486002508
2015,CA8911605092,0.0007708747095588695
2015,CA8959451037,8.145185094153924e-06
2015,CA98462Y1007,0.00018337498552638534
2015,GB0022569080,0.00017355051768563383
2015,LR0008862868,0.004126484520524899
2015,US0010551028,0.0005332330049781425
2015,US00206R1023,0.017660215707206585
2015,US0028241000,0.0019562547459459016
2015,US0028962076,2.920001055288028e-06
2015,US00724F1012,0.0014379656555786049
2015,US0079031078,5.8583406702682984e-05
2015,US0091581068,0.001346855705266553
2015,US00971T1016,0.0005227261505768052
2015,US0126531013,8.73345820572978e-06
2015,US0185811082,0.00011617779152315432
2015,US0188021085,0.002369520267148261
2015,US0200021014,0.003307653101634527
2015,US02079K3059,0.018033964582629392
2015,US02209S1033,0.008984485203311904
2015,US0255371017,0.0018565101241654353
2015,US0258161092,0.007644397999784323
2015,US0268747849,0.006167675516513927
2015,US03027X1000,0.0009378606630818401
2015,US0311621009,0.012048526738851586
2015,US0367521038,0.007542505028481832
2015,US03743Q1085,3.1034130728712884e-05
2015,US0378331005,0.046159174475550284
2015,US0382221051,0.0031932557245351136
2015,US0383361039,6.504038989444499e-05
2015,US0441861046,0.0004681656548369701
2015,US0527691069,0.00011351246805334433
2015,US0530151036,0.003641245430873666
2015,US0534841012,0.006881261010324607
2015,US0536111091,0.0001739075769606195
2015,US0538071038,0.0008515642722799956
2015,US0584981064,9.320304782801903e-05
2015,US0605051046,0.013154937874476344
2015,US0640581007,0.0012451722193924516
2015,US0708301041,1.1851480281288289e-06
2015,US0718131099,0.00015382125237495552
2015,US0758871091,0.005328106632876755
2015,US0865161014,0.004908994116335994
2015,US09062X1037,0.00819266336719989
2015,US0970231058,0.0035846351725752033
2015,US0997241064,9.952983960950944e-05
2015,US1011211018,0.0007105157812347685
2015,US1011371077,0.000730484270872409
2015,US1101221083,0.00104436934185677
2015,US1124631045,0.0012389707172046577
2015,US1156372096,0.00034146903696755614
2015,US12504L1098,0.0002878078878055884
2015,US1255231003,9.097253823604351e-05
2015,US1264081035,4.459217280076727e-05
2015,US12653C1080,0.0007013287613643883
2015,US1266501006,0.006609217786454692
2015,US1270551013,0.0009034564328178534
2015,US1344291091,0.00045327630983607814
2015,US14040H1059,0.009712466675676613
2015,US14149Y1082,0.0031529496333712395
2015,US1491231015,4.17858573694608e-06
2015,US1667641005,0.0151551661326181
2015,US1717793095,0.0004502276028460622
2015,US1720621010,0.003599467801038067
2015,US17275R1023,0.014746461849201465
2015,US1729674242,0.013123210462568436
2015,US1890541097,0.00028295056038024884
2015,US1912161007,0.009680833885165142
2015,US1924461023,0.0013545464010181868
2015,US1941621039,7.485059428281412e-06
2015,US2003401070,0.000253627619907379
2015,US2058871029,0.00018046059111334405
2015,US20825C1045,0.001363343179975055
2015,US2091151041,0.005718209044215936
2015,US21036P1084,4.440542577234454e-05
2015,US22160K1051,0.000801815823282581
2015,US2283681060,6.948542253837717e-05
2015,US2310211063,0.0038284236135711354
2015,US2333311072,0.004714138865535779
2015,US23355L1061,0.00473390354225764
2015,US2371941053,0.00013003785998224105
2015,US2441991054,0.009668690683284681
2015,US2473617023,0.000563020738231922
2015,US25179M1036,0.0014600526274817162
2015,US2533931026,8.320098404571307e-05
2015,US2546871060,0.015563082150591866
2015,US25746U1097,6.283198874890438e-06
2015,US2600031080,0.0011260107692043688
2015,US26875P1012,0.004300150561251442
2015,US2774321002,0.0010532286741027517
2015,US2786421030,0.0005008997281587476
2015,US2788651006,0.0006839743684317992
2015,US2810201077,0.004177483459866298
2015,US28176E1082,0.003940229720078257
2015,US2910111044,0.003767296681464212
2015,US29364G1031,0.0024706961532252984
2015,US29444U7000,6.951043386717876e-05
2015,US29670G1022,0.00047926482920354895
2015,US30040W1080,0.0007208487917732395
2015,US30161N1019,9.622205430366602e-05
2015,US3021301094,0.0005099552959039571
2015,US30231G1022,0.029874816948986603
2015,US3024913036,0.0003848339497312413
2015,US31428X1063,0.0018103623724519144
2015,US3156161024,0.0005386148861307704
2015,US3167731005,0.0016107404650368303
2015,US3434121022,8.144770010204058e-05
2015,US34354P1057,0.003037752080946884
2015,US3453708600,0.0017380894115472394
2015,US35671D8570,0.00045584409759677263
2015,US3647601083,0.0020593458718083262
2015,US3703341046,0.0045937903206948105
2015,US37045V1008,0.0003410286699309035
2015,US37247D1063,7.518994422583394e-05
2015,US3755581036,0.008777396616884882
2015,US38141G1040,0.0022175200863312093
2015,US3825501014,0.0029606224648253635
2015,US40434L1052,0.0017321255240369566
2015,US4062161017,0.0005561668115722496
2015,US4165151048,2.0164163119223705e-06
2015,US4180561072,0.001688345380514952
2015,US42250P1030,0.00152262011722908
2015,US4278661081,0.002437738207675993
2015,US42809H1077,0.0008078497819647108
2015,US4370761029,0.0013021582368618928
2015,US4385161066,1.6493160871209874e-05
2015,US4404521001,0.0032916422376834758
2015,US44107P1049,0.0006787402377013737
2015,US4448591028,0.0028691921920714924
2015,US4461501045,1.908682553977474e-07
2015,US4470111075,0.0013490815497073704
2015,US45073V1089,1.4128038380667658e-05
2015,US4523081093,0.003190229906790852
2015,US4581401001,0.01204915610126267
2015,US4592001014,0.0068027728329371545
2015,US4595061015,0.00277986615289333
2015,US4601461035,4.273745232567662e-05
2015,US4606901001,2.358382320014439e-05
2015,US4612021034,0.0020744506767562216
2015,US46284V1017,0.002076645470139015
2015,US4657411066,7.942183161320785e-05
2015,US46625H1005,0.013512656080354629
2015,US4663131039,2.0269287469505466e-06
2015,US46982L1089,0.00016266087486540282
2015,US4781601046,0.018629138792668417
2015,US48020Q1076,0.000823688824006279
2015,US48203R1041,0.0012726331455193969
2015,US48242W1062,0.0008079185502029438
2015,US4824801009,0.002372556353775481
2015,US4878361082,0.00011424703154386337
2015,US4891701009,0.0005373816374220733
2015,US4932671088,0.001553799274361947
2015,US4943681035,0.007561247850957978
2015,US49446R1095,0.0022796257317947394
2015,US5002551043,0.00013504175949222418
2015,US5010441013,0.005142647689689301
2015,US5178341070,3.5821060520158894e-06
2015,US5184391044,0.0006736238391775981
2015,US5324571083,0.004971845139250064
2015,US5339001068,0.0005394270962992651
2015,US5341871094,9.015065130930377e-05
2015,US5398301094,0.005417964006951456
2015,US5486611073,0.003658393062544293
2015,US5502411037,0.0030877937535509514
2015,US5526761086,0.0032290379065158517
2015,US5529531015,0.00012223261280014123
2015,US5543821012,0.0009856143129387475
2015,US5658491064,0.004608834904667412
2015,US5717481023,0.0006263203260347106
2015,US5719032022,0.005125402073805885
2015,US5738741041,0.0012662057773943861
2015,US57636Q1040,0.006061306192636775
2015,US5770811025,0.00035327123938585185
2015,US5797802064,0.00010300146568196833
2015,US5801351017,0.009415445127505018
2015,US58155Q1031,0.012238391690923717
2015,US58933Y1055,0.005437760448017327
2015,US59156R1086,2.8910139142050923e-06
2015,US5926881054,0.002498382719899769
2015,US5949181045,0.02970022612700885
2015,US5950171042,0.00030351031459494894
2015,US5951121038,0.0020063340585122383
2015,US6005441000,9.186362015847399e-06
2015,US6081901042,4.194816275947302e-06
2015,US60871R2094,0.000379705966253072
2015,US6092071058,0.005080790877221661
2015,US6174464486,0.003130655337196284
2015,US61945C1036,0.0018888554754773186
2015,US6267171022,0.0010506534461355774
2015,US6311031081,0.001598432254386463
2015,US64110D1046,0.0001086057841287034
2015,US6512291062,0.0007010846969778377
2015,US6516391066,0.002783151193848197
2015,US65339F1012,5.945312765528732e-06
2015,US6541061031,0.010325854738523595
2015,US65473P1057,0.0015982503870520504
2015,US6556641008,0.001306736521697145
2015,US6558441084,0.000609376940627561
2015,US6658591044,0.000756034197031276
2015,US6668071029,0.0013535515887280543
2015,US6687711084,0.003652555808323427
2015,US67066G1040,0.0014426946916439964
2015,US6708371033,8.796640748833837e-06
2015,US67098H1041,0.00016321954093316568
2015,US6745991058,0.006650280721122218
2015,US6819191064,2.9672598792502564e-05
2015,US6821891057,0.0012622411652828591
2015,US68389X1054,0.008238638059635033
2015,US6866881021,0.0009226262086440137
2015,US6882392011,0.0006350722865745414
2015,US69331C1080,0.003477084819886095
2015,US6934751057,8.509785004282155e-06
2015,US6935061076,0.0006333672822751668
2015,US69351T1060,6.476714721200193e-05
2015,US6936561009,0.0002471364203835195
2015,US6937181088,0.005868943829410415
2015,US7010941042,0.0020392845800273297
2015,US7134481081,0.015231101017192671
2015,US7140461093,0.0045507228781268205
2015,US7170811035,0.01690516237205752
2015,US7234841010,0.00020064929084036667
2015,US7244791007,1.3072691841947244e-05
2015,US7310681025,0.0015940781740314124
2015,US74251V1026,1.3547233951538222e-06
2015,US7427181091,0.014735699781870677
2015,US7433151039,2.3969149889309014e-05
2015,US74340W1036,1.3023451785341292e-06
2015,US7443201022,0.001102253019112223
2015,US7445731067,0.0006549808350216765
2015,US7475251036,0.009160274990072156
2015,US74834L1008,0.0021443203603741185
2015,US75513E1010,0.002262939421258773
2015,US7588491032,0.0044622219731349725
2015,US7607591002,0.000517413538418188
2015,US7739031091,0.0007173231862560279
2015,US78409V1044,0.0010501987272623279
2015,US78440X8873,5.163512886830399e-05
2015,US78473E1038,3.933041420410979e-05
2015,US79466L3024,0.0020595986182539395
2015,US8101861065,0.001071297722520964
2015,US81211K1007,0.00028933815171074194
2015,US8243481061,0.002254469786565577
2015,US8288061091,0.0012407366369431418
2015,US8326964058,8.702991715265314e-05
2015,US8354951027,1.6732752187033432e-06
2015,US8425871071,0.0004263527032590635
2015,US84265V1052,0.00012437804835444186
2015,US8545021011,0.002581241164282033
2015,US8552441094,0.008288572208651843
2015,US8574771031,0.00039284816515814996
2015,US8718291078,0.0032664957606686174
2015,US8725401090,0.0017257311860260516
2015,US87612E1064,0.006624370579739017
2015,US8807701029,0.0013318264396569059
2015,US8825081040,0.0023754616081263363
2015,US8832031012,0.002740506923378654
2015,US88337F1057,0.00024969835105797123
2015,US8835561023,4.686235403089689e-05
2015,US88579Y1010,0.0027015340322766378
2015,US89417E1091,0.0038369866161108534
2015,US89832Q1094,0.00012096410992948435
2015,US9024941034,0.0013197832716879965
2015,US9029733048,0.009500101992831573
2015,US9078181081,0.011415660003527915
2015,US9111631035,0.0013071317657443126
2015,US9113121068,0.0033890375540943877
2015,US9113631090,4.731482910204333e-05
2015,US9129091081,0.0015301685712554647
2015,US91324P1021,0.0028687706485263273
2015,US91529Y1064,0.0001834469067216334
2015,US92276F1003,0.0001588270627995529
2015,US92343V1044,0.007600745760655158
2015,US9255501051,3.7479214796702246e-05
2015,US92556V1061,0.00031786379716048594
2015,US9291601097,0.0004459357927326437
2015,US92939U1060,0.0018483863777423225
2015,US9311421039,0.02548232155068397
2015,US9314271084,0.006726038251218869
2015,US94106L1098,0.0038361074965085505
2015,US9418481035,5.88338216656136e-05
2015,US9497461015,0.015302851881598292
2015,US95040Q1040,0.0034833268240313667
2015,US9621661043,9.369890029741408e-06
2015,US9633201069,0.0032750156048670363
2015,US9694571004,0.0028165480264005817
2015,US98389B1008,0.0004930987855929267
2015,US9839191015,4.6627211465199456e-05
2015,US98421M1062,0.0012398618601391416
2015,US9884981013,0.0014476157285671894
2015,US98956P1021,0.0026391852482691904
2016,AN8068571086,0.01354445927526269
2016,CA0084741085,0.000287784997842184
2016,CA00900Q1037,4.569455780812749e-05
2016,CA05534B7604,6.448855766458683e-05
2016,CA0636711016,7.86170597302655e-05
2016,CA0641491075,0.0010380051038111023
2016,CA12532H1047,8.049525340206687e-06
2016,CA13321L1085,3.2405575709642085e-06
2016,CA1360691010,0.0004640867361686283
2016,CA1363751027,6.138185283898131e-06
2016,CA1363851017,0.0029072251492259084
2016,CA13646K1084,0.002945978110375626
2016,CA2849025093,0.0009896425472675735
2016,CA29250N1050,1.7798521364277562e-06
2016,CA3495531079,0.0011896141627028927
2016,CA3759161035,0.0016659666281311947
2016,CA39138C1068,0.0007947345397773561
2016,CA4495861060,0.04999710637638389
2016,CA4969024047,2.8278679286546154e-05
2016,CA5394811015,6.2490942578527104e-06
2016,CA5592224011,0.005664973385875279
2016,CA56501R1064,0.0009675312140783653
2016,CA59151K1084,9.007836164409365e-06
2016,CA6744822033,0.00024758990717692423
2016,CA7392391016,0.0006522836925871126
2016,CA7800871021,0.0002918425310387627
2016,CA8029121057,4.721606353188264e-07
2016,CA8239011031,9.96590578336942e-07
2016,CA85472N1096,0.0037167920420854875
2016,CA8672241079,0.0033124721525836405
2016,CA8911605092,0.00037664028501836267
2016,CA8959451037,2.0981910812838266e-06
2016,CA98462Y1007,0.0009697001323107906
2016,GB0022569080,0.0005032882957504352
2016,IE00BWT6H894,0.0015471846601902268
2016,LR0008862868,0.006567059778534617
2016,PA1436583006,3.4250837160945545e-05
2016,US0010551028,5.995788924921188e-05
2016,US00206R1023,0.01878818958596651
2016,US0028241000,0.006657523600006524
2016,US0028962076,0.0015284530697713076
2016,US00724F1012,0.004855767829110765
2016,US00846U1016,6.391222161574128e-05
2016,US0091581068,0.0007083443461530177
2016,US00971T1016,4.607706330843972e-05
2016,US0126531013,4.2692518688058716e-08
2016,US0185811082,0.0018141822536465603
2016,US0188021085,8.072392506656385e-06
2016,US0200021014,3.378961640979086e-06
2016,US02079K3059,0.018798335590987897
2016,US02209S1033,0.02251108751740618
2016,US0236081024,0.000302307479174336
2016,US0255371017,0.00017727121912670645
2016,US0258161092,0.00682404620500279
2016,US0268747849,0.005003960581748082
2016,US03027X1000,0.0015364041842334355
2016,US0311621009,0.007569722400877867
2016,US0326541051,6.572832168869568e-05
2016,US0367521038,0.0054464642304091196
2016,US03743Q1085,0.0005718542712329171
2016,US0378331005,0.041844088197442814
2016,US0383361039,1.7579040192349193e-05
2016,US0441861046,0.00021915042706177737
2016,US0527691069,8.186238378260518e-05
2016,US0530151036,0.0029283910468118914
2016,US0534841012,0.006243667176169314
2016,US0536111091,8.729840340209512e-05
2016,US0538071038,0.0011484702760977683
2016,US0584981064,2.8360879831077358e-05
2016,US0605051046,0.005070526766015694
2016,US0640581007,0.000580725406266077
2016,US0708301041,0.0007286479776757453
2016,US0718131099,0.0007173671168154932
2016,US0758871091,0.003439757147066686
2016,US0844231029,2.008460794958227e-05
2016,US0865161014,0.0004284810916216977
2016,US09062X1037,0.003122419150428251
2016,US0970231058,0.0013340276646048896
2016,US1011211018,2.181754791415323e-06
2016,US1011371077,0.00012686491713660944
2016,US1101221083,0.006705288518262964
2016,US1156372096,2.021465993761104e-05
2016,US12504L1098,0.0007161663655835131
2016,US1252691001,0.00025768273122809757
2016,US1255231003,0.001464619781808052
2016,US1258961002,0.0018604039935110248
2016,US1264081035,1.847082314724734e-05
2016,US1266501006,0.01476904342620283
2016,US1270551013,0.00034928347992852437
2016,US1307881029,6.837427787050472e-05
2016,US1344291091,0.0004420171408061663
2016,US14040H1059,0.006827862132484601
2016,US14149Y1082,0.00024519749037030594
2016,US1491231015,7.668604241601295e-06
2016,US1667641005,0.004244483708286812
2016,US1720621010,0.007024784585179504
2016,US17275R1023,0.012256754604461642
2016,US1729674242,0.02019160673160328
2016,US1858991011,3.4928050276140124e-06
2016,US1890541097,0.0012150426695382293
2016,US1912161007,0.005983980818080931
2016,US1924461023,0.0046725639855309566
2016,US1941621039,1.6639961793597487e-05
2016,US2003401070,2.740178254796772e-05
2016,US2058871029,0.0012689333670515915
2016,US20825C1045,0.0030791043175004214
2016,US2091151041,0.008085187197649963
2016,US21036P1084,0.003369866980673883
2016,US22160K1051,0.00014937833025267095
2016,US2283681060,0.00010299470311190143
2016,US2333311072,0.0010723579321886795
2016,US23355L1061,0.005117463560461101
2016,US2441991054,0.013073637793032836
2016,US2473617023,7.052112563761664e-05
2016,US25179M1036,0.0027490742046368893
2016,US2546871060,0.013919100424138648
2016,US25746U1097,1.1409250397518887e-05
2016,US2576511099,4.4931336819797816e-06
2016,US2600031080,0.00036105688161462826
2016,US26875P1012,1.8602463406536125e-05
2016,US2774321002,0.0008032831629461363
2016,US2774614067,0.002261504111638761
2016,US2786421030,0.0018286237466481785
2016,US2788651006,0.006388501992772414
2016,US2810201077,0.0036544226759581315
2016,US28176E1082,0.002135104926806256
2016,US2910111044,0.005399645898025432
2016,US29364G1031,4.216705045601253e-07
2016,US29444U7000,3.462261692866246e-05
2016,US29670G1022,0.005193807226636775
2016,US2971781057,0.00808119657672295
2016,US30040W1080,9.667810576883849e-09
2016,US3021301094,3.0624683882409164e-07
2016,US30231G1022,0.01765345045700337
2016,US3024913036,0.0002912382035448228
2016,US31428X1063,3.440066338927482e-05
2016,US3434121022,0.0005548082164544237
2016,US34354P1057,0.0017355884431150435
2016,US3453708600,0.002080141571481282
2016,US3546131018,0.00019954258451882915
2016,US3647601083,0.002247510987960842
2016,US3703341046,0.003257624291028998
2016,US37045V1008,6.6783650012729156e-06
2016,US37247D1063,5.848977245762939e-05
2016,US3755581036,0.006901313433611226
2016,US38141G1040,0.004047437758921766
2016,US3825501014,0.0018716959722908965
2016,US40434L1052,0.0005199288313875903
2016,US4062161017,0.0005333383751063102
2016,US4165151048,0.0012052489251219388
2016,US4180561072,0.00608240382261134
2016,US42250P1030,0.0009343367378040387
2016,US42809H1077,5.305579057178095e-05
2016,US4370761029,0.0034126308403427978
2016,US4385161066,2.682373689369379e-06
2016,US4404521001,0.006232302950152678
2016,US4448591028,0.0032355512815105012
2016,US4456581077,9.587847046514598e-08
2016,US45073V1089,0.0001518860526652033
2016,US4523081093,0.00019555089431697365
2016,US4581401001,0.006157712409334666
2016,US4592001014,0.0026049999702133435
2016,US4595061015,9.331179214749117e-05
2016,US4601461035,0.00014625660018655718
2016,US4606901001,0.0006541142091460256
2016,US4612021034,0.0019652150606537947
2016,US46625H1005,0.01070899195644921
2016,US46982L1089,0.00022087227173318011
2016,US4781601046,0.013499181251768761
2016,US48203R1041,0.001445965609843416
2016,US48242W1062,8.450680311617562e-06
2016,US4824801009,0.0026474440402098867
2016,US4878361082,4.0430669008887335e-05
2016,US4891701009,4.7662556420822765e-07
2016,US4932671088,1.0675643880833801e-05
2016,US4943681035,0.008671472987266988
2016,US49446R1095,0.0005457786969812976
2016,US5002551043,0.00038677859671662674
2016,US5010441013,0.009455572843592925
2016,US5178341070,0.0011328607476523782
2016,US5184391044,3.041756914911308e-05
2016,US5218652049,0.0010142986240853848
2016,US5324571083,0.010826876432163126
2016,US5339001068,1.946266184693458e-05
2016,US5341871094,0.0005068970667509755
2016,US5398301094,0.006774243614519898
2016,US5486611073,0.0051603849772126
2016,US5502411037,0.0009525267107960022
2016,US5526761086,0.006094062632936603
2016,US5529531015,4.194954989238329e-05
2016,US5543821012,0.00016519250809451895
2016,US56418H1005,0.00028722493022573844
2016,US5717481023,1.4596622377085238e-05
2016,US5719032022,0.0036188442036390015
2016,US5738741041,8.50699973461731e-05
2016,US57636Q1040,0.008055472452137299
2016,US5770811025,0.000830706250529686
2016,US5797802064,0.0003270588171274197
2016,US5801351017,0.004185395429352576
2016,US58155Q1031,0.009937831502147353
2016,US58933Y1055,0.005463019746957181
2016,US59156R1086,0.004857009191373594
2016,US5926881054,2.6469151728222753e-05
2016,US5949181045,0.04068205271888214
2016,US5950171042,0.000312155687889642
2016,US5951121038,0.0018420077752547026
2016,US60871R2094,0.0034358435165712676
2016,US6092071058,0.007559795628845155
2016,US6153691059,8.697394024415004e-06
2016,US6174464486,0.004532758664826694
2016,US6200763075,7.588236597356607e-05
2016,US6267171022,0.0007719949229166276
2016,US6293775085,3.333109625025074e-05
2016,US6311031081,0.00034965523994506597
2016,US6365181022,3.124759964886538e-05
2016,US64110D1046,2.9137799199232427e-06
2016,US6516391066,0.0011006265780890729
2016,US65249B1098,0.0036599597862789083
2016,US65339F1012,0.001254156396504729
2016,US6541061031,0.01689105295044389
2016,US65473P1057,0.0011107374210848487
2016,US6556641008,0.003042112026288285
2016,US6558441084,0.0018786459022366332
2016,US6658591044,0.0009977038299828172
2016,US6668071029,1.499944185742581e-06
2016,US6687711084,0.005845212412841083
2016,US67066G1040,0.004826385069855611
2016,US6708371033,1.587824414900036e-05
2016,US67098H1041,0.0010482816679126298
2016,US6745991058,0.0030779914130121965
2016,US6819191064,1.0404971482054125e-06
2016,US68389X1054,0.0003251805674741133
2016,US6882392011,0.0023649275648116343
2016,US69331C1080,0.008038325650240678
2016,US6935061076,2.1836495524015714e-06
2016,US69351T1060,0.0005728520549985323
2016,US6936561009,0.00026750744994375115
2016,US6951561090,7.777403839699547e-05
2016,US7010941042,5.978965528209323e-07
2016,US7134481081,0.019010689609277397
2016,US7140461093,0.003351142094895065
2016,US7170811035,0.012479090796904737
2016,US7234841010,0.0009954177970110411
2016,US7310681025,0.003302593318935004
2016,US7427181091,0.017145646775215722
2016,US7433151039,7.890391115134721e-07
2016,US74340W1036,2.7059520925787837e-05
2016,US7443201022,0.0006372359770782937
2016,US7445731067,0.00236423948598765
2016,US7475251036,0.006469028017862635
2016,US74834L1008,0.011541466744168368
2016,US75513E1010,0.00019838526370005464
2016,US75886F1075,0.00253355455179542
2016,US7607591002,0.0008307265312947695
2016,US7835491082,3.2525548091093145e-06
2016,US78440X8873,0.0011777115784724545
2016,US79466L3024,0.0010456633507615297
2016,US8101861065,3.541749516358584e-05
2016,US81211K1007,0.00045568463483490365
2016,US8168511090,0.00036608293771314395
2016,US8243481061,0.010332007546244115
2016,US8288061091,0.0010641392351195258
2016,US8326964058,0.0014609596227937256
2016,US8425871071,0.0016111182750939953
2016,US84265V1052,0.0009882445423245816
2016,US8545021011,0.001762552169907284
2016,US8552441094,0.001482298605808701
2016,US8574771031,0.0006194779564045998
2016,US8676524064,9.03906242789305e-05
2016,US8718291078,7.010914468818761e-05
2016,US8725401090,0.0025647877009885856
2016,US8760301072,0.002566111893044384
2016,US8807701029,0.0008869861147376432
2016,US8825081040,0.004256750504628452
2016,US8832031012,4.53935166115989e-05
2016,US88337F1057,4.886128400793784e-05
2016,US8835561023,6.031652922106772e-05
2016,US88579Y1010,0.0049352185950515375
2016,US89417E1091,0.0012628148767615842
2016,US89832Q1094,0.005297605629783836
2016,US9024941034,0.0005672343949369533
2016,US9029733048,0.015145563337456687
2016,US9078181081,0.009981906052715159
2016,US9111631035,2.5030406174429583e-06
2016,US9113121068,0.002163095520318259
2016,US9113631090,2.33977354198365e-05
2016,US9129091081,2.0895281043504107e-06
2016,US91324P1021,0.008650798307825195
2016,US91529Y1064,4.313354100022113e-05
2016,US92276F1003,0.0004502253209725289
2016,US92343V1044,0.006410806542027235
2016,US9255501051,0.0031368229276157755
2016,US92556V1061,0.0014250141227449855
2016,US9290421091,0.0003276899558979076
2016,US9291601097,0.0004322570668527564
2016,US92939U1060,0.004837820388666688
2016,US9311421039,0.02634511641069412
2016,US9314271084,0.0029461770610917496
2016,US94106L1098,0.005645625313759057
2016,US9418481035,0.00011256477086789807
2016,US9427491025,0.0009065093238846759
2016,US9497461015,0.014676421600968019
2016,US95040Q1040,0.0031925193335566857
2016,US9581021055,0.0032612117725983967
2016,US9604131022,0.0006242937045597334
2016,US9633201069,0.00012175400684425724
2016,US9694571004,0.0005001073762292712
2016,US98389B1008,0.00016733741240349242
2016,US9839191015,1.3871955338115988e-05
2016,US98421M1062,0.0006893188141776607
2016,US9884981013,0.0002145398760954446
2016,US98956P1021,0.0023297388672938826
2017,AN8068571086,0.013406000922893764
2017,CA0084741085,0.0005342902387480728
2017,CA00900Q1037,0.0014626628257584525
2017,CA01626P1484,0.0001583156368716764
2017,CA0636711016,1.4994213266687302e-05
2017,CA0641491075,0.0027676409800631084
2017,CA0977518616,0.00014104188771709854
2017,CA12532H1047,0.00044099196180312006
2017,CA13321L1085,0.0001482409515353798
2017,CA1360691010,0.000966499278566199
2017,CA1363751027,0.0008613590414782907
2017,CA1363851017,0.0031413574067688495
2017,CA13646K1084,0.0020557863112359628
2017,CA1366812024,2.104045598768e-06
2017,CA2849025093,0.0013785213580297408
2017,CA29250N1050,0.000339141606770119
2017,CA2927661025,1.7052328418731086e-05
2017,CA3180714048,0.001355270669840778
2017,CA3359341052,0.0007341641052652226
2017,CA3495531079,0.0002515462268672055
2017,CA3518581051,0.0002922396297596804
2017,CA3759161035,0.0024183176972852522
2017,CA39138C1068,0.0003067935946028194
2017,CA4495861060,0.046171709350655156
2017,CA4530384086,0.002304045413643825
2017,CA4969024047,0.0003896056760982637
2017,CA5394811015,2.6148152689971965e-05
2017,CA5592224011,0.005280307711654549
2017,CA56501R1064,0.00047595330871370297
2017,CA59151K1084,2.0028426853913444e-05
2017,CA6744822033,0.0005513447634903059
2017,CA7392391016,5.820885213959572e-08
2017,CA7800871021,0.00048531458200801316
2017,CA8029121057,0.0010112285856478328
2017,CA8239011031,0.0012493076869428128
2017,CA85472N1096,0.0028705815183102286
2017,CA8667961053,0.000741113376449629
2017,CA8672241079,0.004573999196515219
2017,CA8787422044,1.1429519782346338e-06
2017,CA8911605092,0.0019335095727732018
2017,CA8959451037,0.0001302228029405716
2017,CA98462Y1007,0.001111990133232534
2017,GB0022569080,4.665649918225251e-05
2017,LR0008862868,0.004000110175773385
2017,PA1436583006,9.431834618132979e-05
2017,US00130H1059,1.7374097686422814e-05
2017,US00206R1023,0.017381894203585675
2017,US0028241000,0.00725487712830002
2017,US0028962076,0.0023668661123800957
2017,US00724F1012,0.003164674486057344
2017,US0079031078,8.955861559362162e-05
2017,US0082521081,3.1025902741594844e-07
2017,US00846U1016,0.0006494146426029581
2017,US0091581068,0.00042596795192776044
2017,US00971T1016,0.0012760859904707132
2017,US0126531013,0.00018334085621426994
2017,US0185811082,0.001540637293009143
2017,US0188021085,0.00027551224050320074
2017,US0200021014,0.00016655410804703098
2017,US02079K3059,0.01806313866508614
2017,US02209S1033,0.021782054112631895
2017,US0236081024,0.0004185102207334525
2017,US0255371017,9.298779513995443e-05
2017,US0258161092,0.007742092825145456
2017,US0268747849,0.0036689746128430304
2017,US03027X1000,0.0010850783109457639
2017,US0311621009,0.007224945615841468
2017,US0320951017,0.0013957452869547008
2017,US0326541051,0.0017633511769888281
2017,US0367521038,0.0037394145257230306
2017,US03743Q1085,0.0017365206009402683
2017,US0378331005,0.04268195015468792
2017,US0382221051,1.584936482497862e-05
2017,US0383361039,0.0002445086450845043
2017,US0394831020,0.00046196942682252075
2017,US0441861046,0.00042496830369156155
2017,US04621X1081,2.466719257178023e-05
2017,US0527691069,0.0020532242219657684
2017,US0530151036,0.0022292253303689514
2017,US0534841012,0.005548163051806332
2017,US0536111091,9.991007852770076e-06
2017,US0538071038,0.0025851704317261253
2017,US0584981064,0.0001911901380053987
2017,US0605051046,0.009155037470037373
2017,US0640581007,0.0005060768917977595
2017,US0708301041,0.00017782465459072495
2017,US0758871091,0.002726185589170688
2017,US0844231029,4.9293778886930556e-05
2017,US0865161014,0.0009142379044571995
2017,US09062X1037,0.003560287775382447
2017,US09857L1089,0.0026025234029115993
2017,US0997241064,0.00013117516095875113
2017,US1011211018,6.435978318323322e-05
2017,US1011371077,7.465444074543567e-05
2017,US1101221083,0.007002301290349448
2017,US1124631045,7.596647923485584e-05
2017,US1156372096,0.0004833204001488581
2017,US12504L1098,0.0002673020981882297
2017,US1252691001,0.0010595718906090533
2017,US1255231003,0.0007998065970655658
2017,US1258961002,0.0009574473721920033
2017,US1266501006,0.01347119616779085
2017,US1270551013,3.9284303502501565e-05
2017,US1307881029,4.5148005658424516e-05
2017,US1344291091,1.6397138728752518e-05
2017,US14040H1059,0.008015555267870109
2017,US14149Y1082,2.7526019822060716e-06
2017,US1667641005,0.005681548712075354
2017,US1720621010,0.006745271885382694
2017,US17275R1023,0.011203438538826166
2017,US1729674242,0.021495091206802146
2017,US1858991011,0.00032039503078459445
2017,US1890541097,5.078914488815295e-06
2017,US1912161007,0.005114141556232419
2017,US1924461023,0.005157061231877547
2017,US1941621039,0.0007851118566343805
2017,US2003401070,0.00034574349022514425
2017,US2058871029,0.0016055858404087381
2017,US20825C1045,0.0027367735137086664
2017,US2091151041,0.006310212419269328
2017,US21036P1084,0.003377820180456726
2017,US22160K1051,3.5700978148404735e-05
2017,US2283681060,3.5347669408755843e-06
2017,US2333311072,0.0006005578648219358
2017,US23355L1061,0.005557370076872212
2017,US2441991054,0.012347621377995846
2017,US2473617023,0.0010227913983093244
2017,US25179M1036,0.0036757881926774492
2017,US2533931026,2.988842001828498e-07
2017,US2546871060,0.011708627488891354
2017,US25746U1097,4.1796587798261434e-07
2017,US25960P1093,0.00033672752914012564
2017,US2600031080,0.000324906539112952
2017,US26875P1012,0.0012535889382693421
2017,US2774321002,0.0014609821303770167
2017,US2774614067,0.00338568518848837
2017,US2786421030,0.001608429441444903
2017,US2788651006,0.004617436010270639
2017,US2810201077,0.0013956646902160196
2017,US28176E1082,0.001822741628579052
2017,US2910111044,0.00376242018544028
2017,US29364G1031,1.7498186215702703e-05
2017,US29444U7000,0.0003960531845875349
2017,US29476L1070,0.0014817539756920295
2017,US29670G1022,0.00240578878432923
2017,US2971781057,0.008293216330413765
2017,US30040W1080,1.248145020668012e-05
2017,US30231G1022,0.017814009326188988
2017,US31428X1063,0.0006313386539056966
2017,US3156161024,0.00045031532851926443
2017,US3167731005,0.0012417006228899246
2017,US3434121022,5.3963435421466235e-05
2017,US34354P1057,0.00041383892640782445
2017,US3453708600,0.003542896678594317
2017,US35671D8570,3.4602939371745533e-07
2017,US3647601083,0.00224163399864818
2017,US3703341046,0.0016685120686233904
2017,US37045V1008,0.0004620812945940542
2017,US3719011096,0.0003077985169088004
2017,US37247D1063,3.9551821395284785e-05
2017,US3755581036,0.006260310518527258
2017,US38141G1040,0.004627118714709987
2017,US3825501014,0.0012090490236025939
2017,US3848021040,0.0006653723778967496
2017,US3976241071,0.0007782823728163763
2017,US40434L1052,0.0004885358825009293
2017,US4062161017,0.0028744339823789725
2017,US4128221086,0.0007931800031881326
2017,US4165151048,0.0015295648382313727
2017,US4180561072,0.004743944998314675
2017,US42250P1030,3.251195112934952e-06
2017,US4278661081,0.0012864541517228424
2017,US42809H1077,4.32251787261718e-05
2017,US4370761029,0.0021421639790110336
2017,US4385161066,7.172589654079736e-06
2017,US4404521001,0.004008613866017059
2017,US44107P1049,2.4167407629046993e-05
2017,US4448591028,0.0034925849380580817
2017,US4456581077,0.001912665386419419
2017,US4461501045,0.0006655074987819586
2017,US4470111075,1.8796744901298777e-06
2017,US45073V1089,1.370998175576425e-05
2017,US4523081093,0.00040748501327173524
2017,US4581401001,0.0064399626892781055
2017,US4592001014,0.002108157310359752
2017,US4595061015,0.001507883835094498
2017,US4601461035,0.00102435282646226
2017,US4606901001,0.0013865220285691248
2017,US4612021034,0.0013594133287504707
2017,US46284V1017,0.00021670674304035423
2017,US46625H1005,0.01247005414299545
2017,US46982L1089,7.745205454157149e-06
2017,US4781601046,0.012417610622371685
2017,US48020Q1076,8.523811908224861e-07
2017,US48203R1041,0.00025421406882931687
2017,US48242W1062,2.334002875066348e-05
2017,US4824801009,0.003398400310463855
2017,US4932671088,8.680857566192701e-05
2017,US4943681035,0.0059249734808430815
2017,US49446R1095,0.0008855718740612864
2017,US5002551043,0.0013767056447071386
2017,US5010441013,0.006174069982881216
2017,US5178341070,0.0008696647526700756
2017,US5184391044,0.00037409672235096033
2017,US5218652049,0.0025360367698522212
2017,US5261071071,0.001032159393912343
2017,US5324571083,0.010079041422812036
2017,US5339001068,0.0002690177752340773
2017,US5341871094,0.0008310718478657851
2017,US5398301094,0.006430635511014233
2017,US5486611073,0.0034935511479604626
2017,US5502411037,1.7852399130285365e-08
2017,US55261F1049,1.1208392809833958e-05
2017,US5526761086,0.004823887603102341
2017,US5543821012,0.0007558320083099145
2017,US55616P1049,0.00015697846091569458
2017,US5635714059,0.0008972873861014438
2017,US5658491064,0.0012694324631882322
2017,US5717481023,2.278634972747386e-05
2017,US5719032022,0.0032708168697453705
2017,US5745991068,0.00035567066051155386
2017,US57636Q1040,0.009136605696169278
2017,US5770811025,0.0002814990253104686
2017,US5797802064,0.0012910078824283715
2017,US5801351017,0.0016963031895362616
2017,US58155Q1031,0.00789569368980382
2017,US58933Y1055,0.005493834137245033
2017,US59156R1086,0.004965472413475685
2017,US5926881054,0.00048485793064909565
2017,US5949181045,0.04115135048878711
2017,US5950171042,0.0009530591890727264
2017,US5951121038,0.0035708431965784993
2017,US6005441000,5.242434532032645e-06
2017,US6081901042,1.3089002136816528e-05
2017,US60871R2094,0.0045030236224922774
2017,US6092071058,0.006526437609981184
2017,US6174464486,0.004987335411149144
2017,US61945C1036,0.00018440170033868396
2017,US6267171022,0.000455752416752187
2017,US6311031081,4.716965970865676e-05
2017,US6365181022,2.8075811193201917e-05
2017,US6512291062,0.0009397707937658529
2017,US6516391066,0.0016642334252969676
2017,US65249B1098,0.0005774464054856471
2017,US65339F1012,9.794503048527862e-05
2017,US6541061031,0.01300105073675375
2017,US65473P1057,0.00012069162420148648
2017,US6556641008,0.0018722385853611545
2017,US6558441084,0.00235457950152358
2017,US6658591044,0.0011501115528418848
2017,US6668071029,0.0014935399516561275
2017,US6687711084,0.005771634305895005
2017,US67066G1040,0.007621992968541246
2017,US6708371033,3.517365837924543e-05
2017,US67098H1041,9.934495129555119e-05
2017,US6745991058,0.0031672082420378935
2017,US6819191064,0.000516592619360598
2017,US6821891057,0.0017043268153854756
2017,US68389X1054,5.6557500787716496e-08
2017,US6866881021,0.0014936731265097242
2017,US6882392011,0.003326723336937251
2017,US69331C1080,0.007056255267905236
2017,US6934751057,0.00023235367705053475
2017,US6935061076,0.0002012692090296507
2017,US69351T1060,6.928613249082762e-07
2017,US6936561009,0.0016549088769286253
2017,US6937181088,9.960964555191677e-05
2017,US6951561090,0.0016513379446092586
2017,US7010941042,5.565132419967172e-05
2017,US7134481081,0.017873379035107412
2017,US7140461093,0.00379181194160533
2017,US7170811035,0.01231108507457443
2017,US7234841010,4.9719321591016596e-05
2017,US7310681025,0.0021651485503722005
2017,US74144T1088,5.513445566370689e-07
2017,US7427181091,0.016162455923207718
2017,US74340W1036,0.0006099658032661273
2017,US7445731067,0.0020065319710872572
2017,US7475251036,0.007222188802140422
2017,US74834L1008,0.009157292610684322
2017,US75281A1097,0.00011108216368934966
2017,US75513E1010,9.488929486017835e-07
2017,US7588491032,3.939390189627514e-05
2017,US75886F1075,0.002019231443094987
2017,US7607591002,0.0010586498082644524
2017,US7739031091,5.807759239133493e-06
2017,US7835491082,0.00018154084553696033
2017,US78410G1040,0.0017787734913801393
2017,US78440X8873,0.0011592473180999589
2017,US78473E1038,1.0328950735236305e-05
2017,US79466L3024,0.0010076964705520016
2017,US8101861065,0.002291653016867908
2017,US81211K1007,0.0006847709075969512
2017,US8243481061,0.008392760600497956
2017,US8288061091,0.002407793250610694
2017,US8326964058,0.00013805082262344535
2017,US8354951027,8.087635153494822e-06
2017,US8425871071,0.0015418291540641013
2017,US84265V1052,0.0007670525665192
2017,US8545021011,0.0019317925694717327
2017,US8552441094,0.0013460084397838169
2017,US8574771031,0.00014234402183405952
2017,US8676524064,6.163854825879297e-05
2017,US8725401090,0.002750242453747147
2017,US8760301072,2.1030079800584327e-05
2017,US87612E1064,0.0014330187106801847
2017,US8807701029,5.650590901335772e-05
2017,US8825081040,0.005640242133148771
2017,US8832031012,0.0002420256507043966
2017,US8835561023,0.0011207003173878305
2017,US88579Y1010,0.005101694733795106
2017,US89417E1091,0.00171964260885809
2017,US89832Q1094,0.005737060869581832
2017,US9024941034,0.0005452745163923802
2017,US9026811052,5.122585463050778e-05
2017,US9029733048,0.01374500130402974
2017,US9078181081,0.010995314196039377
2017,US9113121068,0.0028222254766429884
2017,US9113631090,0.0001019546584721064
2017,US9129091081,0.0010324301246950787
2017,US91324P1021,0.008157862529604022
2017,US91913Y1001,0.0003431939433849299
2017,US92276F1003,1.2923859773653545e-06
2017,US92343V1044,0.006981053886563954
2017,US92532F1003,0.0007443836761911281
2017,US9255501051,0.0038353900349550386
2017,US92556V1061,0.0002628156450351631
2017,US9290421091,0.0008908881957269645
2017,US92939U1060,0.004505635502009845
2017,US9311421039,0.02258681473685411
2017,US9314271084,0.0017606941719581178
2017,US94106L1098,0.005289018629574695
2017,US9418481035,0.0003831015991753885
2017,US9427491025,0.0008879962435260195
2017,US9497461015,0.013765270174548313
2017,US95040Q1040,0.001164134725270545
2017,US95082P1057,0.00020584933162925772
2017,US9581021055,0.0020376003975544482
2017,US9604131022,0.00101756196851963
2017,US9621661043,7.751029479906962e-05
2017,US9633201069,6.127714110491856e-05
2017,US9694571004,0.000784667780876162
2017,US9839191015,3.5156324316783193e-05
2017,US98421M1062,0.0007654425377002528
2017,US9884981013,0.0007633621449434115
2017,US98956P1021,0.0008703048023022791
2018,AN8068571086,0.0018314049580773655
2018,CA00208D4084,0.0004875983759535211
2018,CA0084741085,5.4845206019862493e-05
2018,CA00900Q1037,0.0014799074809474495
2018,CA01626P1484,0.0065920770578967725
2018,CA05534B7604,0.001023376245637935
2018,CA0636711016,7.199879866197237e-05
2018,CA0641491075,0.002609871632368119
2018,CA0977518616,0.00027501825258505647
2018,CA1247651088,0.00018510584508524183
2018,CA12532H1047,0.0013692308527465617
2018,CA13321L1085,0.00015754499195659558
2018,CA1360691010,2.614929917142759e-05
2018,CA1363751027,0.0017107430147193443
2018,CA13646K1084,0.0011317694636993037
2018,CA29250N1050,0.0027631193010547723
2018,CA2927661025,0.0003318531570327211
2018,CA3180714048,0.001415746547385324
2018,CA3495531079,0.0006318815675264329
2018,CA3518581051,0.022713485650023964
2018,CA3759161035,0.00036169291577929055
2018,CA39138C1068,0.0014307898864042395
2018,CA4495861060,0.000261029442340247
2018,CA4530384086,0.001031815362866007
2018,CA45823T1066,0.0009084100964339594
2018,CA4969024047,7.226305175973918e-06
2018,CA5592224011,0.0024272020629227016
2018,CA56501R1064,0.00022418786477498907
2018,CA59151K1084,4.5018414760870575e-05
2018,CA7392391016,8.716883986401509e-05
2018,CA7751092007,3.8801334468012846e-05
2018,CA7800871021,0.003379164835842628
2018,CA8029121057,0.0005051309947521231
2018,CA8239011031,0.002606272276289393
2018,CA85472N1096,0.0017927317997088737
2018,CA8667961053,0.0011119126353756094
2018,CA8672241079,0.0006506634946227425
2018,CA87807B1076,0.0007616316449825099
2018,CA8787422044,0.0006564750961238866
2018,CA87971M1032,0.0012595267964015814
2018,CA8849038085,0.00025896200971166507
2018,CA8911605092,0.0008777497969289219
2018,CA8959451037,0.00023221669090169665
2018,GB0022569080,0.0006775603428471226
2018,IE00BWT6H894,0.001004697445637964
2018,LR0008862868,0.0020607923734669155
2018,PA1436583006,0.0021893206542993224
2018,US0010551028,0.0005931637194246694
2018,US0010841023,0.0005266991161168051
2018,US00206R1023,0.011252580280998509
2018,US0028241000,0.004916872452801172
2018,US0028962076,0.000306218596199133
2018,US00724F1012,0.006173433331717654
2018,US0082521081,0.000587883189145103
2018,US00846U1016,0.0009937202036196702
2018,US0091581068,0.0006584694957715448
2018,US00971T1016,0.002413220929885984
2018,US0126531013,5.865202560040064e-06
2018,US0152711091,8.576249310010977e-05
2018,US01741R1023,0.000178372785966845
2018,US0185811082,1.0268307655335634e-06
2018,US0188021085,2.2103037873148294e-05
2018,US0200021014,0.0004884137028772131
2018,US02079K3059,0.015925691560199556
2018,US02209S1033,0.007096460718411437
2018,US0231351067,0.035234375250896524
2018,US0236081024,1.949461532611216e-06
2018,US0258161092,0.004854929622211428
2018,US0268747849,0.0010482835709657462
2018,US03027X1000,0.0007475187498548363
2018,US03073E1055,0.001296858880399905
2018,US0311621009,0.009938537996636
2018,US0320951017,0.000829616713362392
2018,US0326541051,0.0015279673655054452
2018,US0367521038,0.005314698551164342
2018,US03743Q1085,0.0008416367369808963
2018,US0378331005,0.03839193097988816
2018,US0382221051,0.0010642134324548873
2018,US0394831020,0.001458091783107554
2018,US0441861046,0.0012555866458393208
2018,US04621X1081,0.005322029486982379
2018,US0527691069,0.0016088299834130153
2018,US0530151036,0.004675913735425221
2018,US0534841012,0.001697830509216747
2018,US0536111091,2.6403350481419007e-05
2018,US0537741052,0.0008071836618636717
2018,US0584981064,0.003299449328799544
2018,US0605051046,0.017000134250814553
2018,US0640581007,0.004719908267485816
2018,US0708301041,0.0006898742099566233
2018,US0718131099,0.0008558680718768477
2018,US0758871091,0.00224355836350357
2018,US0844231029,0.0017317940159011825
2018,US0865161014,2.7963244824944433e-05
2018,US09062X1037,0.0003890454416086266
2018,US0970231058,0.011099372514371193
2018,US09857L1089,0.0046371667723103605
2018,US0997241064,8.583245179855958e-05
2018,US1011211018,0.00012466881117745236
2018,US1011371077,0.0003710868346385491
2018,US1053682035,0.00017300058734905275
2018,US1101221083,0.00848562195599969
2018,US1124631045,0.00023065014701819563
2018,US1156372096,0.0027506631771218263
2018,US12504L1098,0.0024550982410349374
2018,US1252691001,0.002595883995489691
2018,US12541W2098,3.696018558774057e-06
2018,US1255231003,0.002147868624778614
2018,US1258961002,0.0008294313513668609
2018,US1264081035,0.0026763395560512873
2018,US12653C1080,1.3602725832047557e-06
2018,US1266501006,0.004676489115850669
2018,US1270551013,0.0001332115341320918
2018,US1273871087,0.00048401625106685137
2018,US1307881029,4.3129463377137615e-08
2018,US1344291091,0.00015940903987410424
2018,US14040H1059,0.002489489492002892
2018,US14149Y1082,0.0016506536703800698
2018,US1491231015,0.0010902730483077108
2018,US15189T1079,5.684657893541724e-05
2018,US1567821046,0.003360783543087152
2018,US1598641074,0.0002616639001181255
2018,US1667641005,0.00982994180133275
2018,US1713401024,0.0009960039492374424
2018,US1720621010,0.0014325936787269076
2018,US17275R1023,0.008937053128657741
2018,US1729674242,0.010850098886114221
2018,US1890541097,0.0008480319765630984
2018,US1912161007,0.011498292179146552
2018,US1924461023,0.0005606364844178134
2018,US1941621039,0.004404517654520041
2018,US2003401070,0.0007182925877600023
2018,US2017231034,4.5683118586335334e-05
2018,US2058871029,0.004117314715219988
2018,US20825C1045,0.004421351831578867
2018,US2091151041,0.00010864967116492406
2018,US21036P1084,0.0016891028578943262
2018,US22160K1051,0.003723796317601302
2018,US2283681060,0.0016795940474765424
2018,US2310211063,0.0012179864892497834
2018,US2333311072,7.097223446465473e-06
2018,US23355L1061,0.0039810917669089
2018,US2358511028,3.6457887132374326e-06
2018,US2371941053,0.00046303152625878815
2018,US23918K1088,0.0003223004464370862
2018,US2441991054,0.002190666962410789
2018,US2473617023,0.0027279858553276516
2018,US25179M1036,0.0007530131997952974
2018,US2533931026,0.00023430928760945568
2018,US2546871060,0.010173473566097276
2018,US25525P1075,0.0005157424359666036
2018,US25746U1097,0.0002932976652665835
2018,US2576511099,0.0033134239127105016
2018,US25960P1093,0.0022016249297053996
2018,US2600031080,0.001743879369428924
2018,US26875P1012,0.0006615431468315
2018,US2774321002,0.0008633455419373544
2018,US2774614067,0.000840167491814487
2018,US2786421030,0.0022214639916030084
2018,US2788651006,0.004046894959178395
2018,US2810201077,0.000668755855373115
2018,US28176E1082,0.001557538328478832
2018,US2910111044,0.0011789519259646903
2018,US29364G1031,0.0005692830786151833
2018,US29444U7000,0.00015427604083039008
2018,US29476L1070,0.002693408947281626
2018,US29670G1022,0.0012603891979069714
2018,US2971781057,0.0006553206251875119
2018,US30040W1080,6.883905088770233e-05
2018,US30161N1019,0.000934753781758132
2018,US3021301094,7.955685243002937e-06
2018,US30231G1022,0.018123895571481464
2018,US3024913036,0.0010503155881404773
2018,US3029411093,0.00029716127663044684
2018,US31428X1063,0.0045125462839069866
2018,US3156161024,0.0023852643783387677
2018,US3167731005,0.0007758431153683343
2018,US3434121022,3.288800790737922e-06
2018,US34354P1057,0.0003229463440045488
2018,US3546131018,0.00299310885992975
2018,US35671D8570,2.490178770482717e-05
2018,US3647601083,1.7513932389180563e-05
2018,US3703341046,0.000408546785061652
2018,US37045V1008,0.0005495627947565198
2018,US37247D1063,0.0014438400660005475
2018,US3755581036,0.00085405066274175
2018,US38141G1040,0.0014227194105292476
2018,US3848021040,0.0015155433847762157
2018,US40434L1052,0.005227790801880433
2018,US4062161017,0.003102919211544361
2018,US4103451021,0.0006108835354983759
2018,US4108671052,0.0008522561105783081
2018,US4128221086,0.003400046669637891
2018,US4158641070,0.0031953791131602276
2018,US4165151048,0.0007983460490274506
2018,US4180561072,0.002368889665469162
2018,US42250P1030,0.002279228164672595
2018,US4234521015,0.00014153125398994016
2018,US4278661081,0.0002154891627974697
2018,US42809H1077,0.0002508672778108328
2018,US4370761029,0.011146402937282704
2018,US4385161066,0.003886210616874181
2018,US4404521001,3.423942740333785e-05
2018,US44107P1049,0.0015629650260484036
2018,US4448591028,0.0012019942079252448
2018,US4456581077,2.7263964738032692e-05
2018,US4461501045,0.0017531964835030332
2018,US4470111075,0.0011743287551619049
2018,US45073V1089,0.0003638327811494489
2018,US45167R1041,2.9438998699437478e-05
2018,US4523081093,0.0025564551439184765
2018,US4523271090,0.0006231948939637706
2018,US4581401001,0.009928247884319749
2018,US4592001014,0.006990738932696768
2018,US4595061015,0.003815019667473418
2018,US4601461035,1.384335532617065e-05
2018,US4606901001,0.0005196338404912845
2018,US4612021034,0.0027381702777015825
2018,US46284V1017,0.0006229926163908769
2018,US4657411066,1.2623854973200325e-06
2018,US46625H1005,0.021719738192118424
2018,US4663131039,1.600118747147958e-06
2018,US46982L1089,0.002048017291494032
2018,US4781601046,0.016209898744609017
2018,US48020Q1076,0.0002732766074115713
2018,US48242W1062,0.00010533575512166984
2018,US4824801009,0.003174241002421302
2018,US4878361082,0.0009934652399594005
2018,US4891701009,0.0009466150808647786
2018,US4932671088,0.0009541849931409144
2018,US4943681035,0.002766833608927003
2018,US49446R1095,0.0006605600505356831
2018,US49456B1017,0.0014956794636910447
2018,US5002551043,0.002685639138428484
2018,US5010441013,0.0015750363436551574
2018,US5178341070,0.0025508397991487208
2018,US5184391044,0.000951838566629137
2018,US5218652049,0.0016112615490684005
2018,US5324571083,0.0019593626899768782
2018,US5339001068,0.00010784430614814276
2018,US5341871094,0.0001556744786107161
2018,US5398301094,0.004069818267986454
2018,US5486611073,0.006378617215649758
2018,US5502411037,0.0035806629560985433
2018,US55261F1049,0.004674144865867344
2018,US5529531015,0.0006770521806247821
2018,US5543821012,8.72645540246777e-05
2018,US55616P1049,0.002149952936332667
2018,US56418H1005,0.001233752719558768
2018,US5658491064,0.0026870876354167907
2018,US5717481023,0.0031003020260328006
2018,US5719032022,0.00016455612336218145
2018,US5738741041,0.001892659503625087
2018,US5745991068,0.0015194421969314345
2018,US57636Q1040,0.012092034660780382
2018,US5770811025,0.000784439016527895
2018,US5797802064,0.00013124601203970944
2018,US5801351017,0.006594186418069369
2018,US58155Q1031,0.0011533116887559342
2018,US58933Y1055,0.00508658672706007
2018,US59156R1086,0.007216132146303882
2018,US5926881054,0.00042314250732079567
2018,US5949181045,0.04108112263899335
2018,US5950171042,0.001065454942892166
2018,US5951121038,0.002308861057486569
2018,US6005441000,0.00016033776302777614
2018,US6081901042,1.8425316457062413e-06
2018,US60871R2094,8.197486986290299e-05
2018,US6092071058,0.004833648106222215
2018,US6153691059,0.004219346291638471
2018,US6174464486,0.002153383823278944
2018,US61945C1036,9.218193769865255e-05
2018,US6200763075,0.0002873457286680287
2018,US6267171022,5.7299075147261e-05
2018,US6293775085,0.0020558409060001106
2018,US6311031081,0.00019393782452923968
2018,US6365181022,0.002350156524030703
2018,US64110D1046,0.0018014013346055661
2018,US6512291062,0.00029309520616459684
2018,US6516391066,0.000837982501985311
2018,US65249B1098,0.00031046309483464705
2018,US65339F1012,2.270889921076695e-05
2018,US6541061031,0.0073215012626504546
2018,US65473P1057,0.00020921613388121143
2018,US6556641008,0.0013854561747563398
2018,US6558441084,4.138169587298449e-05
2018,US6658591044,0.00032716995434309715
2018,US6668071029,0.004565747041283795
2018,US6687711084,0.0017158145953253853
2018,US67066G1040,0.0097900415845766
2018,US6708371033,0.000349043116444549
2018,US67098H1041,1.3058821806253832e-05
2018,US6745991058,0.001172538864990643
2018,US6819191064,0.0001074454705392741
2018,US6821891057,0.001022100611803866
2018,US6826801036,0.001357108534858037
2018,US68389X1054,0.007429916186239176
2018,US6866881021,0.003037642438087903
2018,US6882392011,0.001312330035396909
2018,US69331C1080,0.002927931048982367
2018,US6934751057,0.0038678713617010816
2018,US6935061076,0.00010783091122474644
2018,US69351T1060,0.00011573110374057796
2018,US6936561009,0.00010934565594161184
2018,US6937181088,0.0020624091003978487
2018,US6951561090,0.00035000001808167824
2018,US7010941042,0.0008224689200702584
2018,US7043261079,0.00042359776898120895
2018,US7134481081,0.009700730232070392
2018,US7140461093,0.0007444096735191452
2018,US7170811035,0.009683017145584111
2018,US7234841010,7.604410379569271e-05
2018,US7244791007,0.0012218444581752965
2018,US7310681025,0.00010025188854379463
2018,US74144T1088,0.0037508215910723387
2018,US74251V1026,0.001693158142046599
2018,US7427181091,0.011610238498227793
2018,US7433151039,0.00377342798848659
2018,US74340W1036,0.00011221584934332863
2018,US7443201022,0.0027214175294326976
2018,US7445731067,0.00019655550383258238
2018,US7475251036,0.0056941963910336095
2018,US74834L1008,0.0010874267922871053
2018,US75281A1097,4.761174550189138e-05
2018,US75513E1010,0.00025391900889361644
2018,US7588491032,1.3643282893902253e-05
2018,US75886F1075,0.0029999454101468266
2018,US7591EP1005,5.7918056747656335e-05
2018,US7607591002,0.0010072644679876102
2018,US7739031091,0.00018406643247851669
2018,US7835491082,0.0022567193482652013
2018,US78409V1044,4.359634774150965e-06
2018,US78410G1040,0.0013736896073215457
2018,US78440X8873,3.783875821107122e-05
2018,US78473E1038,0.0002129692585944056
2018,US79466L3024,0.0019067769753052012
2018,US8101861065,0.0016574796423464307
2018,US81211K1007,0.00013581644714710225
2018,US8168511090,0.00044421802701294496
2018,US8243481061,0.0007340032976244589
2018,US8288061091,0.0008825698154757462
2018,US8326964058,0.0023616594741333267
2018,US8425871071,0.00020299661895682727
2018,US84265V1052,0.001067419037595031
2018,US8447411088,1.1343759809896144e-05
2018,US8485741099,0.0011129817851480974
2018,US8545021011,0.000517017548271547
2018,US8552441094,0.0025746799742747254
2018,US8574771031,5.8496781303053576e-05
2018,US8581191009,0.002083774152528166
2018,US8676524064,0.0007140351749886105
2018,US8716071076,9.84802462852951e-07
2018,US8718291078,1.5517243005185804e-07
2018,US8725401090,0.0010847353444876483
2018,US8760301072,0.001534983998920295
2018,US87612E1064,7.65601386471204e-05
2018,US8807701029,0.0010988479051768595
2018,US8807791038,2.714575397318028e-05
2018,US8825081040,0.00391138349069514
2018,US8832031012,0.0005434702973768758
2018,US88337F1057,0.00026273947048534904
2018,US8835561023,0.0017648393458034517
2018,US88579Y1010,0.004036418274181463
2018,US8873891043,0.0010113641960838467
2018,US89417E1091,0.005561093079876494
2018,US8962391004,7.940231073489353e-05
2018,US89832Q1094,0.0009321518079475986
2018,US9024941034,2.1955200008577654e-06
2018,US9026531049,0.0006032575276575069
2018,US9026811052,2.7599662833641264e-05
2018,US9029733048,0.0046104470741354835
2018,US9078181081,0.0008256600297032114
2018,US9113121068,0.005936512088016512
2018,US9113631090,0.0001036723892352966
2018,US91324P1021,0.00988282303760543
2018,US91529Y1064,0.00020157747347384285
2018,US91913Y1001,0.0027390183949517503
2018,US92276F1003,0.0011063461517115585
2018,US92343V1044,0.013962861345657355
2018,US92532F1003,0.0025425009053976675
2018,US9255501051,0.0004914625256672489
2018,US92556V1061,0.0018732268445981748
2018,US9282981086,0.001408410299490289
2018,US9290421091,0.0011240762578114988
2018,US9291601097,0.0007048839181959891
2018,US92939U1060,5.458924510402649e-05
2018,US9311421039,0.015770181501512315
2018,US9314271084,0.003943915691809743
2018,US94106L1098,0.006772101493108787
2018,US9418481035,2.4083708909447444e-05
2018,US9427491025,0.00022326583566469965
2018,US9497461015,0.016782590524600738
2018,US95040Q1040,5.222162813277727e-05
2018,US95082P1057,1.3406433325766384e-05
2018,US9581021055,0.0021582675176356004
2018,US9604131022,0.00017537384099549716
2018,US96145D1054,1.0617998273855086e-05
2018,US9621661043,0.0031338008339360213
2018,US9633201069,0.0006139072458440653
2018,US9699041011,0.00013259978073403177
2018,US98389B1008,6.488071141114379e-07
2018,US9839191015,0.00047146542845015677
2018,US98421M1062,0.004142926360875015
2018,US9884981013,0.00031156154872801953
2018,US98956P1021,0.0028723193267572744
2019,CA00208D4084,0.0001590004191988985
2019,CA0084741085,3.7593341918984917e-06
2019,CA00900Q1037,0.003831894677299183
2019,CA01626P1484,0.00895795291694556
2019,CA05534B7604,0.0005473719261189237
2019,CA0641491075,0.005163385339405874
2019,CA0977518616,2.19556668707744e-06
2019,CA12532H1047,0.0006517085314514648
2019,CA13321L1085,0.0024289998137677787
2019,CA1360691010,0.00015821326353206863
2019,CA1363751027,0.00037155198462389866
2019,CA13646K1084,0.0012621885233697699
2019,CA29250N1050,0.0054744614494540095
2019,CA2927661025,0.0002346885560466038
2019,CA3180714048,0.002242075768470823
2019,CA3495531079,0.00018860002011154893
2019,CA3518581051,0.026550727767964154
2019,CA3759161035,0.00022372398818693218
2019,CA39138C1068,0.0012647509344537269
2019,CA4495861060,8.143142110509951e-05
2019,CA4530384086,0.0007849356621144773
2019,CA45823T1066,4.679608343298789e-06
2019,CA4969024047,1.78250751204223e-05
2019,CA5394811015,1.4122750053398063e-05
2019,CA5592224011,0.0011318467466711762
2019,CA56501R1064,4.945649340047315e-05
2019,CA59151K1084,2.0722160268688235e-07
2019,CA6744822033,0.0001563139345592646
2019,CA6837151068,0.00045326923446848235
2019,CA7392391016,0.00018131253797579796
2019,CA74022D4075,0.0013196318669321122
2019,CA7751092007,3.9693396353065936e-05
2019,CA7800871021,0.0002704958111977546
2019,CA8029121057,0.00032941053933224253
2019,CA82028K2002,0.0005067983067185302
2019,CA8239011031,0.00011749207250430801
2019,CA85472N1096,0.0007956775421230433
2019,CA8667961053,5.487747491404064e-05
2019,CA8787422044,0.0005192015656033689
2019,CA87971M1032,5.312918726338274e-05
2019,CA8849038085,1.9344909364373966e-05
2019,CA8911605092,0.00024367182733735752
2019,CA8959451037,0.00011324163835915504
2019,CA98462Y1007,2.35155487925534e-05
2019,GB0022569080,0.00022202732621896563
2019,IE00BWT6H894,0.0011625224796718821
2019,LR0008862868,0.003122455804685544
2019,PA1436583006,0.0003552978423573109
2019,US0010551028,0.00183705410858724
2019,US0010841023,5.487862207326209e-06
2019,US00206R1023,0.007237583431473334
2019,US0028241000,0.00552377668455734
2019,US0028962076,0.0006343412723793682
2019,US00724F1012,0.00643102102652787
2019,US00751Y1064,0.0004952756578345067
2019,US00846U1016,0.00010029920426490453
2019,US0091581068,6.184908307416716e-05
2019,US00971T1016,0.0010159877795775337
2019,US0126531013,2.588135755890665e-06
2019,US0185811082,1.0985799340154925e-05
2019,US0200021014,0.0004968291963098897
2019,US02079K3059,0.015067128522620767
2019,US02209S1033,0.009449608567206823
2019,US0231351067,0.03694347349891043
2019,US0255371017,9.999397610392028e-06
2019,US0258161092,0.000329251345332075
2019,US0268747849,0.0036196645913758483
2019,US03027X1000,0.004383787554422197
2019,US03073E1055,0.000541663127888831
2019,US03076C1062,0.009896477893120483
2019,US0311001004,0.0003221582617189243
2019,US0311621009,0.00862875334559987
2019,US0320951017,0.003161618623050185
2019,US0326541051,1.1622137185893552e-06
2019,US0367521038,0.0080671900197862
2019,US0378331005,0.03148558834341644
2019,US0382221051,9.374505177185975e-05
2019,US0383361039,1.596950319361536e-05
2019,US03940R1077,0.0007352449882540592
2019,US0394831020,0.0010161167454848282
2019,US0441861046,0.000953601586868279
2019,US04621X1081,0.002923130856236341
2019,US0527691069,0.001683993476914903
2019,US0530151036,0.007568570945056814
2019,US0533321024,1.3195865964030965e-05
2019,US0534841012,0.004090164978769901
2019,US0536111091,4.636711770130354e-07
2019,US0537741052,0.000707818450127788
2019,US0538071038,2.0373195525754286e-06
2019,US0584981064,0.005470666810139125
2019,US0605051046,0.007943493636691841
2019,US0640581007,0.006508395502370278
2019,US0708301041,0.0007179388817159095
2019,US0718131099,0.0034028632880828582
2019,US0758871091,0.0003688077105746587
2019,US0844231029,2.488778508536838e-05
2019,US0865161014,6.869893106883333e-05
2019,US09062X1037,0.002048110891446877
2019,US0970231058,0.012138354665915417
2019,US09857L1089,0.006100494075027408
2019,US0997241064,2.4356140267987613e-05
2019,US1011211018,6.17342642485089e-06
2019,US1011371077,0.00015606359119572593
2019,US1101221083,0.006241255922879117
2019,US1124631045,0.0015517882629198453
2019,US1156372096,0.005913020752586394
2019,US12504L1098,0.00010607094545231357
2019,US1252691001,4.983901604127744e-05
2019,US12541W2098,1.0133204734618503e-05
2019,US1255231003,0.0019407076089090558
2019,US1258961002,0.00018058518152160017
2019,US1264081035,0.004601736972475978
2019,US12653C1080,0.0007812283525381358
2019,US1266501006,0.004717616382326441
2019,US1273871087,1.289435561751923e-05
2019,US1307881029,4.1967326243731355e-06
2019,US1331311027,0.00017190286752345827
2019,US1344291091,0.00013479599682335853
2019,US14040H1059,0.0008941114370829382
2019,US14149Y1082,0.0011852700067322267
2019,US1423391002,8.988189836320826e-05
2019,US1431301027,2.410030326461533e-06
2019,US1491231015,0.00010568366965718854
2019,US1508701034,7.663818998831189e-05
2019,US15189T1079,0.0016187374377594195
2019,US1567821046,0.0029471517650702006
2019,US1598641074,0.0018709386466054198
2019,US1667641005,0.0006272557590466523
2019,US1713401024,0.0026367991418619723
2019,US1717793095,0.00029960855791857325
2019,US1720621010,0.00015256390529225548
2019,US17275R1023,0.00894742362845975
2019,US1729674242,0.007922302559416476
2019,US1858991011,0.0002302517938450085
2019,US1890541097,0.0015787990465964913
2019,US1912161007,0.01134064934714226
2019,US1924461023,0.001953198249574063
2019,US1941621039,0.0026705261346480808
2019,US20030N1019,0.0013818390276588858
2019,US2003401070,4.033346536855777e-06
2019,US2058871029,0.005325808354634902
2019,US20825C1045,0.004663404074606749
2019,US2091151041,2.1799144440332788e-05
2019,US21036P1084,0.0012574845472465431
2019,US22160K1051,0.0010794574498698085
2019,US22822V1017,0.0006821192398383169
2019,US2310211063,0.0016129677192719706
2019,US2333311072,0.0003239194828038835
2019,US23355L1061,0.003848341698553323
2019,US2358511028,0.001187362524202105
2019,US2371941053,0.004472628977529254
2019,US2441991054,0.004177986201273196
2019,US2473617023,0.0008329722878801977
2019,US24906P1093,3.936319453756374e-05
2019,US25179M1036,3.190263135157751e-05
2019,US2546871060,0.0066387843354030855
2019,US25525P1075,0.0011382683919474868
2019,US25659T1079,0.00020282324832430213
2019,US25746U1097,0.0012324929248495027
2019,US2576511099,7.440897691780344e-05
2019,US25960P1093,0.0017156916382453815
2019,US2600031080,0.0013050280951315675
2019,US26441C2044,0.0011970502719296505
2019,US26875P1012,0.0009921753772900884
2019,US2774614067,0.0011764945700810136
2019,US2786421030,0.001130691525604401
2019,US2788651006,0.0036290248111173575
2019,US2810201077,0.0007351179614984513
2019,US28176E1082,0.0031798239630864197
2019,US2910111044,0.0013961335653994975
2019,US29444U7000,6.520243355149327e-05
2019,US29476L1070,0.006511378426786767
2019,US29670G1022,0.0019422479794969176
2019,US2971781057,0.0008593394844961633
2019,US30040W1080,0.0015803900674712578
2019,US30161N1019,0.0016045300977355218
2019,US30212P3038,0.0013012243010255802
2019,US3021301094,0.0010499612298593337
2019,US30231G1022,0.012307652043145675
2019,US3024913036,0.001668905752966752
2019,US3029411093,2.6539200142744985e-06
2019,US3030751057,0.0007740821139524559
2019,US3119001044,0.0030493811017196296
2019,US3137451015,0.0006176733282662588
2019,US31428X1063,1.7924034577046263e-05
2019,US3156161024,0.0030455594391077877
2019,US31620M1062,0.0020355174128209685
2019,US3167731005,0.0003193903915787507
2019,US3377381088,1.813317771678406e-05
2019,US3379321074,0.0037584386661764367
2019,US3434121022,7.938021836289393e-08
2019,US3546131018,0.001401156399856887
2019,US3614481030,1.4778211668273926e-06
2019,US3635761097,0.0002296240744469148
2019,US3647601083,0.0011029272112815045
2019,US3703341046,8.12440822979556e-06
2019,US37045V1008,0.001730074445530016
2019,US3719011096,6.981103813806368e-05
2019,US37247D1063,0.0025469854283228224
2019,US3755581036,0.0021040252103231073
2019,US38141G1040,3.590871392459734e-05
2019,US3825501014,0.0001749710872694231
2019,US3976241071,4.6805570550142745e-05
2019,US40434L1052,0.0019858110780486527
2019,US4062161017,0.0005507426068618828
2019,US4103451021,0.0008164341263459264
2019,US4108671052,1.8843903700243458e-05
2019,US4158641070,0.005345972502818125
2019,US4165151048,0.0001681804641295769
2019,US4180561072,5.1224433386642304e-05
2019,US42250P1030,0.0003901774588592673
2019,US42330P1075,0.00017497279220345943
2019,US4234521015,2.8439063320949165e-05
2019,US4278661081,0.00011622177964916376
2019,US42809H1077,1.160325477303724e-06
2019,US4370761029,0.008563192143268216
2019,US4385161066,0.0017356681533345242
2019,US4404521001,8.348553116654767e-05
2019,US44107P1049,0.0011858455934951756
2019,US4448591028,0.001066536696961996
2019,US4456581077,0.0007887291312494134
2019,US4461501045,0.002505374953666383
2019,US4470111075,2.555201765543402e-05
2019,US45073V1089,1.0749736000862703e-05
2019,US45167R1041,3.1504083648002883e-07
2019,US45168D1046,0.0009480229985669009
2019,US4523081093,0.00040342237421356147
2019,US4523271090,0.0009901281072142048
2019,US4581401001,0.010096262126819189
2019,US4592001014,0.003726017877910074
2019,US4595061015,0.0032844139060880717
2019,US4601461035,3.0176217953688453e-06
2019,US4606901001,0.0032436299111391767
2019,US4612021034,0.005449485677443252
2019,US4657411066,5.6704273922830664e-05
2019,US46625H1005,0.02025239497672247
2019,US46982L1089,0.0020187594815484515
2019,US4781601046,0.010535891283729011
2019,US48203R1041,0.0008981842956681827
2019,US4824801009,0.006085571183024454
2019,US4878361082,0.0004137093936475514
2019,US4891701009,0.0022364897439115287
2019,US4932671088,2.0895919347674475e-05
2019,US4943681035,0.0051871246708127755
2019,US49446R1095,0.0012684790826393093
2019,US49456B1017,0.0026991282509774435
2019,US4972661064,0.0025977408095033427
2019,US5002551043,0.0027847109023239097
2019,US5010441013,0.0007095338897820095
2019,US5018892084,8.649914537460572e-05
2019,US5178341070,0.0012363824825555334
2019,US5218652049,0.0011993028722012784
2019,US5261071071,2.061009261541006e-07
2019,US5324571083,0.0024679839279733084
2019,US5341871094,0.00011316424246476611
2019,US5370081045,0.00012825299083509564
2019,US5398301094,0.0035496239150256885
2019,US5486611073,0.003183996623812513
2019,US5502411037,0.002859489126351782
2019,US55261F1049,0.0021119452081073686
2019,US5529531015,0.0003376146538725725
2019,US5543821012,0.0009114985441353954
2019,US5544891048,0.0016690521971494882
2019,US55616P1049,0.001345953683632966
2019,US56418H1005,6.115815720973446e-05
2019,US5658491064,0.0042624707510411615
2019,US5717481023,0.0008430227529463431
2019,US5719032022,0.0003108534715415845
2019,US5738741041,0.0021962055749973385
2019,US57636Q1040,0.016467245382614785
2019,US5770811025,0.0010332889063267617
2019,US5797802064,0.0018637677607953418
2019,US5801351017,0.00645715066861995
2019,US58933Y1055,0.005488435551268831
2019,US59156R1086,0.004734048403209536
2019,US5926881054,1.1062728351350481e-05
2019,US5949181045,0.04813680787848922
2019,US5950171042,5.58180773526311e-05
2019,US5951121038,0.0010223164975629122
2019,US6005441000,8.270304496146856e-05
2019,US6081901042,3.865270887238196e-05
2019,US60871R2094,0.0007434613148947275
2019,US6092071058,0.004722065682875952
2019,US6153691059,0.00271545713103276
2019,US6174464486,0.003257867182873439
2019,US61945C1036,2.5269579776737987e-06
2019,US6200763075,0.00010446726604512397
2019,US6267171022,0.0011186454607257524
2019,US62886E1082,1.0002376550329232e-06
2019,US6293775085,0.002503401721696787
2019,US62955J1034,0.00014440129864897683
2019,US6311031081,6.248460487815236e-07
2019,US6365181022,0.00013337150767510328
2019,US64110D1046,1.5840359358134715e-05
2019,US6501111073,0.00046464009217326934
2019,US6512291062,0.001140582923714988
2019,US6516391066,0.0012248327853774399
2019,US65249B1098,3.8629012811656e-06
2019,US65339F1012,0.0026034101664998686
2019,US6541061031,0.00930416781400421
2019,US65473P1057,9.673403095400088e-05
2019,US6556641008,0.0008507419333234502
2019,US6558441084,0.0005802915402159817
2019,US6658591044,0.000131466289448475
2019,US6668071029,0.001799574241226056
2019,US6687711084,0.0006892702156355035
2019,US67066G1040,0.009818013458661018
2019,US6708371033,0.0013509747865495852
2019,US6745991058,0.00023856277623464947
2019,US6819191064,0.00013553648173407276
2019,US6821891057,3.538144822788037e-05
2019,US6826801036,0.0009175849375136219
2019,US68389X1054,0.004234336328218626
2019,US6866881021,0.0028420122239835987
2019,US6882392011,0.0013299339878545448
2019,US69331C1080,6.365928666830478e-05
2019,US6934751057,0.0035884165503061397
2019,US6935061076,1.0265151466828738e-05
2019,US69351T1060,0.0013950466813799692
2019,US6936561009,0.0004320147583641675
2019,US6937181088,0.00029796618121354063
2019,US6951561090,0.0011589914969889342
2019,US7010941042,9.580109279149375e-05
2019,US7043261079,0.0006828475609795622
2019,US7134481081,0.009442642600105064
2019,US7140461093,0.00023658642388293328
2019,US7170811035,0.011681691029919112
2019,US7234841010,0.0002665613332222453
2019,US7237871071,0.0016729122703246877
2019,US7244791007,0.0010580830924562577
2019,US7310681025,0.001313069416708718
2019,US74144T1088,9.127646885758799e-05
2019,US74251V1026,0.00277159291653398
2019,US7427181091,0.009444978427675183
2019,US7433151039,0.014130628177718508
2019,US7443201022,0.005280265580029825
2019,US7445731067,0.0003487136041371083
2019,US74460D1090,0.0006859837046787185
2019,US7475251036,0.005692596311806654
2019,US74762E1029,0.0020938390555960253
2019,US74834L1008,0.0007542585785051648
2019,US7509171069,0.001680958252870917
2019,US75281A1097,0.0013645792965540642
2019,US75513E1010,0.0006122994337708263
2019,US7588491032,2.832487474423407e-05
2019,US75886F1075,0.0031084591891251726
2019,US7591EP1005,0.00046354672058107583
2019,US7593516047,1.8146205613091666e-05
2019,US7607591002,0.0003515275954894112
2019,US7703231032,0.0008454424739247986
2019,US7782961038,0.002467476348623229
2019,US7835491082,2.380953741497006e-05
2019,US78410G1040,0.00046466569734984574
2019,US7841171033,1.277574122747763e-05
2019,US78440X8873,5.6107567755901934e-05
2019,US78454L1008,1.1102749047241572e-05
2019,US79466L3024,0.0031021100617362866
2019,US8064071025,0.0003244036813163451
2019,US8101861065,2.4470889752004066e-05
2019,US81211K1007,0.00018470756966769373
2019,US8168511090,0.000313638164782872
2019,US8243481061,0.00153328716172764
2019,US8288061091,0.003975524625268527
2019,US8326964058,0.0016218266368544945
2019,US84265V1052,0.00041310824271908786
2019,US8447411088,0.0001364600431618081
2019,US8485741099,0.0029034666044693057
2019,US8545021011,2.8184534322042025e-05
2019,US8552441094,0.00526523642677208
2019,US8574771031,0.00338507004333308
2019,US8636671013,0.004707465233607995
2019,US8676524064,3.0930009533348108e-06
2019,US8716071076,4.4794111853481497e-07
2019,US87161C5013,0.00031431024472289846
2019,US8718291078,0.0003948233323532221
2019,US8725401090,0.0019403698568536457
2019,US8760301072,0.0009653092996645612
2019,US8807701029,1.647071119754052e-05
2019,US8807791038,4.2976603637559585e-05
2019,US8825081040,0.0010162629070826475
2019,US8832031012,0.0025227947942187477
2019,US88337F1057,0.000895411204426806
2019,US8835561023,0.002979124369199131
2019,US8851601018,0.0006441095222531913
2019,US88579Y1010,0.0033750713281909778
2019,US8873891043,9.457565459822462e-06
2019,US8910921084,0.0004953831779457254
2019,US89417E1091,0.008290636355887974
2019,US8962391004,0.0009945533905580618
2019,US8965221091,9.634302424455699e-05
2019,US89832Q1094,0.0025355635585845044
2019,US9024941034,0.0005378621164112988
2019,US9026531049,0.0003796293811593622
2019,US9026811052,0.000672988396115752
2019,US9029733048,0.001867929609220353
2019,US9078181081,0.0006468502688438566
2019,US9113121068,0.004413401059425961
2019,US91324P1021,0.007503512654875005
2019,US91529Y1064,7.743930571021814e-08
2019,US91913Y1001,0.003319421902545415
2019,US92276F1003,1.747599188636045e-06
2019,US92343V1044,0.015446569228428688
2019,US92532F1003,0.0032397129608102986
2019,US9255501051,0.0001306880278088969
2019,US92556V1061,0.0039202647304091565
2019,US9282981086,0.002097885356999163
2019,US9290421091,0.00011102282271033249
2019,US9291601097,0.00021910693012951413
2019,US92922P1066,0.00013097156843564793
2019,US92939U1060,0.0006778525274748644
2019,US9311421039,0.014643546990051584
2019,US9314271084,0.0012790203152352317
2019,US94106L1098,0.010803065908941754
2019,US9497461015,0.01218351306355217
2019,US95040Q1040,8.753318934508315e-06
2019,US95058W1009,9.322126593041202e-05
2019,US95082P1057,1.213164574103367e-05
2019,US9581021055,0.0031677975788670376
2019,US9604131022,0.00012317085686488655
2019,US96145D1054,2.002161918669921e-06
2019,US9621661043,0.0006491386848730649
2019,US9633201069,0.001960854238089263
2019,US9694571004,2.8350420201184537e-06
2019,US9699041011,0.0003695408003932897
2019,US9831341071,1.270632866129534e-07
2019,US9839191015,0.0005825787922842655
2019,US98421M1062,0.0051628467620930705
2019,US9884981013,0.0006608403005501861
2019,US98956P1021,0.005639744992897633
2020,AN8068571086,0.00010660267089264774
2020,CA00208D4084,0.0002511804308783075
2020,CA0084741085,3.0334200299609114e-05
2020,CA00900Q1037,0.0006759786907247968
2020,CA01626P1484,0.0011208193339954527
2020,CA05534B7604,0.001035447821635426
2020,CA0636711016,0.0004217475172176306
2020,CA0641491075,0.0023526345791029693
2020,CA1247651088,8.076981709937377e-06
2020,CA12532H1047,0.001304836709725672
2020,CA13321L1085,8.942970367248761e-06
2020,CA1363751027,0.002319479599868209
2020,CA1363851017,0.0003985134392497611
2020,CA13646K1084,0.001817743537886834
2020,CA1366812024,3.3312024010057176e-06
2020,CA2918434077,6.150751344968322e-05
2020,CA29250N1050,0.0036253968717891096
2020,CA2927661025,8.757171577128812e-07
2020,CA3180714048,0.0007172596553977747
2020,CA3359341052,4.950428954711735e-05
2020,CA3495531079,0.00032683604591124594
2020,CA3518581051,0.01924800822289636
2020,CA3759161035,5.792824876205917e-07
2020,CA39138C1068,0.0013783309837708715
2020,CA4530384086,0.0008144102330774936
2020,CA45823T1066,0.00017703282248741407
2020,CA4969024047,1.1783723421518002e-06
2020,CA5394811015,4.0800020863380147e-07
2020,CA5592224011,2.9777450916117036e-05
2020,CA56501R1064,0.001807700097637905
2020,CA59151K1084,0.00011452872546282531
2020,CA59162N1096,0.0006209793562477461
2020,CA6837151068,1.7048358583291384e-06
2020,CA7392391016,0.0009479085405033706
2020,CA7669101031,7.044976510437873e-05
2020,CA7751092007,0.0001507620475279048
2020,CA7800871021,0.004427022513993075
2020,CA8029121057,0.0005461678502772095
2020,CA82028K2002,0.0004898058936430008
2020,CA8239011031,1.0354363540566988e-05
2020,CA85472N1096,0.0007168930242358259
2020,CA8667961053,0.0007716542122073993
2020,CA8672241079,2.641472509307425e-05
2020,CA87807B1076,0.0011520812493375884
2020,CA8787422044,0.00045009320437930145
2020,CA87971M1032,0.0008687408552586713
2020,CA8849038085,0.0018838607528113862
2020,CA8911605092,0.003326186430738106
2020,CA8959451037,0.00017701444746510885
2020,GB0022569080,0.0005177908871005347
2020,IE00BWT6H894,1.8672911568052372e-05
2020,LR0008862868,0.0013559611349689565
2020,PA1436583006,0.0014268768489630634
2020,US0010551028,0.0008763554813491188
2020,US0010841023,7.386141691195453e-05
2020,US00130H1059,0.0005614256814731517
2020,US00206R1023,0.010466399591090508
2020,US0028241000,0.006286151503627837
2020,US0028962076,0.00011496560882877924
2020,US00724F1012,0.008497137226605715
2020,US00751Y1064,0.00035643924940500013
2020,US0079031078,0.0013721219837921506
2020,US0082521081,8.442412788905049e-06
2020,US00846U1016,0.0010102068493057855
2020,US0091581068,0.0008058237709896269
2020,US00971T1016,0.0011745594560476594
2020,US0126531013,3.221120727956741e-05
2020,US0152711091,0.0005438897077451604
2020,US01741R1023,0.0003687970233485371
2020,US0188021085,0.00015309203713493493
2020,US0200021014,0.0012260385227333879
2020,US02079K3059,0.018378207142691127
2020,US02209S1033,0.004401785978664406
2020,US0231351067,0.040722957521391406
2020,US0236081024,6.454569808859992e-05
2020,US0255371017,0.001042497382125089
2020,US02553E1064,5.5872010833397435e-05
2020,US0258161092,0.003971153620713714
2020,US0268747849,0.0037587217918049268
2020,US03027X1000,0.0036212011860674944
2020,US03073E1055,0.001206139324524588
2020,US03076C1062,0.0020234641315120382
2020,US0311001004,0.0008119646291472236
2020,US0311621009,0.006268320725378115
2020,US0320951017,0.0013444880799428356
2020,US0326541051,0.0016828171911222268
2020,US0367521038,0.003488357044644447
2020,US03743Q1085,0.0005784454991485746
2020,US0378331005,0.05400541944500142
2020,US0382221051,0.001720332710213004
2020,US0383361039,8.40594708744013e-05
2020,US03940R1077,0.0007514276067845546
2020,US0394831020,0.0011853084485448481
2020,US0441861046,0.0002894697727903568
2020,US0454871056,0.0005675265350585129
2020,US04621X1081,0.0013941227834400672
2020,US0527691069,0.0017475432117680183
2020,US0530151036,0.004612287643912062
2020,US0533321024,0.0009210608197742167
2020,US0534841012,0.0016641145301425114
2020,US0536111091,0.00017836950118678866
2020,US0537741052,0.001064935144663171
2020,US0538071038,0.0011463464010331834
2020,US0565251081,6.7508568021137e-05
2020,US0584981064,0.0012920788563734853
2020,US0605051046,0.011798308154310669
2020,US0640581007,0.002138074556777398
2020,US0708301041,2.7576823047549163e-05
2020,US0718131099,0.0015460280674113379
2020,US0758871091,0.0036694685369855497
2020,US0758961009,0.000743372290073293
2020,US0844231029,0.0011908564962640664
2020,US0865161014,8.854543081931478e-05
2020,US0893021032,0.00016087422016634114
2020,US09061G1013,0.00011120991027859925
2020,US09062X1037,0.0004479136304150824
2020,US0970231058,0.008936476809327075
2020,US09857L1089,0.0036756324115057074
2020,US0997241064,0.00016932413487612277
2020,US1011211018,0.0005156124890706345
2020,US1011371077,0.000857734511307032
2020,US1053682035,0.00039518721239706296
2020,US1096411004,8.523093397416552e-07
2020,US1101221083,0.00663585819300848
2020,US1156372096,0.000897017793753769
2020,US12504L1098,0.00039756517535463734
2020,US1252691001,0.0007909868324877614
2020,US12541W2098,0.000612786631752113
2020,US1255231003,0.0020592055307876917
2020,US12572Q1058,0.00353072459861917
2020,US1258961002,0.0005107676936097818
2020,US1264081035,0.002412105079438534
2020,US12653C1080,4.8238215188186925e-05
2020,US1266501006,0.0038041424364553995
2020,US1270971039,1.3210385131155626e-05
2020,US1273871087,0.00020090721812245126
2020,US1307881029,4.5308813931394235e-05
2020,US1331311027,0.0005042108329992933
2020,US1344291091,0.0002989417184667862
2020,US14040H1059,0.0014049340936151528
2020,US14149Y1082,0.001098121733837963
2020,US1423391002,0.0006240236989683237
2020,US1431301027,0.0005035327271540043
2020,US1491231015,0.0006313359717765186
2020,US1508701034,0.00013470592995920333
2020,US15189T1079,9.074575822948222e-05
2020,US1567821046,0.002277650026495398
2020,US1598641074,0.000994887084287094
2020,US1667641005,0.007477268251424717
2020,US1713401024,0.0007034813178378302
2020,US1717793095,2.646900066154088e-06
2020,US1720621010,0.00165528487007185
2020,US17275R1023,0.009299276354312252
2020,US1729081059,0.0009971299058240592
2020,US1729674242,0.007037076179204828
2020,US1773761002,1.6793128278946456e-05
2020,US1858991011,6.867953257639328e-07
2020,US1890541097,0.0004060170027466325
2020,US1912161007,0.009965517205944744
2020,US1924461023,0.00020618724273647158
2020,US1941621039,0.0033765626302345365
2020,US20030N1019,0.006700496283156902
2020,US2003401070,0.00018753722754725485
2020,US2017231034,2.4290333020017483e-05
2020,US2058871029,0.00291074611245395
2020,US20825C1045,0.0028095429651463877
2020,US2091151041,0.0006958759261624196
2020,US21036P1084,0.001014896158338637
2020,US2193501051,0.002072570100801086
2020,US22160K1051,0.004909363091705377
2020,US22410J1060,0.00021004685522886245
2020,US22822V1017,0.0010738851478033593
2020,US2283681060,0.0007599310410628802
2020,US2310211063,0.00025262780415838057
2020,US23331A1097,5.41136368918416e-05
2020,US2333311072,0.0004664677474499351
2020,US23355L1061,0.001558952893105733
2020,US2358511028,0.003962999342601316
2020,US2371941053,0.0013088607605261653
2020,US23918K1088,6.532724705126323e-05
2020,US2441991054,0.001982719035862687
2020,US2473617023,0.002823765313509463
2020,US24906P1093,0.00028168931979593995
2020,US25179M1036,9.773359372828238e-05
2020,US2533931026,3.684099248027362e-07
2020,US2546871060,0.010635243107173455
2020,US25525P1075,0.00028285463221309023
2020,US25659T1079,1.931184066201903e-06
2020,US2566771059,0.001266397600021105
2020,US25746U1097,0.0022368414143982504
2020,US2576511099,0.0007591973331270976
2020,US25960P1093,0.0017021476266924481
2020,US2600031080,0.00024855997489967827
2020,US26441C2044,0.002409776137229834
2020,US26875P1012,0.00010040499128442074
2020,US26884L1098,0.0007014225164735567
2020,US2774614067,4.593123389002157e-05
2020,US2786421030,0.000923425054842224
2020,US2788651006,0.0031552779589020725
2020,US2810201077,2.636060653098101e-05
2020,US28176E1082,0.0009460572748442817
2020,US2910111044,0.0010723935286729531
2020,US29364G1031,0.0007881475660216497
2020,US2944291051,0.000917068632412321
2020,US29444U7000,0.002319433692425119
2020,US29476L1070,0.0026872836400810246
2020,US29670G1022,0.00032674849291802684
2020,US2971781057,0.0010484817775688116
2020,US30040W1080,0.00031350884286486145
2020,US30161N1019,0.003075293321727476
2020,US30212P3038,0.001555788879354076
2020,US3021301094,0.0004858129442670508
2020,US30231G1022,0.010878078560810866
2020,US3024913036,0.0010109807474534664
2020,US3029411093,0.00030852181861934573
2020,US3030751057,0.0009331247387058709
2020,US3119001044,0.0005397181735175517
2020,US3137451015,0.0006022727854498091
2020,US31428X1063,0.001190536293255719
2020,US3156161024,7.824642544777525e-05
2020,US31620M1062,0.004978863857372824
2020,US3167731005,5.9955038046966576e-05
2020,US3205171057,0.0001277865243956113
2020,US3377381088,0.0034068876151203266
2020,US3379321074,0.002349358160238653
2020,US34354P1057,0.00017805734290502986
2020,US3448491049,0.0019470366101538882
2020,US3453708600,2.4316247569345198e-05
2020,US3546131018,0.0006469330745612098
2020,US35671D8570,7.13534155808216e-05
2020,US3635761097,0.0015705682315150567
2020,US3647601083,4.803737461964222e-05
2020,US3703341046,0.0009275231037609593
2020,US37045V1008,0.00032798178707366116
2020,US3719011096,1.0234451768674545e-05
2020,US37247D1063,0.002601328201001355
2020,US3755581036,0.0017416117524268935
2020,US37940X1028,0.0021390742571345592
2020,US38141G1040,0.0018617549908783828
2020,US3841091040,0.0015697948594150994
2020,US3848021040,0.00046779424640533613
2020,US3976241071,7.065878750106677e-06
2020,US40434L1052,0.003061206989002558
2020,US4062161017,0.0006922409186481764
2020,US4103451021,9.104726418322044e-05
2020,US4108671052,0.0003374126953744343
2020,US4128221086,0.0005718877136028605
2020,US4158641070,0.0024692177999553035
2020,US4165151048,0.000801873669091622
2020,US4180561072,0.001080474537373798
2020,US4198701009,0.0009651039728373438
2020,US42250P1030,0.0004323143340991386
2020,US4234521015,0.000759151996247803
2020,US42809H1077,0.00028700101031189245
2020,US4370761029,0.011245120922411735
2020,US4385161066,0.005575966990198217
2020,US4404521001,0.0007603631462734272
2020,US44107P1049,0.0010288397739434986
2020,US4435106079,0.0003159264246150165
2020,US4448591028,0.0005757572668375035
2020,US4456581077,0.00025330665529109094
2020,US4461501045,0.0010220336969649685
2020,US4470111075,0.00042001947279888494
2020,US45073V1089,7.354445588883084e-05
2020,US45167R1041,3.313338428420781e-05
2020,US45168D1046,0.00013650630752868004
2020,US4523081093,0.0016612949861457053
2020,US4523271090,0.0007598921181242181
2020,US4581401001,0.011352954665143947
2020,US45866F1049,0.00307499523956154
2020,US4592001014,0.005583215799745302
2020,US4595061015,0.0010770195163166238
2020,US4606901001,0.0009913026330734633
2020,US4612021034,0.00332676605571445
2020,US46284V1017,0.00033887421600688243
2020,US4657411066,7.60791724521531e-05
2020,US46625H1005,0.017866695224493377
2020,US4663131039,1.2245843975637858e-05
2020,US46982L1089,0.0014046176163178318
2020,US4781601046,0.01596056348312173
2020,US48020Q1076,0.0004013038160313485
2020,US48203R1041,1.5165859615066796e-05
2020,US48242W1062,4.6301180669796796e-07
2020,US4824801009,0.0021781149116580946
2020,US4878361082,0.0008321347611718599
2020,US4891701009,8.447100158176808e-05
2020,US4932671088,0.000230495418480084
2020,US4943681035,0.002663845355356818
2020,US49446R1095,0.0006035517192507822
2020,US49456B1017,0.0017460992538135664
2020,US4972661064,0.0010808860645095783
2020,US5002551043,0.0004224120608460213
2020,US5010441013,0.0012553175819267155
2020,US5018892084,0.0010995991871758021
2020,US5178341070,0.0013467980279534431
2020,US5184391044,0.002510873429497906
2020,US5218652049,0.0003963103969410936
2020,US5246601075,9.30292126439385e-05
2020,US5261071071,4.7764862417023414e-05
2020,US5324571083,0.004908553280333589
2020,US5339001068,1.7895019028388132e-05
2020,US5341871094,1.0344899048972994e-05
2020,US5370081045,7.263045714128608e-07
2020,US5398301094,0.005036265829780693
2020,US5486611073,0.004550627018911619
2020,US5502411037,0.0009939896834626734
2020,US55261F1049,0.000863047447008677
2020,US5526761086,9.530392888220245e-06
2020,US5529531015,4.881214555285158e-06
2020,US5543821012,0.00010484164765919664
2020,US5544891048,0.0014229880073299062
2020,US55616P1049,0.0006376900373962913
2020,US5635714059,1.4996055460455418e-06
2020,US56418H1005,4.5502638991155154e-05
2020,US5658491064,0.0009306685641097343
2020,US5717481023,0.0018236765901937346
2020,US5719032022,0.0010577093539715207
2020,US5732841060,4.899602114894115e-05
2020,US5738741041,0.001613347011051246
2020,US5745991068,0.0005074618500616619
2020,US57636Q1040,0.015389977423819534
2020,US5770811025,4.657933245576212e-07
2020,US5797802064,0.0013373132099556827
2020,US5801351017,0.007133051322907772
2020,US58155Q1031,6.713611775640505e-05
2020,US58933Y1055,0.00871749149934281
2020,US59156R1086,0.0025652851007490467
2020,US5926881054,0.0004842682922316761
2020,US5949181045,0.05674178483452966
2020,US5950171042,0.0005482905628370003
2020,US5951121038,0.0020871202553473275
2020,US6005441000,0.00017930771726341543
2020,US6081901042,2.8839724338864726e-05
2020,US60871R2094,0.00014090466989833062
2020,US6092071058,0.004402788410938237
2020,US61174X1090,0.0016861062789056273
2020,US6153691059,0.002290243416948742
2020,US6174464486,0.003287644695562394
2020,US61945C1036,0.00046453863090308603
2020,US6200763075,0.0012558703073637836
2020,US6267171022,0.00019369963499786316
2020,US6293775085,0.001985564127835131
2020,US62955J1034,1.2279729808470605e-05
2020,US6311031081,9.553838184379276e-05
2020,US6361801011,0.00012493527763133793
2020,US6365181022,0.000562898043327142
2020,US64110D1046,0.0007629329860532528
2020,US6501111073,0.0003937713361901703
2020,US6512291062,0.00013637859731130308
2020,US6516391066,0.0005740218511315891
2020,US65339F1012,0.005404089565812017
2020,US6541061031,0.007237399361880973
2020,US65473P1057,0.0002156152705907833
2020,US6556641008,0.0007093586168380433
2020,US6558441084,0.0006624084906955728
2020,US6658591044,0.000766454156467824
2020,US6668071029,0.00308212339624386
2020,US6687711084,0.0005066239181227784
2020,US67066G1040,0.008068918854335423
2020,US6708371033,0.00018510045457714532
2020,US67098H1041,3.287907299097775e-05
2020,US6745991058,5.445586860275456e-06
2020,US6780261052,0.0013424327413411351
2020,US6819191064,7.707258095150959e-05
2020,US6821891057,0.00037248668554958287
2020,US6826801036,2.766507001908031e-05
2020,US68389X1054,0.0062069792960281105
2020,US6866881021,0.0026529174919474644
2020,US6882392011,0.0005505967222139132
2020,US69331C1080,0.0003950771887831709
2020,US6934751057,0.0035082451653982005
2020,US6935061076,1.5016839386989505e-07
2020,US69351T1060,0.0011078106050956484
2020,US6936561009,0.00038544009749483005
2020,US6937181088,0.0022651061476841395
2020,US6951561090,0.0002661125672894003
2020,US7010941042,0.0007396931961122404
2020,US7043261079,0.001414570597115229
2020,US7045511000,8.797589621039459e-07
2020,US7134481081,0.008669421764167634
2020,US7140461093,0.0004376352468543855
2020,US7170811035,0.008571713205103514
2020,US7234841010,6.581730971261423e-06
2020,US7237871071,0.00028411988908483955
2020,US7244791007,0.0002788700603244061
2020,US7310681025,6.356831101551011e-07
2020,US74144T1088,0.0009772434402169773
2020,US74251V1026,0.0013068658560365205
2020,US7427181091,0.012763552994607696
2020,US7433151039,0.003856878423812828
2020,US74340W1036,0.001881181840619312
2020,US7443201022,0.0026116541949618914
2020,US7445731067,0.0005354464793098408
2020,US74460D1090,0.001385165203934621
2020,US7458671010,2.148165262047914e-05
2020,US7475251036,0.004567888328796426
2020,US74762E1029,0.00125393938955675
2020,US74834L1008,0.0009294777019412426
2020,US7509171069,0.0005223421409435484
2020,US7512121010,0.0005038610725417821
2020,US75281A1097,0.00044383921362276034
2020,US75513E1010,0.0034561521490720265
2020,US7588491032,0.0001790580936816284
2020,US75886F1075,0.0018060711343201867
2020,US7591EP1005,1.9422745667636173e-05
2020,US7593516047,6.283545117201505e-06
2020,US7595091023,0.00018307106334426674
2020,US7607591002,0.0012501676362228309
2020,US7703231032,0.0008424542531047449
2020,US7739031091,8.1412562903849e-05
2020,US7782961038,0.0026312840624138165
2020,US7835491082,0.0008734842227288188
2020,US78409V1044,0.003108124268247263
2020,US78410G1040,0.0001894410336062717
2020,US7841171033,0.0008251853684028094
2020,US78440X8873,2.0545234993517186e-05
2020,US78454L1008,4.8196863639341754e-05
2020,US78473E1038,3.893905556186515e-05
2020,US79466L3024,0.005496909439638919
2020,US8064071025,0.000260018221471488
2020,US81211K1007,0.00059164058004385
2020,US8168511090,0.000910544381821924
2020,US8243481061,0.0023009511681348345
2020,US8288061091,0.0012394364355199515
2020,US8326964058,0.0009413422836103173
2020,US8354951027,0.00012756453421729325
2020,US8425871071,0.0021414828873336576
2020,US84265V1052,0.0005241600263312268
2020,US8447411088,0.00026443314104071693
2020,US8485741099,0.00024182400192979716
2020,US8545021011,0.0007162184796916778
2020,US8552441094,0.004203851415155837
2020,US8574771031,0.002280832854953181
2020,US8581191009,0.00090421758804518
2020,US8589121081,0.0019195148389767453
2020,US8636671013,0.004267332718779096
2020,US8676524064,1.9442030451298124e-05
2020,US8716071076,0.0002896067112138516
2020,US87161C5013,2.624154243650491e-05
2020,US8718291078,0.001079581936638234
2020,US8725401090,0.003657743583165429
2020,US8760301072,0.0019682709583068786
2020,US87612E1064,0.001242984482346088
2020,US8803491054,1.9120871349444087e-06
2020,US8807701029,0.0007406109112260831
2020,US8807791038,4.689543205210559e-05
2020,US8825081040,0.004867436487742329
2020,US8832031012,0.0007527902134136799
2020,US88337F1057,0.0002835782169217557
2020,US8835561023,0.005012445708798134
2020,US88579Y1010,0.0030868353798988147
2020,US88642R1095,0.00020715434751360053
2020,US8873891043,0.00039124211991935866
2020,US89417E1091,0.003726994609901918
2020,US8962391004,0.0005878827724145159
2020,US8965221091,0.0008822708981045279
2020,US89832Q1094,0.002918696145222311
2020,US9024941034,2.1861457074127793e-05
2020,US9026531049,0.0005907424293441389
2020,US9026811052,0.00035875356487264363
2020,US9029733048,0.003469270286407158
2020,US9078181081,0.004345346294559531
2020,US9113121068,0.004088887424399228
2020,US91324P1021,0.010357232988780295
2020,US91529Y1064,0.0007800146140861624
2020,US91913Y1001,0.0020728559123443413
2020,US92276F1003,0.00013834713566622634
2020,US92343V1044,0.010629809991608938
2020,US92532F1003,0.002492432884858575
2020,US9255501051,2.44581790420236e-05
2020,US92556V1061,0.0018913243100645255
2020,US9282981086,0.0001274903696776642
2020,US9290421091,0.0002782960621963792
2020,US9291601097,0.0005768689203373859
2020,US92922P1066,2.0685847072577577e-06
2020,US92939U1060,0.0009973868000101415
2020,US9297401088,1.5689760442165877e-05
2020,US9311421039,0.013690530674436197
2020,US9314271084,0.0017648285696906362
2020,US94106L1098,0.0038715973942668428
2020,US9418481035,0.0003668218035016568
2020,US9427491025,2.25720746361623e-05
2020,US9497461015,0.009119907570847529
2020,US95040Q1040,0.00011442774876621387
2020,US95058W1009,4.560517324219077e-05
2020,US95082P1057,6.369318010308609e-06
2020,US9581021055,0.0018744536026390085
2020,US96145D1054,0.00045110831579834063
2020,US9621661043,0.0014281909369184816
2020,US9633201069,1.238008142467164e-05
2020,US9682232064,5.013793981826395e-06
2020,US9694571004,0.00017800825958927226
2020,US9699041011,0.00022447791710110597
2020,US9831341071,0.000240541504962723
2020,US98389B1008,0.00046263327093014805
2020,US9839191015,0.0016954339454114038
2020,US98421M1062,0.002255983292224665
2020,US9884981013,0.0005913165484435217
2020,US9892071054,0.0005321891769756991
2020,US98956P1021,0.0021720915166456014
2021,AN8068571086,1.9154399044159935e-05
2021,CA00208D4084,9.362327574372427e-06
2021,CA0084741085,4.15205662671888e-05
2021,CA00900Q1037,1.719507340213316e-05
2021,CA01626P1484,0.00043117784146513144
2021,CA05534B7604,1.368006405664439e-05
2021,CA0636711016,0.0004966035847136849
2021,CA0641491075,0.0022605209771328597
2021,CA0977518616,8.146153343294171e-06
2021,CA1247651088,2.6599408373031572e-05
2021,CA12532H1047,0.0002780427584917855
2021,CA1360691010,1.7247373391698023e-05
2021,CA1363751027,0.0022408640959089327
2021,CA1363851017,4.905988481330771e-05
2021,CA13646K1084,0.0008556774962535124
2021,CA1367178326,0.0001078553334347141
2021,CA2849025093,1.8769304282381503e-06
2021,CA2918434077,1.397141788923404e-05
2021,CA29250N1050,0.0017544537307823465
2021,CA3180714048,0.0004140841054464572
2021,CA3359341052,1.5736110253864645e-05
2021,CA3495531079,0.0002207321082976051
2021,CA3518581051,0.02295199751240785
2021,CA39138C1068,0.0008033770855234238
2021,CA4530384086,1.574198649121048e-05
2021,CA45823T1066,8.454482213011167e-06
2021,CA5592224011,8.533408786299706e-06
2021,CA56501R1064,0.0016773221082768302
2021,CA59151K1084,0.0001505631153839848
2021,CA59162N1096,0.0007559404625559442
2021,CA67077M1086,0.001538234677941247
2021,CA68272K1030,7.624791642580501e-05
2021,CA6837151068,0.0007974306867659127
2021,CA7392391016,0.00047257588585673143
2021,CA7669101031,1.603028357062313e-05
2021,CA7800871021,0.0033652895479825548
2021,CA8029121057,0.00013300382053508682
2021,CA82028K2002,0.00019704018712474617
2021,CA8239011031,1.0633595237340145e-06
2021,CA85472N1096,0.001338847914205996
2021,CA8667961053,5.60655560466268e-05
2021,CA8672241079,0.0003217924042662617
2021,CA87807B1076,0.000716729742752262
2021,CA8787422044,0.0003845970320059819
2021,CA8849038085,0.0015874867573873082
2021,CA8911605092,0.002869631373178782
2021,CA89346D1078,0.00014169805109241862
2021,CA8959451037,4.0978560071638874e-05
2021,CA9611485090,5.334099343714931e-06
2021,GB0022569080,1.4865054343596808e-05
2021,IE00BWT6H894,0.00019830260875835205
2021,LR0008862868,0.0012884444034893768
2021,PA1436583006,0.0011996921959618477
2021,US0010551028,0.0006229869150030261
2021,US0010841023,0.00034019702759516984
2021,US00130H1059,0.00016260821718926732
2021,US00206R1023,0.00597778136745397
2021,US0028241000,0.008767617115724251
2021,US0028962076,0.00013715631508449334
2021,US00507V1098,0.002823633051106377
2021,US00724F1012,0.008546450962972041
2021,US00751Y1064,0.0005098214410063416
2021,US0079031078,0.0030855080348622093
2021,US0082521081,9.728971630522277e-05
2021,US00846U1016,0.0012822821635589542
2021,US0091581068,0.00016470629354910793
2021,US00971T1016,0.00039001785551149546
2021,US0126531013,0.00016816686486050792
2021,US0152711091,0.0003226621835715643
2021,US01741R1023,0.0002492934116525464
2021,US0188021085,3.080069026817621e-05
2021,US0200021014,0.0009966112431980952
2021,US02079K3059,0.019799406564165126
2021,US02209S1033,0.004291443387487061
2021,US0231351067,0.05935085162467016
2021,US0236081024,3.838572059233598e-06
2021,US0255371017,5.49065930439783e-05
2021,US02553E1064,0.00012922096622770945
2021,US0258161092,0.0029340577403571175
2021,US0268747849,0.003290712262848175
2021,US03027X1000,0.002812849058702162
2021,US03073E1055,0.0012446985209995844
2021,US03076C1062,0.001958757523608973
2021,US0311001004,0.0009347741204829267
2021,US0311621009,0.005750434570503127
2021,US0320951017,0.0012278229132865648
2021,US0326541051,0.001871023821725945
2021,US0367521038,0.002888576764501825
2021,US03743Q1085,0.0005051762465537275
2021,US0378331005,0.07740163537981984
2021,US0382221051,0.002481261776584919
2021,US0383361039,1.6137642766870187e-05
2021,US03940R1077,0.0013355286064864141
2021,US0394831020,0.0017478702129888708
2021,US0427351004,0.00012033916519625999
2021,US0441861046,0.00034845715549238767
2021,US0454871056,0.0009237712663683838
2021,US04621X1081,0.0007515606025541583
2021,US0527691069,0.00237970007637626
2021,US0530151036,0.004260826706055584
2021,US0533321024,0.0011308655384949348
2021,US0534841012,0.0014493323432705713
2021,US0536111091,1.1054270728596286e-05
2021,US0537741052,0.0010805437308339617
2021,US0538071038,9.64120976932064e-05
2021,US0565251081,2.716670558905449e-05
2021,US0584981064,0.0015241044931217833
2021,US0605051046,0.009425193934185942
2021,US0640581007,0.0007587071967807159
2021,US0718131099,0.0009605239956798365
2021,US0758871091,0.003081171418543318
2021,US0758961009,0.00025782116106264525
2021,US0844231029,0.0013610368026415894
2021,US0893021032,4.74945952735683e-08
2021,US09061G1013,2.1185739677866146e-05
2021,US09062X1037,0.000907113166681231
2021,US09073M1045,0.0008720780284239056
2021,US0970231058,0.005379912190188736
2021,US09857L1089,0.003951370356172714
2021,US1011211018,0.0005085904229080529
2021,US1011371077,4.021559729498923e-06
2021,US1033041013,1.5519317356701917e-05
2021,US1053682035,3.011433840664691e-05
2021,US1096411004,1.6397058816497123e-05
2021,US1096961040,0.00023048848985878702
2021,US1101221083,0.005573934244561663
2021,US1156372096,0.0004278652465252006
2021,US12504L1098,0.000603060702820707
2021,US1252691001,0.0003277928804205591
2021,US12541W2098,0.00037128035507228433
2021,US1255231003,0.0010263909161694446
2021,US12572Q1058,0.0030046030887945305
2021,US1258961002,0.00015395551686406354
2021,US1264081035,0.002789979453989356
2021,US12653C1080,8.234929015623201e-07
2021,US1266501006,0.003175327574585561
2021,US1270971039,3.692591995701375e-05
2021,US1273871087,0.0007807668653141162
2021,US1307881029,0.00014206460731857576
2021,US1331311027,0.0006215145143194302
2021,US1344291091,2.8118659172668513e-05
2021,US14040H1059,0.0016749784924024033
2021,US14149Y1082,0.0006001065728703744
2021,US1423391002,0.0014409254305217676
2021,US1431301027,0.001025779166469285
2021,US1491231015,0.0016820307283299688
2021,US1508701034,0.00018667842885006935
2021,US15189T1079,3.8451687788137914e-05
2021,US1567821046,0.002580415334802314
2021,US1598641074,0.0006280051390386834
2021,US1667641005,0.00445595870826617
2021,US1713401024,0.00085836241815937
2021,US1720621010,0.0015576598826782806
2021,US17275R1023,0.007207154986498384
2021,US1729081059,0.00044392111736104195
2021,US1729674242,0.004439978625326869
2021,US1773761002,0.0011861073822983033
2021,US1890541097,0.0007294401250920607
2021,US1912161007,0.006938646205734099
2021,US1924461023,0.0005966971330707274
2021,US1941621039,0.0029407118105894436
2021,US20030N1019,0.006592990482951277
2021,US2003401070,4.395246999630366e-05
2021,US2017231034,0.0004117087182571332
2021,US2058871029,0.0034450148794265313
2021,US20825C1045,0.0016223171979101718
2021,US2091151041,0.0004652025461703717
2021,US21036P1084,0.0012028926417561776
2021,US2172041061,9.964016903529119e-05
2021,US2193501051,0.00172113571512902
2021,US22160K1051,0.005350049224520406
2021,US22410J1060,3.1374850773567787e-06
2021,US22822V1017,0.0009424685382960242
2021,US2283681060,0.0005048082259795883
2021,US2310211063,0.0011559899106654689
2021,US23331A1097,1.9275077895400106e-05
2021,US2333311072,1.0889582367992543e-05
2021,US23355L1061,0.00021716442896229824
2021,US2358511028,0.006114547935146224
2021,US2371941053,0.002488182961810551
2021,US23918K1088,0.0006871545905398322
2021,US2441991054,0.0036189403227806635
2021,US2473617023,0.0029205328391331536
2021,US24906P1093,0.0009931955000165942
2021,US25179M1036,1.6782127052145608e-06
2021,US2533931026,0.00032057801538316113
2021,US2546871060,0.011966840205055751
2021,US25525P1075,0.00043990240311847045
2021,US2566771059,0.0011215939329402432
2021,US2567461080,0.0022078841823769966
2021,US25746U1097,0.0010110327286533168
2021,US2576511099,0.000446428618028525
2021,US25960P1093,0.0006217560476321454
2021,US2600031080,0.00014675431409985325
2021,US26441C2044,0.001284470910940413
2021,US26614N1028,1.3051563372235453e-05
2021,US26875P1012,0.00019847955762191972
2021,US26884L1098,0.0010424642050418714
2021,US2774321002,1.844157847548323e-08
2021,US2774614067,0.0002792664992686167
2021,US2786421030,0.0014184676523577248
2021,US2788651006,0.002189023537286223
2021,US2810201077,3.4955150577584615e-05
2021,US28176E1082,0.0003660518421295449
2021,US2910111044,0.0014630441776485158
2021,US29364G1031,0.0003805906669259156
2021,US2944291051,0.00022452918501856804
2021,US29444U7000,0.001650522500625255
2021,US29476L1070,0.0026203636913356664
2021,US29670G1022,6.043764127780895e-05
2021,US2971781057,0.0006825645602381896
2021,US30034W1062,9.985118763709158e-05
2021,US30040W1080,0.00016092487743520363
2021,US30161N1019,0.0024550116676377238
2021,US30212P3038,8.376204665146615e-05
2021,US3021301094,0.0006944885708741041
2021,US30231G1022,0.006530615621067694
2021,US3024913036,0.0012148140686880796
2021,US3029411093,0.0005842366754367399
2021,US3030751057,0.0008534126205889204
2021,US3119001044,0.0003273860466166173
2021,US3137451015,0.0005846303616289127
2021,US31428X1063,0.0025768617015859818
2021,US3156161024,2.0185266762684063e-05
2021,US31620M1062,0.0026414516733316673
2021,US3167731005,2.1160480266868288e-05
2021,US3205171057,0.00026527937610497983
2021,US3377381088,0.001954975647142693
2021,US3379321074,0.0016787377872360238
2021,US34354P1057,0.000882855024216256
2021,US3448491049,0.0018087457656036953
2021,US3453708600,2.6789922996996745e-05
2021,US3546131018,0.0012405885908780064
2021,US3614481030,4.186443102086545e-05
2021,US3635761097,0.0011089587591226826
2021,US3695501086,0.001686723370342436
2021,US3703341046,0.0010978038391352076
2021,US37045V1008,0.0012018457549531076
2021,US3719011096,4.170874119645426e-06
2021,US3724601055,0.0004937679109795324
2021,US37247D1063,0.0024005487146612206
2021,US3755581036,0.0006655662307974081
2021,US37940X1028,0.0010617562975507135
2021,US37959E1029,5.012453819073524e-07
2021,US38141G1040,0.0021530387148425943
2021,US3825501014,5.413234870315568e-08
2021,US3841091040,0.0015588628155826431
2021,US3848021040,0.00032168476618723435
2021,US3976241071,4.119914957725181e-05
2021,US40434L1052,0.002720955953666979
2021,US4062161017,2.8589708305820094e-06
2021,US4103451021,5.462498040363506e-05
2021,US4108671052,5.161090149009296e-06
2021,US4128221086,3.017609895326628e-06
2021,US4158641070,0.00246176179137024
2021,US4165151048,0.0008605001810219839
2021,US4180561072,0.0022460811908700915
2021,US4198701009,0.0007248949629305031
2021,US42250P1030,3.5825173333176815e-05
2021,US42330P1075,2.8845707878499255e-06
2021,US4234521015,0.000459658964434079
2021,US42809H1077,0.00011807172215560435
2021,US4364401012,0.00039735520861225774
2021,US4370761029,0.010527057388367561
2021,US4385161066,0.004655852757438145
2021,US4404521001,0.001414479225904339
2021,US44107P1049,2.5044534242617064e-05
2021,US4435106079,0.00044785698652489514
2021,US4448591028,0.0014088388873472843
2021,US4456581077,0.0007583324604437342
2021,US4461501045,0.0006065324266938506
2021,US4470111075,0.0006758536884993946
2021,US45073V1089,6.861501191320793e-05
2021,US45167R1041,4.567366945885776e-06
2021,US45168D1046,2.427159373559659e-05
2021,US4523081093,0.0014652772283232445
2021,US4581401001,0.009554729046367632
2021,US45866F1049,0.003107177870748736
2021,US4592001014,0.0038833526678471717
2021,US4595061015,0.0012389620389858542
2021,US4601461035,3.5688201521774794e-05
2021,US4606901001,0.0006080542256443361
2021,US4612021034,0.0043081295474729255
2021,US46120E6023,0.004089608246345062
2021,US46284V1017,0.0003053625251534012
2021,US4657411066,6.0942063130171216e-05
2021,US46625H1005,0.015367866111011205
2021,US4663131039,3.6317441395816177e-06
2021,US46982L1089,0.0009885358019807386
2021,US4781601046,0.01467537107345259
2021,US48020Q1076,0.0015841595593169791
2021,US48203R1041,2.7892666868235353e-05
2021,US48242W1062,4.6682306764838356e-05
2021,US4824801009,0.002394256648288686
2021,US4878361082,0.0005210522530317299
2021,US4891701009,0.0005381758429707114
2021,US4932671088,6.23056214976737e-05
2021,US4943681035,0.0023044198833733743
2021,US49446R1095,0.0008442321818767883
2021,US49456B1017,0.00047203985081994634
2021,US4972661064,0.0006026440373666225
2021,US5002551043,0.0003738555167654731
2021,US5010441013,0.001488598641697237
2021,US5018892084,0.0015361798430881437
2021,US5150981018,0.0009661307138271791
2021,US5178341070,0.0009625633461733782
2021,US5184391044,0.0032892314819694094
2021,US5218652049,4.6791330320284336e-05
2021,US5246601075,5.1541255459480175e-05
2021,US5324571083,0.0054499595436438225
2021,US5339001068,9.202555098776029e-05
2021,US5341871094,5.7059365541111835e-05
2021,US5370081045,0.0006178039078998335
2021,US5398301094,0.00212422542471882
2021,US5486611073,0.005445909595397848
2021,US5502411037,0.001734845711636003
2021,US55261F1049,0.0008669312262291108
2021,US5529531015,1.2887309844900705e-05
2021,US5543821012,9.552342076550738e-05
2021,US5544891048,0.0011712812481893084
2021,US55616P1049,0.0008458904658642482
2021,US5658491064,0.0002951512227881491
2021,US5717481023,0.0009112991130054654
2021,US5719032022,5.529401064405763e-05
2021,US5732841060,0.00027516166325972357
2021,US5738741041,0.0023852990852278916
2021,US5745991068,0.0006989397978178079
2021,US57636Q1040,0.0139926092413974
2021,US57667L1070,0.003202053529231098
2021,US5770811025,1.4684052275352526e-06
2021,US5797802064,0.0019733698300223477
2021,US5801351017,0.005756698891575248
2021,US58933Y1055,0.005919028388848207
2021,US59156R1086,0.0025285641776866983
2021,US5949181045,0.06533844671170082
2021,US5950171042,0.00013356589162469485
2021,US5951121038,0.002373086318342682
2021,US6005441000,0.0014410809704486283
2021,US6081901042,1.2032751041073929e-05
2021,US60871R2094,0.0003250200000982954
2021,US6092071058,0.0033467270422347976
2021,US61174X1090,0.0017667280068532128
2021,US6153691059,0.0027419871444434416
2021,US6174464486,0.0034105802231135227
2021,US61945C1036,0.00045894766126860543
2021,US6200763075,0.0020358064385686977
2021,US6267171022,0.00020854744194528138
2021,US6293775085,0.002540358379970502
2021,US62955J1034,1.6704856592541156e-05
2021,US6311031081,2.5213041085892376e-05
2021,US6361801011,1.5441986272666883e-07
2021,US6365181022,0.0005404325731401249
2021,US64110D1046,7.140752276403208e-07
2021,US6501111073,0.0012691770951321645
2021,US6512291062,0.00048118872175993954
2021,US6516391066,0.0008752821954264818
2021,US65249B1098,1.654230534942969e-05
2021,US65339F1012,0.005168694279644891
2021,US6541061031,0.007941806390235479
2021,US65473P1057,0.00011619685973647683
2021,US6556641008,0.0002894422901893911
2021,US6558441084,0.0012863059650505054
2021,US6658591044,0.0002586444853542553
2021,US6668071029,0.001155869669317171
2021,US6687711084,0.0003893863385721321
2021,US6703461052,0.0003969591010945848
2021,US67066G1040,0.013994069958347129
2021,US6708371033,0.00015337351207634484
2021,US67103H1077,0.0012693085563997048
2021,US6745991058,0.00014202145304702715
2021,US6780261052,0.0005823095874536055
2021,US6819191064,2.178964859378398e-05
2021,US6821891057,0.0005217764452882138
2021,US6826801036,3.1378014594847544e-05
2021,US68389X1054,0.006146700506833837
2021,US6866881021,0.003365982817111758
2021,US6882392011,0.0003535976401576538
2021,US69331C1080,0.0009139777404142072
2021,US6934751057,0.003004870510684182
2021,US6935061076,0.00030509684371149583
2021,US69351T1060,0.0006893165353137126
2021,US6936561009,0.0008562344757000663
2021,US6937181088,0.003164666950184646
2021,US6951561090,0.0004675016218917336
2021,US7010941042,0.0011393482533599505
2021,US7043261079,0.0017724944799210184
2021,US7045511000,8.225154063824515e-06
2021,US7075691094,0.0006524667091205608
2021,US7134481081,0.006862275958203724
2021,US7140461093,6.413055273387524e-05
2021,US7170811035,0.00646485138897292
2021,US7234841010,1.534440187526182e-05
2021,US7237871071,9.101707694984928e-05
2021,US7310681025,5.8008320781785104e-05
2021,US74144T1088,0.0009116709660340425
2021,US74251V1026,0.0014878951452412868
2021,US7427181091,0.011226960910983717
2021,US7433151039,0.004007961831941456
2021,US74340W1036,0.0020256752113957566
2021,US7443201022,0.0022689155981700034
2021,US7445731067,0.00015834771721933108
2021,US74460D1090,0.0011345315479140959
2021,US7475251036,0.0074356232536918745
2021,US74762E1029,0.0012222640094445825
2021,US74834L1008,0.001107045820487135
2021,US7512121010,0.0011778745719791565
2021,US75281A1097,0.0008356611019531845
2021,US7547301090,0.0022619500909458836
2021,US75513E1010,0.0009663429401180534
2021,US7588491032,0.00029048096690925505
2021,US75886F1075,0.002376632133058456
2021,US7593516047,0.0006723892492079905
2021,US7595091023,0.0004913281146106354
2021,US7607591002,0.00013531003720689477
2021,US7611521078,0.0008994053564446936
2021,US7677548726,0.0004802845412524989
2021,US7703231032,0.0004946567149291799
2021,US7739031091,0.0005618450341380894
2021,US7782961038,0.0017656235232612354
2021,US7835491082,0.001156916530248389
2021,US78409V1044,0.0024821280061899553
2021,US78410G1040,6.650875737827894e-05
2021,US7841171033,0.0002265461899907975
2021,US78440X8873,7.699812994396836e-05
2021,US78454L1008,0.00011930452561695654
2021,US78473E1038,0.0001053671132444342
2021,US79466L3024,0.006000519969917334
2021,US8101861065,2.9409163858438024e-05
2021,US81211K1007,3.3984930035001044e-05
2021,US8168511090,8.167805973420668e-05
2021,US8175651046,0.0014539884807014333
2021,US8243481061,0.0017011399464608949
2021,US8288061091,0.0006765067973374648
2021,US8326964058,0.0014045787020185397
2021,US8354951027,0.00011955837438856144
2021,US8425871071,0.0004888897412184169
2021,US84265V1052,0.0006258970936547296
2021,US8447411088,1.1583996973040632e-05
2021,US8454671095,0.00037265481682185537
2021,US8485741099,0.0010035174506273995
2021,US8545021011,0.0004371146329561323
2021,US8552441094,0.003141851453925338
2021,US8574771031,0.0015095896008790815
2021,US8581191009,0.0006327308336445592
2021,US8589121081,0.0023528221505001255
2021,US8636671013,0.0034693080936673464
2021,US8676524064,0.00033276382745604024
2021,US8716071076,0.001556977096125859
2021,US87161C5013,2.8940155409357713e-05
2021,US8718291078,0.00037631811649780185
2021,US8725401090,0.003533896866837017
2021,US8760301072,0.001747175703764235
2021,US87612E1064,0.0014033362731497466
2021,US8807701029,0.0012463925513999388
2021,US8825081040,0.005785410625982957
2021,US8832031012,0.0003580052746158482
2021,US88337F1057,0.00028472473903051396
2021,US8835561023,0.006676187310610872
2021,US88579Y1010,0.0027900854930676157
2021,US88642R1095,2.548984854434006e-05
2021,US8873891043,8.182990528575732e-05
2021,US89417E1091,0.003969669679486136
2021,US8962391004,0.00030512124633524397
2021,US8965221091,0.0016579818046400761
2021,US89832Q1094,0.00116798400971856
2021,US9024941034,3.4648376827058147e-06
2021,US9026531049,0.00044935220776752424
2021,US9026811052,0.00047826659571259636
2021,US9029733048,0.001970027865216236
2021,US9078181081,0.0038809457610730694
2021,US9111631035,4.376627181772808e-06
2021,US9113121068,0.005093663867400456
2021,US9129091081,4.784977941894251e-07
2021,US91324P1021,0.010044645616519873
2021,US91529Y1064,0.0011203985533708995
2021,US91913Y1001,0.0015839519821855233
2021,US92276F1003,1.0373315552989643e-05
2021,US92343V1044,0.008302424611270379
2021,US92532F1003,0.002001807077650039
2021,US9255501051,0.00044830445887714614
2021,US92556V1061,0.0017305920568770933
2021,US9282981086,0.0003844861383496786
2021,US9290421091,0.00042960603167053487
2021,US9291601097,9.210428868202708e-05
2021,US92922P1066,1.3546892129466562e-05
2021,US92939U1060,0.00022489091029286756
2021,US9297401088,0.0006133107512973701
2021,US9311421039,0.014275401839418913
2021,US9314271084,0.001928524326843508
2021,US94106L1098,0.0023481861198746123
2021,US9418481035,1.3375033429299583e-05
2021,US9497461015,0.004492111958692498
2021,US95040Q1040,2.612872112858227e-05
2021,US95058W1009,1.4183355361627893e-05
2021,US95082P1057,0.00036694731090525056
2021,US9581021055,0.002459121691703015
2021,US9598021098,2.7960346280428248e-05
2021,US96145D1054,0.00014322177405150566
2021,US9621661043,0.00035418303606607715
2021,US9682232064,5.156045407325693e-06
2021,US9694571004,0.00011842307242943403
2021,US9699041011,0.0006104365512810327
2021,US9831341071,7.038738288639021e-05
2021,US98389B1008,5.081944475917866e-05
2021,US9839191015,0.0011749421848435161
2021,US98421M1062,0.002686072453101307
2021,US9884981013,0.0002497988056697887
2021,US9892071054,0.0002745133899112398
2021,US98956P1021,0.00075924092134118
2022,AN8068571086,0.0007914354417716152
2022,CA00208D4084,0.0017093599676172393
2022,CA0084741085,9.855447603210936e-06
2022,CA01626P1484,0.0019768044789914637
2022,CA05534B7604,9.353281356526793e-07
2022,CA0636711016,0.0003989388826659667
2022,CA0641491075,0.0026966141810398714
2022,CA0977518616,0.0006225960273267654
2022,CA1247651088,3.335448380099783e-06
2022,CA12532H1047,0.0004031538099476512
2022,CA1360691010,0.0001249038747913532
2022,CA1363751027,0.002244496918783751
2022,CA1363851017,0.00015418512565859897
2022,CA13646K1084,0.0007091844062987813
2022,CA1367178326,0.0007430300980490107
2022,CA2849025093,1.9887948932008147e-05
2022,CA29250N1050,0.0021678952936277423
2022,CA2927661025,0.0001393242039348091
2022,CA3180714048,0.0007503441375271325
2022,CA3359341052,4.4846293241118295e-05
2022,CA3495531079,8.50269809943356e-05
2022,CA3518581051,0.018813648124610078
2022,CA3759161035,6.367574371575759e-06
2022,CA39138C1068,0.00034985753997930494
2022,CA4495861060,0.00020631348532273975
2022,CA4530384086,0.001123246438861265
2022,CA45823T1066,0.0003940224314475774
2022,CA5394811015,0.001003336405652888
2022,CA5592224011,9.914885112655141e-06
2022,CA56501R1064,0.0016322004056419195
2022,CA59151K1084,2.6592828631323926e-05
2022,CA59162N1096,0.0010782659484270419
2022,CA67077M1086,0.0012719338489264032
2022,CA6744822033,0.0003279254922810239
2022,CA68272K1030,0.00027780332003084793
2022,CA6837151068,0.0008992384403706924
2022,CA7392391016,0.0008969110839534025
2022,CA74022D4075,0.0007101961350426993
2022,CA7669101031,0.00010945112351633036
2022,CA7800871021,0.003766206200539641
2022,CA8029121057,5.912588536711273e-05
2022,CA82028K2002,0.0008762017620692218
2022,CA85472N1096,0.0018047910817171938
2022,CA8667961053,0.0002405653542349161
2022,CA8672241079,0.0014475688502612195
2022,CA87807B1076,0.0006499124682560484
2022,CA8787422044,0.00015642346546618674
2022,CA8849038085,0.0014723037204968903
2022,CA8911605092,0.003590431697929922
2022,CA89346D1078,0.0006649706013511485
2022,CA8959451037,8.073719039284923e-05
2022,CA9611485090,0.0005463182944016322
2022,GB0022569080,0.0007436024981992723
2022,IE00BWT6H894,0.0005071171699736463
2022,LR0008862868,0.00022244338780680225
2022,PA1436583006,0.00014809745594475372
2022,US0010551028,0.0005046338644572132
2022,US0010841023,4.929771802174495e-05
2022,US00206R1023,0.004694958400861023
2022,US0028241000,0.008960485949661283
2022,US0028962076,0.00022129235389417327
2022,US00507V1098,0.0026377882362255464
2022,US00724F1012,0.0069689828529120095
2022,US00751Y1064,0.0009328812905957403
2022,US0079031078,0.0032425916042394037
2022,US0082521081,0.00010650846680965218
2022,US00846U1016,0.0008044045375809741
2022,US0091581068,0.0002782239639284129
2022,US00971T1016,0.00010385895990861873
2022,US0126531013,0.001690293815945036
2022,US0152711091,0.00010651307831002557
2022,US0185811082,5.1851664388908285e-05
2022,US0188021085,2.010048106420682e-05
2022,US0200021014,0.0003900877411659056
2022,US02079K3059,0.020343512456941944
2022,US02209S1033,0.0045526854557434515
2022,US0231351067,0.053335747501387004
2022,US0236081024,3.1604404627052104e-05
2022,US0255371017,5.240348180988433e-06
2022,US02553E1064,6.172128472317333e-06
2022,US0258161092,0.0036889721421056025
2022,US0268747849,0.004514004380724616
2022,US03027X1000,0.0033913939575873926
2022,US03073E1055,0.0007916042136695113
2022,US03076C1062,0.0025868160617522323
2022,US0311001004,0.0011048069577788515
2022,US0311621009,0.0045636315952715875
2022,US0320951017,0.00203515748518848
2022,US0326541051,0.0022664864092217913
2022,US0367521038,0.0034792334346536473
2022,US03743Q1085,6.166611862005772e-05
2022,US0378331005,0.07940078272817752
2022,US0382221051,0.002767302405591349
2022,US03940R1077,0.0010322270879036682
2022,US0394831020,0.001412251978590367
2022,US0427351004,8.067814037798262e-05
2022,US0441861046,0.0003125883756271243
2022,US0454871056,0.0009241760992129502
2022,US04621X1081,3.2307839252567197e-06
2022,US0527691069,0.0017131682506789222
2022,US0530151036,0.004390982370858387
2022,US0533321024,0.0015931517586464507
2022,US0534841012,0.0024308648211757177
2022,US0537741052,0.0015462833257084902
2022,US0538071038,4.429269106564304e-06
2022,US0584981064,0.0019052836969447402
2022,US0605051046,0.010434693019419648
2022,US0640581007,0.001976823557749173
2022,US0708301041,0.0008875031865118848
2022,US0718131099,9.318638427440873e-05
2022,US0758871091,0.0009013499355000045
2022,US0844231029,0.0008328937811378871
2022,US0893021032,1.1748079557603588e-05
2022,US09061G1013,0.000544296720249127
2022,US09062X1037,0.001223818973557963
2022,US09073M1045,4.970908653644147e-06
2022,US0936711052,3.713034320391747e-05
2022,US0970231058,0.004033196760494581
2022,US09857L1089,0.004415393008672769
2022,US0997241064,6.3326256719436606e-06
2022,US1011211018,0.00043269918926748465
2022,US1011371077,1.2165217636609975e-05
2022,US1033041013,2.8290531208634435e-05
2022,US1053682035,5.435411049842875e-05
2022,US1101221083,0.004965669572080218
2022,US1156372096,2.9180312710105686e-05
2022,US12504L1098,0.0012243518744971434
2022,US1252691001,0.0003087989968988689
2022,US12541W2098,0.0007901828855665807
2022,US1255231003,0.0011533409499421485
2022,US12572Q1058,0.0034674969501497536
2022,US1258961002,3.1118823054258487e-06
2022,US1264081035,0.002486316476220755
2022,US12653C1080,3.374330576987723e-05
2022,US1266501006,0.003912663062604948
2022,US1270551013,0.00013783598791744205
2022,US1273871087,0.0013262621906325275
2022,US1307881029,0.00012890423558643707
2022,US1331311027,0.0010477899873974777
2022,US14040H1059,0.0017458734496093734
2022,US14149Y1082,4.6718935227881075e-06
2022,US1423391002,0.0016167130570555474
2022,US1431301027,0.0006719179574909793
2022,US1491231015,0.0008978937252278907
2022,US1508701034,3.097572113793277e-05
2022,US15189T1079,0.00020642953154820817
2022,US1598641074,0.0006466924132840571
2022,US1667641005,0.005384829576412301
2022,US1699051066,5.3117925725426247e-05
2022,US1713401024,0.00048413137129718007
2022,US1720621010,8.741357552055707e-05
2022,US17275R1023,0.0062381562445972105
2022,US1729081059,0.0009365113640484338
2022,US1729674242,0.00475811098057273
2022,US1890541097,3.0551352645226415e-05
2022,US1912161007,0.007198663321890841
2022,US1924461023,0.00035427327215883464
2022,US1941621039,0.0026731663979942142
2022,US20030N1019,0.005398407552304408
2022,US2003401070,0.0005578812347096744
2022,US2017231034,0.000247265668234683
2022,US2058871029,0.0031287469697228332
2022,US20825C1045,0.0030130276578441105
2022,US2091151041,0.0002639385463882138
2022,US21036P1084,0.00012675576959794073
2022,US2172041061,7.136126574963431e-07
2022,US21871N1019,0.0004127758429540376
2022,US2193501051,0.0022576138228496104
2022,US22160K1051,0.0054677478189196615
2022,US22822V1017,0.0011821802344865102
2022,US2283681060,0.0011129552345165894
2022,US2310211063,0.0010871033598385319
2022,US23331A1097,7.615751596144699e-06
2022,US2333311072,0.00021564925269452274
2022,US23355L1061,0.00029753406132359574
2022,US2358511028,0.006092446933967868
2022,US2371941053,0.0023494128884147154
2022,US23918K1088,0.0008189641812878674
2022,US2441991054,0.0032880997637397343
2022,US2473617023,0.0010553093021226218
2022,US24906P1093,1.6526581742748565e-05
2022,US25179M1036,0.0010614173715150427
2022,US2533931026,0.0001085290810771282
2022,US2546871060,0.009239195948406097
2022,US2566771059,0.00025124550383784567
2022,US2567461080,0.001955626856805675
2022,US25746U1097,0.0009164552953939564
2022,US2576511099,0.0007327155588105398
2022,US25960P1093,0.0009561392106932064
2022,US2600031080,0.0003927344584847631
2022,US26441C2044,0.000771511017597502
2022,US26614N1028,6.045972474264342e-05
2022,US26875P1012,0.0011465389113743238
2022,US26884L1098,0.0008218869690196447
2022,US2774321002,0.0001298835251647911
2022,US2774614067,7.824287319610203e-05
2022,US2786421030,0.0009241066107574436
2022,US2788651006,0.0010319233588627242
2022,US2810201077,5.1605524716534645e-05
2022,US28176E1082,0.0009729280308713996
2022,US2855121099,0.0009054119464481687
2022,US2910111044,0.0009301385310163765
2022,US29364G1031,0.0007929936606994187
2022,US2944291051,1.8746292690506536e-05
2022,US29444U7000,0.0008378652588856963
2022,US29476L1070,0.0035872205774057685
2022,US29670G1022,0.0001281248778381798
2022,US2971781057,0.001313503228829751
2022,US30034W1062,0.00011873134960039122
2022,US30040W1080,0.00010045893778115168
2022,US30161N1019,0.004105254349171696
2022,US30212P3038,0.00015880479373461028
2022,US3021301094,0.0001367976318962801
2022,US30231G1022,0.008416719648805557
2022,US3024913036,0.001033314353643633
2022,US3029411093,3.3036921383849615e-05
2022,US3030751057,8.311684607670584e-06
2022,US3119001044,0.0001695089934465398
2022,US3137451015,0.0008960155065292594
2022,US31428X1063,0.0029083898912530422
2022,US3156161024,1.5078180920506494e-05
2022,US31620M1062,0.004044550193221643
2022,US3167731005,3.733566318765725e-05
2022,US3205171057,3.490389827437772e-05
2022,US3377381088,0.002453916172111651
2022,US3379321074,0.002261188942920841
2022,US3434121022,0.0003884016635844404
2022,US34354P1057,0.00027569207766775126
2022,US3448491049,0.0009843986718389326
2022,US3453708600,0.001105951354873033
2022,US3546131018,0.001852302798870458
2022,US35671D8570,0.00023112054026605541
2022,US3635761097,0.0003910570747072462
2022,US3647601083,0.0001414480668769147
2022,US3695501086,0.0023641796233484836
2022,US3703341046,0.001205347981599112
2022,US37045V1008,0.0007509172061816611
2022,US3719011096,1.386568714859045e-06
2022,US3724601055,0.0013780440634455111
2022,US37247D1063,0.002077348209535488
2022,US3755581036,0.00012224134578283778
2022,US37940X1028,6.135456506178123e-06
2022,US37959E1029,3.5993975081352556e-06
2022,US38141G1040,0.0029971680625594725
2022,US3825501014,8.980695201076654e-07
2022,US3841091040,0.0013022387131883678
2022,US3848021040,0.0006176047338012098
2022,US3976241071,0.0008982711532676352
2022,US40434L1052,0.0025436949561336523
2022,US4062161017,0.0004418006401459314
2022,US4103451021,0.00013072485052099408
2022,US4158641070,0.002164829274103468
2022,US4165151048,0.0006498256945826006
2022,US4180561072,0.0008065649889968918
2022,US4198701009,0.0010592288103703704
2022,US42250P1030,0.00017345123030062636
2022,US42330P1075,9.740154361593022e-05
2022,US4234521015,0.00017561281189056876
2022,US4278661081,0.0006202592651659045
2022,US4370761029,0.01103448302674287
2022,US4385161066,0.003674263234917347
2022,US4404521001,0.0009262510095519391
2022,US44107P1049,0.00034119366657914464
2022,US4435106079,0.0007778829406689063
2022,US4448591028,0.0015954168308376624
2022,US4456581077,0.002012016846159016
2022,US4461501045,0.0001273950097254915
2022,US4470111075,0.00023259788553724994
2022,US45073V1089,0.0003105353886579852
2022,US45167R1041,1.2647307008318537e-07
2022,US45168D1046,7.030822399859858e-05
2022,US4523081093,0.0019043199248665887
2022,US4581401001,0.0074502844680713574
2022,US45866F1049,0.0031471595177443796
2022,US4592001014,0.00375290687249093
2022,US4595061015,0.0004680286492163782
2022,US4601461035,1.303782211884719e-05
2022,US4606901001,0.00028606928465225317
2022,US4612021034,0.005072735634913355
2022,US46120E6023,0.0032178315491258364
2022,US46284V1017,7.774449189995044e-05
2022,US4657411066,2.719194512710683e-05
2022,US46625H1005,0.014784928720841972
2022,US4663131039,0.0005219462036911136
2022,US46982L1089,0.0017863296674103725
2022,US4781601046,0.014220588908291093
2022,US48020Q1076,0.0014557318732853254
2022,US48203R1041,4.217116494774202e-05
2022,US48242W1062,7.742425516079811e-06
2022,US4824801009,0.0034973690334445338
2022,US4878361082,2.5061350625871577e-06
2022,US4891701009,0.0001671634881939757
2022,US4932671088,0.0008146685409161996
2022,US4943681035,0.0006513916014334154
2022,US49446R1095,0.000778466949438034
2022,US49456B1017,0.00041261311821401804
2022,US4972661064,0.0004244134130472897
2022,US5002551043,2.4514214015933796e-05
2022,US5010441013,8.847861126782319e-05
2022,US5018892084,0.002106105534654993
2022,US5150981018,0.0017406855781026583
2022,US5178341070,0.0005979299439203372
2022,US5184391044,0.0044567885411399945
2022,US5218652049,3.689367000844618e-05
2022,US5246601075,2.1939247827968103e-05
2022,US5260571048,0.00051050892512431
2022,US5324571083,0.005806215163141033
2022,US5339001068,0.00011347191005869297
2022,US5341871094,0.00010905538072921621
2022,US5370081045,0.00011613374687293594
2022,US5398301094,0.0020978421014672005
2022,US5486611073,0.006206546961827768
2022,US5502411037,0.002178119015934968
2022,US55261F1049,0.0008690271021366055
2022,US5526761086,1.3252844363718406e-05
2022,US5526901096,2.8267274975291478e-05
2022,US5529531015,0.0008268974455690867
2022,US5535301064,1.959800398760146e-05
2022,US5543821012,0.0002446267203497005
2022,US5544891048,0.0003424295614331383
2022,US55616P1049,0.0002447065571216405
2022,US5635714059,6.657637784563296e-06
2022,US56418H1005,0.00010838117768653904
2022,US5658491064,0.0004412572560116839
2022,US5717481023,0.000846703424958787
2022,US5719032022,0.0006522505803713757
2022,US5732841060,0.0012230276670273502
2022,US5738741041,0.0034542254875655873
2022,US5745991068,2.4248450240252578e-05
2022,US57636Q1040,0.013885551288673567
2022,US57667L1070,0.001995953832401511
2022,US5770811025,9.053544012862328e-06
2022,US5797802064,0.0016768377847255296
2022,US5801351017,0.005683009547549859
2022,US58155Q1031,1.4498415888258128e-05
2022,US58933Y1055,0.006214261547186613
2022,US59156R1086,0.0027126684417366057
2022,US5926881054,5.315326122841289e-05
2022,US5949181045,0.06658916284346293
2022,US5950171042,1.6492589596356025e-05
2022,US5951121038,0.001461495611575481
2022,US6005441000,0.0014068839367459667
2022,US6081901042,8.939591950192069e-06
2022,US60871R2094,0.0001412839534463023
2022,US6092071058,0.0021796449408468693
2022,US61174X1090,0.0004433475593722487
2022,US6153691059,0.002169330057014436
2022,US6174464486,0.004389120209620879
2022,US61945C1036,0.00037248677864880797
2022,US6200763075,0.0028756863608066885
2022,US62886E1082,9.835080651281147e-05
2022,US6293775085,0.0013762959839302177
2022,US62955J1034,0.00025251768617610553
2022,US6361801011,4.46532659832668e-05
2022,US6365181022,1.6471124714753802e-06
2022,US64110D1046,3.7003228893254764e-05
2022,US6501111073,4.5960488828819356e-05
2022,US6516391066,0.0001907003207539871
2022,US65339F1012,0.00424016742240495
2022,US6541061031,0.007281279716197293
2022,US65473P1057,0.00040947184166425924
2022,US6556641008,5.104851970165868e-07
2022,US6558441084,0.0012948505628960934
2022,US6658591044,0.000571405942789047
2022,US6668071029,0.0010179596894321196
2022,US6703461052,0.0001289786403133978
2022,US67066G1040,0.01814054224874998
2022,US6708371033,0.000331014200096365
2022,US67098H1041,0.00019268673486032381
2022,US67103H1077,0.0016248683652061756
2022,US6745991058,0.0008862948560879597
2022,US6752321025,7.252724627577338e-05
2022,US6819191064,0.00012047999817827564
2022,US6821891057,0.0009103484517715192
2022,US6826801036,0.00026062224232024185
2022,US68389X1054,0.006175095486789328
2022,US6866881021,0.0024780052518857867
2022,US69331C1080,0.0008544678967588261
2022,US6934751057,0.003984568587253705
2022,US6935061076,0.00024468994056545584
2022,US69351T1060,0.0009514783951562242
2022,US6936561009,0.0006634764949767539
2022,US6937181088,0.003568597931013525
2022,US6951561090,0.0008441484252167167
2022,US7010941042,0.0012854145241962447
2022,US7043261079,0.0021024972797232893
2022,US7045511000,0.0003169058981403893
2022,US70959W1036,6.756706932975342e-06
2022,US7134481081,0.006660927582805178
2022,US7140461093,0.00021255662489357976
2022,US7170811035,0.006817170426050112
2022,US7234841010,3.862027700660277e-07
2022,US7237871071,0.001071853756057105
2022,US7244791007,3.478571031177053e-05
2022,US74144T1088,6.993824501520755e-05
2022,US74251V1026,0.00038652558017913946
2022,US7427181091,0.011408295299718594
2022,US7433151039,0.004137408765971328
2022,US74340W1036,0.0022897947849211736
2022,US7443201022,0.002126630512981659
2022,US7445731067,0.0003177431084587296
2022,US74460D1090,0.0019237837222345915
2022,US7475251036,0.008455427128686804
2022,US74762E1029,0.0008841669384361943
2022,US74834L1008,0.0013650011594411274
2022,US7512121010,0.00044812030898386495
2022,US75281A1097,0.0006454939357935231
2022,US7547301090,0.002375309271224602
2022,US75513E1010,0.0009144817603158643
2022,US7588491032,0.00025566072997073333
2022,US75886F1075,0.0024987612660122057
2022,US7591EP1005,0.00031163932746206685
2022,US7593516047,0.0011936225858019357
2022,US7595091023,5.0569771716077566e-05
2022,US7607591002,0.0003678192041877007
2022,US7611521078,0.0006587098838123452
2022,US7677548726,0.00029113574000197916
2022,US7703231032,0.0016692885291562259
2022,US7766961061,0.0001601990076288367
2022,US7802871084,7.473971749932357e-06
2022,US7835491082,0.00018105791388029128
2022,US78409V1044,0.002165468184908326
2022,US78410G1040,0.0008658986374540138
2022,US7841171033,1.1118205285168756e-06
2022,US78440X8873,5.4798287888703334e-05
2022,US78442P1066,0.0002867774827066132
2022,US78454L1008,1.4211204131584669e-05
2022,US78473E1038,0.00036713897591552567
2022,US79466L3024,0.004845025010431793
2022,US8064071025,3.064675594609348e-06
2022,US8085131055,0.0022899356364147047
2022,US8101861065,0.00026450921594264344
2022,US81211K1007,0.0007351739616906469
2022,US8175651046,0.0013078358915658609
2022,US8243481061,0.0012007677440905302
2022,US8288061091,0.0015614043384175494
2022,US8326964058,0.0007242742654830863
2022,US8330341012,7.2025610018196e-05
2022,US8425871071,0.0006768086489634538
2022,US84265V1052,0.0004477345165520399
2022,US8447411088,3.562503659122114e-05
2022,US8485741099,0.0010851525956887414
2022,US8545021011,6.65602645763858e-05
2022,US8552441094,0.0014080686958672355
2022,US8574771031,0.00221781702975832
2022,US8581191009,1.0786902001556385e-06
2022,US8589121081,0.002340830861459804
2022,US8636671013,0.00220235545507558
2022,US8676524064,0.00014725155275884427
2022,US8716071076,0.0019419120412997532
2022,US87161C5013,1.0934855536313576e-05
2022,US8718291078,0.00037626642904508016
2022,US8725401090,0.004253960348385656
2022,US8760301072,0.0015968936503487768
2022,US87612E1064,0.00168957469543094
2022,US8807701029,0.0010846038165928556
2022,US8807791038,0.00015264611394803052
2022,US8825081040,0.004878128585806682
2022,US8832031012,0.0002741072992104412
2022,US88337F1057,0.00043866681010355134
2022,US8835561023,0.006320458861172568
2022,US88579Y1010,0.002523181433317805
2022,US8873891043,8.553801865968258e-05
2022,US8910921084,6.714645196294389e-05
2022,US89417E1091,0.003701172671610183
2022,US8962391004,0.00019121316162792432
2022,US8965221091,0.002372491671866115
2022,US89832Q1094,0.0017720422916663906
2022,US9024941034,3.863949445915531e-05
2022,US9026531049,0.0005960265824054797
2022,US9026811052,0.0011185691160086092
2022,US9029733048,0.002278329327604408
2022,US9078181081,0.004678461656992368
2022,US9111631035,0.00024095780266904143
2022,US9113121068,0.005759553086593757
2022,US9113631090,0.0004946378380950215
2022,US91324P1021,0.011052901247420964
2022,US91529Y1064,1.4260977431690787e-05
2022,US91913Y1001,0.0022453891590771997
2022,US92276F1003,2.617578021667056e-05
2022,US92343V1044,0.00766817466518947
2022,US92532F1003,0.002842372942106845
2022,US9255501051,0.0007066675231953548
2022,US92556V1061,0.0024473186263851625
2022,US9282981086,3.594532045285562e-06
2022,US9290421091,6.935722665852922e-05
2022,US9291601097,0.00016703642488526458
2022,US92922P1066,2.2219362319468876e-05
2022,US92939U1060,0.00011751420860003822
2022,US9311421039,0.013126681678989945
2022,US9314271084,0.001793242349608819
2022,US94106L1098,0.0025687755296946637
2022,US9418481035,0.0005322478125073057
2022,US9427491025,1.8177609253523854e-06
2022,US9497461015,0.006358007309960623
2022,US95040Q1040,0.00029732212596963304
2022,US95058W1009,0.00020677093772965686
2022,US95082P1057,0.0013094827864486842
2022,US9581021055,0.001683025718199093
2022,US9598021098,5.522724909120377e-07
2022,US9604131022,4.066282621826066e-05
2022,US96145D1054,0.00013674166640587946
2022,US9621661043,4.271539949212896e-06
2022,US9633201069,5.350106485073026e-06
2022,US9682232064,1.0521127403205217e-07
2022,US9694571004,0.00024855789881412176
2022,US9699041011,0.0001707370910034492
2022,US9831341071,0.00043308307712878303
2022,US98389B1008,9.31608194947274e-06
2022,US98421M1062,0.003021716747693866
2022,US9884981013,0.00011839453748561608
2022,US9892071054,0.0006177528234028448
2022,US98956P1021,0.0001401817326034362
2023,AN8068571086,0.0015013434499173354
2023,CA00208D4084,0.0019730762801209857
2023,CA0084741085,5.0673239700642447e-05
2023,CA01626P1484,0.0031850087423948054
2023,CA05534B7604,0.0001823144316264131
2023,CA0636711016,0.00023857053010687757
2023,CA0641491075,0.002354412841364602
2023,CA0977518616,0.0009186544213459399
2023,CA12532H1047,0.0005496941984495942
2023,CA13321L1085,4.756562112433184e-05
2023,CA1360691010,2.1459096815851167e-06
2023,CA1363751027,0.0022919874708999905
2023,CA1363851017,0.0008241103069332838
2023,CA13646K1084,0.0009533932269592582
2023,CA1366812024,1.6834593260779756e-06
2023,CA1367178326,0.001440664733569937
2023,CA2918434077,1.80429444661968e-05
2023,CA29250N1050,0.003074546304436899
2023,CA2927661025,0.0002877006536430698
2023,CA3180714048,0.0008008950291552911
2023,CA3359341052,6.267404879909469e-05
2023,CA3518581051,0.01757012338567832
2023,CA3759161035,0.0001371277751078239
2023,CA39138C1068,1.468431574062402e-05
2023,CA4495861060,7.435086957928135e-05
2023,CA4530384086,0.001218209862045513
2023,CA45823T1066,0.0005141012581611591
2023,CA4969024047,1.849631496681187e-05
2023,CA5394811015,0.0016084206558320232
2023,CA5592224011,8.30450088106902e-05
2023,CA56501R1064,0.0013529057051707058
2023,CA59162N1096,0.0012479715383261689
2023,CA67077M1086,0.001288687716723682
2023,CA6837151068,0.0006965815294810132
2023,CA7392391016,0.0006085665450370785
2023,CA74022D4075,0.0009115515286098684
2023,CA7800871021,0.003206111004213622
2023,CA8029121057,4.283441420929005e-05
2023,CA8239011031,7.495396840847773e-05
2023,CA85472N1096,0.0011437632358490542
2023,CA8667961053,0.00011342258010461848
2023,CA8672241079,0.0018265728594414944
2023,CA87807B1076,0.0009374759350360989
2023,CA8787422044,0.001533774063169389
2023,CA8849038085,0.001924703532588393
2023,CA8911605092,0.0029507391980583856
2023,CA89346D1078,0.00029086949871891244
2023,CA9611485090,0.0008439242707556155
2023,GB0022569080,0.0010436608343520845
2023,LR0008862868,0.0003795532535261918
2023,PA1436583006,4.678758546838219e-05
2023,US0010551028,0.001441627745495906
2023,US0010841023,0.00014863152856528047
2023,US00130H1059,1.7383321575242376e-05
2023,US00206R1023,0.004503238098422524
2023,US0028241000,0.008833136773522514
2023,US0028962076,8.260773213293069e-05
2023,US00724F1012,0.005015213412274629
2023,US00751Y1064,2.810917834090638e-05
2023,US0079031078,0.002732610373384869
2023,US0082521081,0.00011202321858778085
2023,US00846U1016,0.0010430289007255576
2023,US0091581068,0.0005317057030677054
2023,US00971T1016,0.00017834171277721295
2023,US0126531013,0.0006844223166502796
2023,US0152711091,4.100245258318252e-06
2023,US01741R1023,1.1545375826492848e-05
2023,US0185811082,7.121866241371692e-06
2023,US0188021085,5.286215404993129e-05
2023,US0200021014,0.000495911550473468
2023,US02079K3059,0.017743419159108095
2023,US02209S1033,0.004147526996165107
2023,US0231351067,0.04766275005938774
2023,US0236081024,0.00014386095089410542
2023,US0255371017,6.537812167554709e-05
2023,US02553E1064,1.3699782658271656e-05
2023,US0258161092,0.003860328830643817
2023,US0268747849,0.004452596216781154
2023,US03027X1000,0.0032783667742397136
2023,US03073E1055,0.0016553534918017328
2023,US03076C1062,0.0026900742169982577
2023,US0311001004,0.00156589876206621
2023,US0311621009,0.004804523873782746
2023,US0320951017,0.0020166567486453488
2023,US0326541051,0.003154293794120014
2023,US0367521038,0.004268926035163006
2023,US03743Q1085,2.2051692080941553e-05
2023,US0378331005,0.07688538511211628
2023,US0382221051,0.0034728240847731007
2023,US0383361039,4.270436654420307e-06
2023,US03940R1077,0.0011030898812938732
2023,US0394831020,0.0024098822512142733
2023,US0427351004,2.675708324545159e-05
2023,US0441861046,0.0003459885164573416
2023,US0454871056,0.00047557378518543183
2023,US04621X1081,1.8378617968488046e-05
2023,US0527691069,0.0008930489034533574
2023,US0530151036,0.005256993630465957
2023,US0533321024,0.0016302455049793682
2023,US0534841012,0.0020473599247872163
2023,US0536111091,2.1616202546807832e-05
2023,US0537741052,0.0014133993810173714
2023,US0538071038,0.00012636474375844287
2023,US0565251081,0.0010118190000033814
2023,US0584981064,0.0013614788657966145
2023,US0605051046,0.009996155784340604
2023,US0640581007,0.0020536216726677057
2023,US0708301041,8.612551222902346e-05
2023,US0718131099,1.0342993962755358e-05
2023,US0758871091,1.1073554016153588e-05
2023,US0844231029,0.001176676438179192
2023,US0846701086,0.000980090359072678
2023,US09061G1013,0.0008351585685883274
2023,US09062X1037,0.0017823323191892891
2023,US09073M1045,0.00032002910066995517
2023,US0936711052,0.0007040419609084021
2023,US0970231058,0.004542754221704598
2023,US09857L1089,0.00429587300250369
2023,US0997241064,9.100563465214294e-06
2023,US1011211018,9.024621599415356e-05
2023,US1011371077,0.0004504678696377761
2023,US1053682035,2.246424052223881e-06
2023,US1101221083,0.005835074821330315
2023,US1124631045,0.00011676844185453162
2023,US1156372096,8.344812297367653e-05
2023,US12504L1098,0.0011966049497010172
2023,US12541W2098,0.0007417320732852429
2023,US1255231003,0.0009657933592590702
2023,US12572Q1058,0.0032716026035921678
2023,US1258961002,8.08521437106002e-05
2023,US1264081035,0.0021095323584640843
2023,US12653C1080,4.939243640424213e-05
2023,US1266501006,0.003705794624298526
2023,US1270551013,0.0001516749943374635
2023,US1270971039,1.994170986548196e-05
2023,US1273871087,0.0009095711982535106
2023,US1307881029,0.0004651905798699634
2023,US1331311027,0.0007642654096650478
2023,US1344291091,1.1534668134838029e-05
2023,US14040H1059,0.00011168909945453316
2023,US14149Y1082,0.0004974014183942842
2023,US1423391002,0.0005187915109095815
2023,US1431301027,3.570339479412527e-05
2023,US1491231015,0.0015137892228587507
2023,US1508701034,0.00028270319686589954
2023,US15189T1079,0.0004292689115149072
2023,US1598641074,0.0002417862053321921
2023,US1667641005,0.007057465496526524
2023,US1713401024,0.0008592038483372864
2023,US1720621010,4.901700242299057e-05
2023,US17275R1023,0.004716282504844925
2023,US1729081059,0.0006765958322898526
2023,US1729674242,0.004716536909734927
2023,US1890541097,0.0007970071620332813
2023,US1912161007,0.007389388760951733
2023,US1941621039,0.0030070568566056273
2023,US20030N1019,0.004613947811024669
2023,US2003401070,1.0452118672520865e-06
2023,US2017231034,0.00031954657954655016
2023,US2058871029,0.0030000418570835714
2023,US20825C1045,0.004115532717358282
2023,US2091151041,0.0008291244412161618
2023,US21036P1084,0.00010995642046385979
2023,US2172041061,7.740416364186943e-07
2023,US21871N1019,0.0009744422662714174
2023,US2193501051,0.0019389897707014795
2023,US22160K1051,0.004456197581787651
2023,US22822V1017,0.0011566303633863634
2023,US2283681060,0.0013235581841878658
2023,US2310211063,0.0014677584575816796
2023,US23331A1097,0.0004867247548714028
2023,US2333311072,8.356513870827871e-05
2023,US23355L1061,0.0002144703088052286
2023,US2358511028,0.006064599058833088
2023,US2371941053,0.002310392425817931
2023,US23918K1088,0.0011766420762695912
2023,US2441991054,0.003503706882483611
2023,US2473617023,0.0008971530076798071
2023,US25179M1036,0.0011410478939984496
2023,US2533931026,0.0003021462662499082
2023,US2546871060,0.007960858599246523
2023,US25525P1075,6.907643540010529e-06
2023,US25659T1079,1.4890786901919255e-07
2023,US2566771059,0.000780608293263935
2023,US2567461080,0.002055356475853759
2023,US25746U1097,0.0003358797838473978
2023,US2576511099,0.0012167509468258024
2023,US25960P1093,0.0009864030134932342
2023,US2600031080,1.9801506748937716e-05
2023,US26441C2044,0.0008684834852300576
2023,US26614N1028,8.245642150343205e-05
2023,US26875P1012,0.0021700152871747583
2023,US26884L1098,0.0007215768941770879
2023,US2774321002,0.00045627988284765113
2023,US2774614067,9.661960767251118e-05
2023,US2788651006,0.0010058096322418783
2023,US2810201077,0.00042541598750710794
2023,US28176E1082,0.0008367371684817031
2023,US2855121099,0.0007470545442224598
2023,US2910111044,0.0009329322297151603
2023,US29272W1099,2.3789892865121376e-07
2023,US29364G1031,0.000566358632155314
2023,US2944291051,0.00012745507747777518
2023,US29444U7000,3.8593220251752635e-05
2023,US29476L1070,0.0033807443790877995
2023,US29670G1022,0.00012453737181620475
2023,US2971781057,0.000741688688061509
2023,US30034W1062,4.9826246541835565e-06
2023,US30040W1080,0.00034586446916363045
2023,US30161N1019,0.0047983126369062195
2023,US30212P3038,1.6361232056069894e-06
2023,US3021301094,0.00034559003677186626
2023,US30231G1022,0.009891965551580834
2023,US3024913036,0.001710996318011313
2023,US3030751057,1.3874877247407382e-05
2023,US3119001044,2.9055993329004095e-05
2023,US3137451015,0.0007479827077017953
2023,US31428X1063,0.002800316792217232
2023,US31620M1062,0.0037772903850651868
2023,US3205171057,0.0006099570238965107
2023,US3377381088,0.0029317834457269812
2023,US3379321074,0.002356536021592535
2023,US3434121022,0.0005681621131609572
2023,US34354P1057,0.0002285816968868392
2023,US3448491049,0.0007639541322407265
2023,US3453708600,0.0013193024345521936
2023,US3546131018,0.001740411148431032
2023,US35671D8570,0.00018107486955159897
2023,US3614481030,0.0004594776370584703
2023,US3635761097,0.0005011516040155464
2023,US3647601083,0.00033215441283729173
2023,US3695501086,0.0023878328320306773
2023,US3703341046,0.001563896881900388
2023,US3724601055,0.002522048952829524
2023,US37247D1063,0.0021937726648857477
2023,US3755581036,3.195773872086009e-05
2023,US37940X1028,5.7782759105902484e-06
2023,US37959E1029,0.00014099718248043624
2023,US38141G1040,0.0034081388063269854
2023,US3841091040,0.0017562347832203186
2023,US3848021040,0.000565101744786828
2023,US3976241071,0.0006485251581816188
2023,US40434L1052,0.0018819283594034343
2023,US4062161017,0.0007099960300756483
2023,US4103451021,0.00023164230408662608
2023,US4108671052,1.6255745157748198e-05
2023,US4158641070,0.000877644871935309
2023,US4165151048,0.0005600633335565547
2023,US4180561072,0.00015920316872972666
2023,US4198701009,0.0001156516726924825
2023,US42250P1030,0.0004964282083098334
2023,US42330P1075,0.0005999221242957191
2023,US4234521015,0.0008533059907147072
2023,US4278661081,0.001969137773416182
2023,US42809H1077,0.0006407737640910064
2023,US4370761029,0.010777651470764921
2023,US4385161066,0.004085346213968536
2023,US4404521001,9.835611666087531e-05
2023,US44107P1049,0.0006848925858983861
2023,US4435106079,0.0012751271724803991
2023,US4448591028,0.0025290281962721166
2023,US4456581077,0.0018491117893146307
2023,US4461501045,9.594664213328236e-06
2023,US45073V1089,0.00028183356128174824
2023,US45167R1041,3.6789831309371245e-05
2023,US45168D1046,0.00034355331387607647
2023,US4523081093,0.0020064087101879895
2023,US4581401001,0.007037811213715252
2023,US45866F1049,0.0030558311748657852
2023,US4592001014,0.0031581199068112446
2023,US4595061015,0.00011011294579471927
2023,US4601461035,5.830141568753895e-05
2023,US4606901001,0.0009699418335319085
2023,US4612021034,0.004325983105890601
2023,US46120E6023,0.003057921932593988
2023,US46284V1017,9.796339442341557e-05
2023,US4657411066,0.0015631200939580292
2023,US46625H1005,0.014713850432241254
2023,US46982L1089,0.0019551691032561463
2023,US4781601046,0.014852497335093409
2023,US48020Q1076,0.0007852593770594771
2023,US4824801009,0.003963007428131743
2023,US48666K1097,0.0004769862859413273
2023,US4878361082,8.357482599635746e-05
2023,US4891701009,4.577851785893153e-06
2023,US4932671088,0.0005216749538478313
2023,US4943681035,0.0006631193911866789
2023,US49446R1095,0.0009128145733472077
2023,US49456B1017,0.0005115498318224452
2023,US4972661064,7.780182506519804e-05
2023,US5002551043,5.780942113897199e-05
2023,US5010441013,0.0002362813342155723
2023,US5018892084,0.0011424813197488761
2023,US5150981018,0.001764184185847599
2023,US5178341070,1.9880861928172254e-06
2023,US5184391044,0.004638481448031569
2023,US5218652049,0.0002741198159463602
2023,US5246601075,0.0002063121499844449
2023,US5260571048,0.0004820224348372347
2023,US5324571083,0.007722469156900899
2023,US5339001068,0.00013958733154781822
2023,US5341871094,5.431843250401808e-05
2023,US5370081045,0.0003175502838557529
2023,US5398301094,0.0024773924687479954
2023,US5486611073,0.005713227182354045
2023,US55261F1049,0.0006645243909486574
2023,US5526761086,0.00024907468294438194
2023,US5529531015,0.00026318613652943283
2023,US5535301064,0.00046433773485864935
2023,US5543821012,1.934385969722929e-06
2023,US5544891048,0.0005930999687421682
2023,US55616P1049,2.337588349664592e-06
2023,US5635714059,0.00010678918123435577
2023,US56418H1005,2.8180096594486085e-06
2023,US5658491064,0.001076490084846398
2023,US5717481023,0.0015746345606071888
2023,US5719032022,0.0008430295298764544
2023,US5732841060,0.0008998399046859649
2023,US5738741041,0.0023089264192099512
2023,US57636Q1040,0.01325948290226684
2023,US57667L1070,0.0006239173415442117
2023,US5770811025,5.303277917542884e-05
2023,US5797802064,0.0019614057963902656
2023,US5801351017,0.005795043213087079
2023,US58155Q1031,0.0015695565557354376
2023,US58933Y1055,0.007682147789724931
2023,US59156R1086,0.0028021156568739
2023,US5926881054,0.0005474421326775232
2023,US5949181045,0.06492378586864933
2023,US5950171042,0.0005842214266328207
2023,US5951121038,0.0010290511373750497
2023,US6081901042,7.566959497583044e-06
2023,US60871R2094,5.38544716136866e-05
2023,US6092071058,0.0020876994552017857
2023,US61174X1090,8.739670779492971e-06
2023,US6153691059,0.0014467624649264507
2023,US6174464486,0.004571795347982016
2023,US61945C1036,0.0005856093701051366
2023,US6200763075,0.0036126485194940324
2023,US6267171022,0.0001104223031475792
2023,US62886E1082,7.822976539551693e-05
2023,US6293775085,0.0005014300983838091
2023,US6311031081,0.00015942431794202072
2023,US6361801011,0.0005545130848703546
2023,US64110D1046,1.0999688702517672e-05
2023,US6501111073,0.0008614103793486985
2023,US65339F1012,0.004350817709405641
2023,US6541061031,0.007023562376633942
2023,US65473P1057,0.00044577898763002857
2023,US6558441084,0.0014385622015164793
2023,US6658591044,0.0005993087875876782
2023,US6668071029,0.00130897194976548
2023,US6687711084,0.0005331852687676886
2023,US6703461052,0.000767631876180604
2023,US67066G1040,0.016140882150848912
2023,US6708371033,0.00023011026718265106
2023,US67098H1041,0.0007945648665899348
2023,US67103H1077,0.0012965670633170517
2023,US6745991058,0.001437773451845197
2023,US6752321025,0.0002203360524393515
2023,US6819191064,0.0007867902901819541
2023,US6821891057,0.0002160216574638759
2023,US6826801036,0.000174494506227706
2023,US68389X1054,0.006913720120856084
2023,US6866881021,0.0028384813330448013
2023,US6882392011,0.0003685410357620936
2023,US69331C1080,0.0015622478829710497
2023,US6934751057,0.003870514310892472
2023,US6935061076,0.0007292440163403747
2023,US69351T1060,0.0011410563507465662
2023,US6936561009,0.0014500605081223573
2023,US6937181088,0.003983056946371055
2023,US6951561090,0.0007414799576993335
2023,US7010941042,0.0014325647411655798
2023,US7043261079,0.002493246603673337
2023,US7045511000,0.000858041974718522
2023,US7134481081,0.006678883768435752
2023,US7140461093,0.0001228746545521268
2023,US7170811035,0.007794975746709129
2023,US7234841010,2.669159153890155e-05
2023,US7237871071,0.0016498002995647483
2023,US7244791007,2.9892938547637108e-05
2023,US74144T1088,4.262711378981115e-06
2023,US74251V1026,4.587537316745977e-05
2023,US7427181091,0.012155616789925367
2023,US7433151039,0.0036946678310751098
2023,US74340W1036,0.002410681189828435
2023,US7443201022,0.001661913573917911
2023,US7445731067,0.0004469680520039889
2023,US74460D1090,0.0016104236230009893
2023,US7458671010,0.0002493873230227835
2023,US7475251036,0.006473317139105343
2023,US74762E1029,0.0014886555267363904
2023,US74834L1008,0.0017425680328352826
2023,US7509171069,3.277166617778863e-05
2023,US7512121010,0.0002677637917288489
2023,US75281A1097,0.00036823209520912045
2023,US7547301090,0.0020260903760425243
2023,US75513E1010,0.0017458237491913128
2023,US7588491032,0.00023771010786671255
2023,US75886F1075,0.003205145187746985
2023,US7591EP1005,0.0005901675915574404
2023,US7593516047,0.0023430214596122166
2023,US7595091023,0.00011603648604497071
2023,US7607591002,0.00045523917485596334
2023,US7611521078,6.810152320673891e-05
2023,US7703231032,0.0006514524142598603
2023,US7766961061,9.20538363848025e-05
2023,US7782961038,0.00022785764411930912
2023,US7802871084,0.0004977672454192943
2023,US7835491082,4.161971814684439e-05
2023,US78409V1044,0.0015200606805815622
2023,US78410G1040,0.0007949606761470775
2023,US7841171033,8.13211068907707e-05
2023,US78440X8873,1.9705661911541347e-06
2023,US78442P1066,0.0008762550361935683
2023,US78454L1008,1.610058911137121e-05
2023,US78473E1038,0.0005694772619323236
2023,US79466L3024,0.003407777091362636
2023,US8085131055,0.002401471100082917
2023,US8101861065,4.1214932683789225e-05
2023,US81211K1007,0.0003873538668318107
2023,US8168511090,1.8779779871278366e-05
2023,US8175651046,0.0018473358573715514
2023,US8243481061,0.0012002878726162414
2023,US8288061091,0.0014526714105946696
2023,US8326964058,0.00046704040782473834
2023,US8330341012,0.00035120879533192623
2023,US8425871071,0.0011592214950766576
2023,US84265V1052,0.00022201913817132684
2023,US8447411088,0.0001104732009327574
2023,US8454671095,5.2449369080353084e-05
2023,US8485741099,0.001089699697003192
2023,US8552441094,0.0013065754556769692
2023,US8574771031,0.001655069760187763
2023,US8581191009,0.00019505875627965721
2023,US8589121081,0.0019531065067987425
2023,US8636671013,0.0024678985746176573
2023,US8676524064,0.0005970363238701467
2023,US8716071076,0.001289294499891288
2023,US87161C5013,8.743340091892431e-05
2023,US8718291078,0.0003982600995279659
2023,US8725401090,0.004704138361756476
2023,US8760301072,0.0014691249307562748
2023,US87612E1064,0.0018702235764112719
2023,US8793691069,0.000329973830089444
2023,US8794338298,0.0005878094578384909
2023,US8807701029,2.7430359308942317e-05
2023,US8807791038,1.3160265720756335e-05
2023,US8825081040,0.0044980744077475505
2023,US8832031012,0.00017562147784404807
2023,US88337F1057,3.2041167291632397e-06
2023,US8835561023,0.006166761189760889
2023,US88579Y1010,0.002766568249539612
2023,US8873891043,0.0003226928309475042
2023,US8910921084,0.0005430438462793243
2023,US89417E1091,0.00376468891080622
2023,US8965221091,0.002813469726471087
2023,US89832Q1094,0.0014426264812478456
2023,US9024941034,0.0003255933065043964
2023,US9026531049,3.336576394286785e-05
2023,US9026811052,0.0013791871939436498
2023,US9029733048,0.0016715490722269987
2023,US9078181081,0.005157027536318729
2023,US9111631035,0.00051619573862599
2023,US9113121068,0.005722522403974329
2023,US9113631090,0.0012823210249113426
2023,US91324P1021,0.011459304049836532
2023,US91529Y1064,8.335360160579946e-07
2023,US91913Y1001,0.003144155151906159
2023,US92276F1003,2.3598608283490155e-06
2023,US92343V1044,0.0074456193214182355
2023,US92532F1003,0.0026132941661293554
2023,US9255501051,0.00010758706538363556
2023,US92556V1061,0.0021530617685968346
2023,US9282981086,9.442860351995471e-05
2023,US9290421091,0.000268720506715528
2023,US9291601097,7.457970773528217e-05
2023,US92922P1066,8.847377000098197e-05
2023,US92939U1060,0.00018713977036399337
2023,US9311421039,0.012804044560088147
2023,US9314271084,0.0026674909290188013
2023,US9344231041,4.497312766050192e-05
2023,US94106L1098,0.0027927897215880453
2023,US9418481035,0.0008109062289807238
2023,US9497461015,0.006207627411475799
2023,US95040Q1040,0.00037217671759275236
2023,US95058W1009,0.0004626215835207055
2023,US95082P1057,0.0018604368208309649
2023,US9581021055,0.0006809154422593256
2023,US9604131022,0.00041594647440003476
2023,US96145D1054,7.060644262028608e-05
2023,US9633201069,0.000249805673955365
2023,US9682232064,0.0002961807582816993
2023,US9694571004,0.00017275970317220024
2023,US9699041011,5.1609658283936476e-05
2023,US9831341071,2.171762767415225e-06
2023,US98389B1008,2.638051800138419e-05
2023,US98421M1062,0.0029800233314366195
2023,US9884981013,9.392461825726295e-06
2023,US9892071054,0.00042599344795622284
2023,US98956P1021,0.00011943939693721285
2023,US9897011071,6.400773949627209e-07
2024,AN8068571086,0.0004945072567164096
2024,CA00208D4084,0.0005282355177868993
2024,CA00900Q1037,0.0015911660540521952
2024,CA01626P1484,5.8627768717542196e-05
2024,CA0636711016,3.333003241715017e-05
2024,CA0641491075,0.0015999427839711552
2024,CA0977518616,0.0013035767345005943
2024,CA12532H1047,0.00010786153197381851
2024,CA13321L1085,0.00014648835611378553
2024,CA1363751027,0.0017177088544911888
2024,CA1363851017,1.4540959031371217e-05
2024,CA13646K1084,0.0007620283437498848
2024,CA1367178326,0.0015215400040831796
2024,CA2918434077,0.00014093918731592246
2024,CA29250N1050,0.0001798125436288043
2024,CA3180714048,2.525547326002966e-06
2024,CA3359341052,0.00021268296816260768
2024,CA3495531079,0.0006366137921859944
2024,CA3518581051,0.02797608199894737
2024,CA3759161035,0.00016055023624423433
2024,CA39138C1068,0.0024073500430541687
2024,CA4495861060,0.0007181372732263946
2024,CA4530384086,7.32544068695145e-05
2024,CA45823T1066,0.0006487757714320893
2024,CA4969024047,8.076854171933377e-06
2024,CA56501R1064,0.005482343500810301
2024,CA59162N1096,5.031654494721752e-07
2024,CA67077M1086,0.0003680769194177328
2024,CA6837151068,0.005660086087590084
2024,CA7392391016,3.3292827999612503e-06
2024,CA7669101031,0.00047124978222293657
2024,CA7800871021,0.002201234433204089
2024,CA85472N1096,0.0008092259085701958
2024,CA8667961053,0.00014024610889024847
2024,CA8672241079,0.0010959378842423531
2024,CA87807B1076,0.00021342475292024222
2024,CA8787422044,0.000601644865634309
2024,CA8849038085,0.003659697096681212
2024,CA8911605092,0.003443638805919631
2024,CA89346D1078,4.0477395238565914e-05
2024,CA9611485090,2.4842586420842502e-05
2024,GB0022569080,0.0009078207818219531
2024,GB00BMXNWH07,0.00011202179551226132
2024,US0010551028,0.0004212987725430592
2024,US00206R1023,1.2683913600119551e-05
2024,US0028241000,0.006631720870887599
2024,US0028962076,6.482467008350515e-05
2024,US00724F1012,0.01180042367170909
2024,US00737L1035,0.001031916141157935
2024,US00751Y1064,1.0542367013995159e-07
2024,US0079031078,0.009173922333033865
2024,US00846U1016,0.003475583730620741
2024,US0091581068,0.0003481116047193435
2024,US00971T1016,0.0004881240034721
2024,US0126531013,0.0003862097608620076
2024,US0152711091,0.0002882285913376579
2024,US01741R1023,3.051643767726405e-05
2024,US0185811082,3.5418081011392914e-06
2024,US0200021014,0.0001328884556897134
2024,US02079K3059,0.020349896229825245
2024,US02209S1033,0.000988394921129893
2024,US0231351067,0.047229890675871355
2024,US02553E1064,0.00023048332551313345
2024,US0268747849,0.005384162130592419
2024,US03027X1000,0.0010934336067803042
2024,US03073E1055,0.002852921484326907
2024,US03076C1062,0.004654097818730874
2024,US0311001004,0.0006879737561266605
2024,US0311621009,0.005870366001529991
2024,US0320951017,0.0002635973430670945
2024,US0326541051,0.0002628143097900877
2024,US0367521038,0.00039093525491299904
2024,US03743Q1085,8.345622683500332e-06
2024,US0375981091,6.49642106746903e-05
2024,US0378331005,0.07628453739510857
2024,US0382221051,0.000508658558390083
2024,US03940R1077,0.0027324325914692272
2024,US0394831020,0.0005790951101818702
2024,US0427351004,0.00033464875260336147
2024,US0441861046,3.646021810150686e-06
2024,US04621X1081,0.00023466560492982957
2024,US0527691069,0.002090222163728626
2024,US0530151036,0.003167611213145404
2024,US0533321024,0.0026385214272064404
2024,US0534841012,0.000888680173419048
2024,US0536111091,2.7570046087066664e-07
2024,US0537741052,0.0001599475957791961
2024,US0538071038,0.00020085036068248624
2024,US0565251081,0.00020886504777640683
2024,US0584981064,0.0003507700638558401
2024,US0605051046,0.009471112202832123
2024,US0640581007,0.0009133423247946784
2024,US0718131099,8.236421709053472e-05
2024,US0846701086,0.009928111192452009
2024,US0865161014,5.08959603937677e-05
2024,US09061G1013,1.66530330079379e-05
2024,US09062X1037,0.0012493257891769425
2024,US09073M1045,0.001409046380471803
2024,US0936711052,0.0029022327768371482
2024,US0970231058,0.002259733145728989
2024,US09857L1089,0.003170318731006081
2024,US0997241064,1.1234777380596354e-05
2024,US1011211018,0.0003629902523218808
2024,US1011371077,0.0012279221225250459
2024,US1096961040,0.00045588675667988305
2024,US1101221083,0.002366053461209059
2024,US1124631045,0.0002012984332062982
2024,US1156372096,0.00035145650806940707
2024,US12504L1098,0.00031437799770308103
2024,US1252691001,0.0006675855037163109
2024,US12541W2098,0.003559956704342826
2024,US1255231003,0.00047375039155531654
2024,US12572Q1058,0.000780181523217706
2024,US1264081035,0.0013236205006800414
2024,US12653C1080,0.002427016792287808
2024,US1266501006,0.003666041815102336
2024,US1270551013,8.525809630168677e-06
2024,US1270971039,0.000788984764665474
2024,US1273871087,0.0005049820420807423
2024,US1307881029,0.00025580294434820875
2024,US1331311027,2.92706236811692e-05
2024,US1344291091,0.00011200306869202808
2024,US14040H1059,9.048038717541522e-08
2024,US14149Y1082,0.0026870720864200248
2024,US1423391002,0.0022663557612083297
2024,US1431301027,0.0003721043027108769
2024,US1491231015,0.001517495788253128
2024,US1508701034,0.0001029533224156458
2024,US15189T1079,0.0022785782035199854
2024,US1598641074,4.053651871657444e-06
2024,US1651677353,0.0013021257396923019
2024,US1667641005,0.0038738156994897978
2024,US1713401024,7.720485751932657e-05
2024,US1717793095,6.826311639903201e-05
2024,US1720621010,0.00011291871242781887
2024,US17275R1023,0.004378065546744301
2024,US1729081059,0.00025860926432746766
2024,US1729674242,0.0037773754800287823
2024,US1890541097,0.00017289346148458503
2024,US1912161007,0.005840612712571669
2024,US1924461023,0.00102234994836901
2024,US1941621039,0.004660165500288705
2024,US20030N1019,0.0003394379218128153
2024,US2017231034,5.4538798819848475e-06
2024,US2058871029,0.005187584792028932
2024,US20825C1045,0.0025666891020900743
2024,US2091151041,0.0014783971997390565
2024,US21036P1084,0.0020571951465593965
2024,US2172041061,6.148976272540447e-07
2024,US21871N1019,0.0002447187544175533
2024,US22160K1051,0.007356417338625092
2024,US22822V1017,0.001894835840169525
2024,US2283681060,0.0020167210984868944
2024,US2310211063,0.0013970372944399595
2024,US23331A1097,0.0002213874833340563
2024,US23355L1061,0.00023257030743924415
2024,US2358511028,2.574563198015949e-06
2024,US2371941053,0.001696055036984896
2024,US23918K1088,0.0010931725085663495
2024,US2441991054,0.0031192526696971565
2024,US2473617023,0.0037981551504701126
2024,US24906P1093,1.3798601775213074e-05
2024,US25179M1036,0.001496344281746457
2024,US2546871060,0.005192026747799366
2024,US25525P1075,0.000958225963972371
2024,US2566771059,0.0014177162415882664
2024,US2567461080,0.0019433730407740419
2024,US25746U1097,0.001944238064453068
2024,US2576511099,0.0011939806676603375
2024,US25960P1093,0.00031535039143643973
2024,US2600031080,0.0010275325425683755
2024,US26441C2044,1.536447861036221e-05
2024,US26614N1028,0.00012935055979048849
2024,US26875P1012,0.0035297255302343417
2024,US26884L1098,0.003049493175398508
2024,US26969P1084,0.0007836345231721945
2024,US2774614067,0.00010013064998866629
2024,US2786421030,1.3442235030734425e-05
2024,US2788651006,0.001297937359373533
2024,US2810201077,0.0008542524723312541
2024,US28176E1082,0.0002480439633189262
2024,US2855121099,0.00236459441711736
2024,US2910111044,0.00021763131593825074
2024,US29272W1099,6.229566616610409e-05
2024,US2944291051,0.00019823456534640612
2024,US29444U7000,0.00021287395992082198
2024,US29476L1070,0.0019725027117261595
2024,US2971781057,0.00048678657196943293
2024,US30040W1080,2.9913040481479114e-05
2024,US30161N1019,0.00030662483891436096
2024,US30212P3038,0.000566758546741129
2024,US3021301094,7.536638356222969e-05
2024,US30231G1022,0.009304403529729431
2024,US3029411093,0.0005923134682273246
2024,US3030751057,0.0021469861287148374
2024,US3137451015,0.00022727556502846651
2024,US31428X1063,0.002848136052170126
2024,US3156161024,0.0004355064766680406
2024,US31620M1062,0.000333777099753431
2024,US3167731005,7.5869002725563984e-06
2024,US3205171057,2.9542198726965005e-06
2024,US3377381088,0.0034746047290508614
2024,US3379321074,0.0004323622817217499
2024,US3434121022,1.6913373690036162e-05
2024,US3448491049,0.0013525217748219145
2024,US3453708600,0.002183054637227093
2024,US3546131018,0.00028087424890618144
2024,US35909D1090,7.966382262688284e-06
2024,US3614481030,2.643207205147756e-05
2024,US3635761097,0.0022951272114312775
2024,US3647601083,0.0004886537606728984
2024,US3695501086,0.004279666654903644
2024,US3703341046,0.000287403882598951
2024,US3719011096,8.643364667740537e-05
2024,US3724601055,0.0019556802262490343
2024,US37247D1063,0.0019081607319381814
2024,US3755581036,5.239962837103035e-05
2024,US37940X1028,3.3264761714736383e-06
2024,US37959E1029,0.00041568256746039265
2024,US38141G1040,0.0012504774259923283
2024,US3825501014,9.30561597157407e-08
2024,US3841091040,0.003576425742895139
2024,US3848021040,1.3259574073872769e-05
2024,US40434L1052,0.0025994358933684536
2024,US4103451021,0.00019883756368816626
2024,US4165151048,5.9887993510428025e-05
2024,US4180561072,0.0005166176383458195
2024,US42250P1030,4.661231034152308e-06
2024,US42330P1075,0.00011950321452110618
2024,US4278661081,0.0013967649697168426
2024,US42806J7000,8.55490542525929e-05
2024,US42809H1077,0.00012928161040523943
2024,US4364401012,1.6053824488012564e-07
2024,US4370761029,0.006466323834547452
2024,US4385161066,0.0032579624693730995
2024,US4435106079,2.5698140308644704e-05
2024,US4448591028,0.00012891525049103705
2024,US4456581077,0.000878710579521182
2024,US4461501045,2.238450930254663e-05
2024,US45167R1041,0.0006102319740638169
2024,US45168D1046,0.00037658638628559465
2024,US4523081093,0.0015838835477699664
2024,US4581401001,0.005736400826514263
2024,US45866F1049,0.0012261247847744335
2024,US4592001014,0.003414432082384274
2024,US4595061015,0.0005891272917188768
2024,US4601461035,1.4799586895337375e-06
2024,US4606901001,0.0006258754714892011
2024,US4612021034,0.008716276502876484
2024,US46120E6023,0.005034033445047827
2024,US46284V1017,3.160937889532722e-05
2024,US4657411066,0.0006410901357785172
2024,US46625H1005,0.014203959287055224
2024,US4663131039,0.0003120982173842128
2024,US46982L1089,0.003398698028212304
2024,US4781601046,0.00679141656886303
2024,US48020Q1076,0.0022967390491719017
2024,US48203R1041,0.0011771226236838878
2024,US48242W1062,0.0001110730722293485
2024,US4824801009,0.0053164093612059135
2024,US48666K1097,0.0022065782241447933
2024,US4878361082,8.758315565441432e-05
2024,US4891701009,0.0006244264760052026
2024,US4932671088,0.0001901660950611646
2024,US4943681035,0.0015035842025334135
2024,US49446R1095,0.0008295358151506537
2024,US49456B1017,8.415871625704183e-05
2024,US5002551043,0.0010155057985508469
2024,US5018892084,0.0021661651933231013
2024,US5150981018,0.0006956555591526637
2024,US5178341070,0.00068948125421865
2024,US5184391044,0.001487413186356277
2024,US5246601075,0.00020718129449594276
2024,US5260571048,8.956186585811652e-05
2024,US5324571083,0.01913100224652871
2024,US5339001068,0.00019409825460414885
2024,US5341871094,5.341946388176368e-05
2024,US5370081045,6.839611185700359e-06
2024,US5398301094,0.0004996712969482576
2024,US5486611073,0.005086073718175747
2024,US5502411037,0.0016366153480243766
2024,US55261F1049,0.0021015637753424667
2024,US5529531015,9.519114138214791e-06
2024,US5544891048,1.9711044623363945e-05
2024,US55616P1049,2.559893293412742e-05
2024,US5635714059,2.1018874555794816e-05
2024,US56418H1005,0.00024569145798883157
2024,US5717481023,0.00021389574387579248
2024,US5719032022,0.0009443025683959618
2024,US5732841060,0.0020991720813041837
2024,US5738741041,0.0012888799795966845
2024,US57636Q1040,0.014562975603682018
2024,US5770811025,1.4578131811432459e-05
2024,US5797802064,0.0026734865639454317
2024,US5801351017,0.005682003150125887
2024,US58933Y1055,0.007952729514381824
2024,US59156R1086,0.0023903306961243955
2024,US5926881054,0.0019815902926184816
2024,US5949181045,0.08752450207600791
2024,US5950171042,0.00035319875854975045
2024,US5951121038,0.0001618278169345236
2024,US6005441000,0.0006643986276483463
2024,US60871R2094,4.615168845135348e-05
2024,US6092071058,0.006082349278503265
2024,US61174X1090,0.0006348278845990064
2024,US6153691059,0.0004234068119254661
2024,US6174464486,0.0013106033783979482
2024,US61945C1036,0.00016065520196208676
2024,US6200763075,0.0023098623080405533
2024,US62886E1082,0.00021403840765597332
2024,US62955J1034,7.776245029135517e-05
2024,US6361801011,1.9182614325706923e-05
2024,US64110D1046,0.0005458145270724778
2024,US6501111073,0.0013075260459742295
2024,US65339F1012,0.0008308477248468253
2024,US6541061031,0.006647022586838975
2024,US6556641008,0.0003094746119176551
2024,US6558441084,0.001143344694266595
2024,US6658591044,0.0025384473759315373
2024,US6668071029,0.000895724580669326
2024,US6687711084,0.0007092497541991764
2024,US6703461052,0.0011234339266372824
2024,US67066G1040,0.045944494543311204
2024,US6708371033,0.0019284844491729166
2024,US67098H1041,0.00030962019792248855
2024,US67103H1077,0.004140276996278257
2024,US6745991058,0.0005146920119955235
2024,US6752321025,4.133265178850576e-05
2024,US6819191064,0.0007522863434443688
2024,US6821891057,0.00196455491583541
2024,US6826801036,0.0013936547878788596
2024,US68389X1054,0.00751098058157043
2024,US6866881021,0.0004664282559897952
2024,US6882392011,0.000495143725777166
2024,US69331C1080,0.0007060252924498705
2024,US6934751057,0.005515624981659699
2024,US69351T1060,1.6171728245467207e-05
2024,US6937181088,0.0007822362868336768
2024,US6951561090,0.0006310801627445012
2024,US7010941042,0.0006456132350592961
2024,US7043261079,0.0006533521046675519
2024,US7045511000,3.97928235538262e-05
2024,US70959W1036,1.7518192352199561e-06
2024,US7134481081,0.002986350300207909
2024,US7140461093,2.4636881826122342e-05
2024,US7170811035,0.0006171834117040407
2024,US7244791007,1.4974491965456284e-05
2024,US7310681025,8.787681697770477e-07
2024,US7392761034,5.942514516871364e-06
2024,US74251V1026,0.0003313187565097725
2024,US7427181091,0.008561674219464417
2024,US7433151039,0.007808091404858445
2024,US74340W1036,0.0008187258198464526
2024,US7443201022,0.0002727258739575718
2024,US7445731067,0.0005265406698827237
2024,US74460D1090,0.001890755287115525
2024,US7475251036,0.006452574023570925
2024,US74762E1029,0.0003522364403662543
2024,US74834L1008,0.0008309437989649389
2024,US7496851038,4.54240465797805e-05
2024,US7512121010,5.855733371856501e-06
2024,US75281A1097,0.00036532120375499806
2024,US7547301090,0.0006425237333334357
2024,US75513E1010,0.0014939190880964123
2024,US7588491032,0.0006193874820252743
2024,US75886F1075,0.002114517252055447
2024,US7591EP1005,0.0012206505760642414
2024,US7593516047,0.0011635606351109006
2024,US7595091023,6.466705477925054e-05
2024,US7607591002,0.0028518549017877357
2024,US7611521078,0.0006450046534362089
2024,US7703231032,4.821105986000395e-05
2024,US7739031091,2.9843260606641443e-05
2024,US7766961061,7.207341811681064e-05
2024,US7782961038,0.0019146737707974083
2024,US7802871084,3.436233218618156e-05
2024,US7835491082,0.0001160851597696319
2024,US78409V1044,0.0010481546824982829
2024,US78410G1040,0.0013165964455204874
2024,US7841171033,0.00011707882903534521
2024,US78454L1008,0.00013183420849901005
2024,US78473E1038,0.0007343911943362222
2024,US79466L3024,0.008476667235509572
2024,US8085131055,0.007009304054801537
2024,US8101861065,3.1557879917420275e-05
2024,US8168511090,0.0009204961118815154
2024,US8175651046,0.001671094369491209
2024,US8243481061,7.082823908103197e-05
2024,US8288061091,0.0011081922908560559
2024,US8326964058,0.0008977405576082857
2024,US8425871071,0.0007288099920153793
2024,US84265V1052,9.382683311436985e-06
2024,US8447411088,0.0003008348900427093
2024,US8485741099,0.0037328685549733605
2024,US8552441094,0.0025612635576911795
2024,US8574771031,0.00010389618551107914
2024,US8581191009,0.00015620668273748275
2024,US8636671013,0.005015119872501721
2024,US8716071076,0.0038302037024287245
2024,US87161C5013,6.381645753231386e-06
2024,US8725401090,0.004710284781887732
2024,US8760301072,0.0006720496120527899
2024,US87612E1064,4.0012046326982836e-06
2024,US8794338298,0.0004900843213834231
2024,US8807701029,0.002187236041687109
2024,US8825081040,0.001386898030910176
2024,US8832031012,7.300752431661827e-05
2024,US88337F1057,0.00010528637067722845
2024,US8835561023,0.008057713794092312
2024,US88579Y1010,4.253375752627763e-06
2024,US88642R1095,0.00022279047947694507
2024,US8910921084,0.0009591666426915222
2024,US89417E1091,0.002626979944956713
2024,US8965221091,0.006056770331058529
2024,US89832Q1094,0.0005580143907168802
2024,US9026531049,2.9893317291911898e-05
2024,US9026811052,0.0003460483815442833
2024,US9029733048,0.00037165980276056265
2024,US9078181081,0.0007318050336846525
2024,US9111631035,3.048288185617261e-05
2024,US9113121068,0.0017327247968201918
2024,US9113631090,0.0008475947486096405
2024,US9129091081,0.0005726902547079381
2024,US91324P1021,0.009988629627929737
2024,US91529Y1064,1.1059739362132559e-07
2024,US91913Y1001,0.002116899544295121
2024,US92276F1003,4.604496311860938e-06
2024,US92343V1044,0.004856997958972702
2024,US92532F1003,0.0055743258495922895
2024,US9255501051,3.3216360697126106e-05
2024,US92556V1061,0.0023579765036184606
2024,US9290421091,1.817401788623064e-05
2024,US9291601097,9.984558099356431e-07
2024,US92922P1066,3.104070089418593e-05
2024,US9297401088,9.959416575197667e-05
2024,US9311421039,0.012706967248305025
2024,US9314271084,0.00013391033844896574
2024,US9344231041,0.00044417802847627943
2024,US94106L1098,0.002260593641647502
2024,US9497461015,0.005127191572068873
2024,US95040Q1040,0.00010972196961429212
2024,US95058W1009,0.0017080886457244366
2024,US95082P1057,1.5096811228399408e-05
2024,US9581021055,0.0010054900279933398
2024,US9598021098,0.0009840219318702867
2024,US9604131022,0.0002245762708795035
2024,US9633201069,2.8957282202680035e-05
2024,US9682232064,1.3978938604916778e-06
2024,US9694571004,0.0006145928480642091
2024,US9699041011,0.0011561380228285675
2024,US9831341071,2.0156169365656087e-05
2024,US98421M1062,0.0036992908800969624
2024,US9884981013,0.0002571034411602664
2024,US9892071054,0.0010223360913971054
