Year,ISIN,Weight
2013,AN8068571086,0.004043903931450997
2013,CA00208D4084,0.001518541431713469
2013,CA0084741085,0.002765655030108179
2013,CA00900Q1037,0.00010925117516627122
2013,CA05534B7604,0.0021774033045215842
2013,CA0636711016,0.0025829956438645925
2013,CA0641491075,0.007027009024558305
2013,CA1247651088,0.00023057159314688323
2013,CA12532H1047,1.5572623738613072e-05
2013,CA13321L1085,0.00012510815859247858
2013,CA1360691010,0.0006407456646992012
2013,CA1363751027,0.007144997802336756
2013,CA13646K1084,0.004024230300675133
2013,CA1366812024,5.7533371087762365e-05
2013,CA2849025093,0.0031664698532984244
2013,CA29250N1050,0.0036626814915649373
2013,CA2927661025,0.0028654400286001994
2013,CA3180714048,0.001550938170321905
2013,CA3759161035,9.001160884444386e-05
2013,CA4495861060,0.033195799483505796
2013,CA45823T1066,1.7612658034561465e-05
2013,CA5592224011,0.003968651286452371
2013,CA56501R1064,0.008121082449768686
2013,CA7800871021,0.006346262085456987
2013,CA8029121057,0.0008698100958856341
2013,CA8667961053,0.0019628999526179413
2013,CA8672241079,0.0014921935128051694
2013,CA87807B1076,0.0002678376115926097
2013,CA8787422044,0.002999003593186335
2013,CA87971M1032,0.002959265475347228
2013,CA8849038085,0.002851336368758346
2013,CA8911605092,0.005679093100586852
2013,CA8959451037,3.853860236371001e-06
2013,CA98462Y1007,3.0921794319129634e-05
2013,GB0022569080,0.00047148303575001186
2013,LR0008862868,3.0248347956821646e-05
2013,PA1436583006,0.005889344163467472
2013,US0010551028,0.001489038306170708
2013,US00206R1023,0.01540181969519576
2013,US0028241000,0.004893802503939963
2013,US0028962076,0.003200340558963187
2013,US00724F1012,0.0012422957788428266
2013,US00846U1016,4.780524556045681e-05
2013,US0091581068,5.183010800140683e-06
2013,US00971T1016,0.0001308101606610926
2013,US0200021014,0.006052151881015207
2013,US02079K3059,0.014336827946890996
2013,US02209S1033,0.008685185317453874
2013,US0258161092,0.007168341268200506
2013,US0268747849,0.006421178981732954
2013,US03027X1000,0.002767181881879879
2013,US0311621009,0.0029651816959424997
2013,US0326541051,9.703935243125343e-05
2013,US0367521038,0.0008785530648645671
2013,US03743Q1085,0.0004760023421176024
2013,US0378331005,0.04021314228946616
2013,US0382221051,2.1290059606213277e-05
2013,US0527691069,0.0031424636969090117
2013,US0530151036,1.5647214652604976e-06
2013,US0534841012,0.0032088042671799726
2013,US0536111091,4.011017091227211e-05
2013,US0605051046,0.010685236151050175
2013,US0640581007,0.0005051350098646568
2013,US0718131099,0.0031992561573356455
2013,US0758871091,0.00539974284258803
2013,US0865161014,0.00014272252248846983
2013,US09062X1037,0.003651506707236623
2013,US0970231058,0.0005202309546181767
2013,US1011371077,0.00024313495266528788
2013,US1101221083,0.009360837958982803
2013,US12504L1098,0.0005602852631226466
2013,US1255231003,0.000501893529799441
2013,US1258961002,4.908754593019296e-05
2013,US1264081035,0.0002262204281375514
2013,US12653C1080,3.5831619633732582e-06
2013,US1266501006,0.006052765356230281
2013,US1270551013,4.94805070609758e-05
2013,US14040H1059,6.072444600772531e-05
2013,US1491231015,0.008517391292994817
2013,US1667641005,0.017297268712953912
2013,US1720621010,0.0005356709282540509
2013,US17275R1023,0.010945176867034776
2013,US1729674242,0.009454131750798843
2013,US1858991011,2.3485077618701606e-05
2013,US1912161007,0.0130568237244524
2013,US1924461023,0.0006757328610505923
2013,US2058871029,0.004473449874855154
2013,US20825C1045,0.006523808888042553
2013,US2091151041,0.016401283942274074
2013,US21036P1084,3.071279373678684e-05
2013,US22160K1051,0.006616803087774594
2013,US2283681060,0.0003758966449488966
2013,US2310211063,0.00022257041398293306
2013,US23355L1061,0.0020423250001813057
2013,US2441991054,0.0009530947848200506
2013,US25179M1036,0.007354664858914386
2013,US2546871060,0.011455271528797988
2013,US25746U1097,0.0025299545098553884
2013,US2600031080,0.002207724179971011
2013,US26875P1012,0.003435079165064946
2013,US2774321002,0.0007827453928219078
2013,US2786421030,0.008345700938189817
2013,US2788651006,0.0003444051829745819
2013,US29364G1031,4.872506322300476e-05
2013,US29670G1022,0.00015832973128892855
2013,US30040W1080,0.00016153412108192383
2013,US30231G1022,0.01801608168915431
2013,US3024913036,0.006508767977316808
2013,US3156161024,4.173745948526677e-07
2013,US3167731005,2.3071780765880933e-05
2013,US3434121022,0.00020364781813672622
2013,US34354P1057,0.0008734216186335017
2013,US3453708600,0.003931228166894042
2013,US3546131018,0.0016548029866627306
2013,US35671D8570,0.0020154771472766218
2013,US3647601083,0.000979003436735055
2013,US3703341046,0.012351308509729956
2013,US37045V1008,3.2492806524824095e-06
2013,US3755581036,0.004088681956627072
2013,US38141G1040,2.173279109166508e-06
2013,US3848021040,2.74620482371088e-06
2013,US40434L1052,0.0012633463401175735
2013,US4062161017,0.0015500401611862266
2013,US4165151048,0.0010833363685504676
2013,US4180561072,0.0029302145723503216
2013,US42250P1030,0.0023717725951532226
2013,US4278661081,0.0001366834040298086
2013,US42809H1077,0.001269174440264594
2013,US4370761029,0.0001234817946001042
2013,US4385161066,5.367794613539154e-07
2013,US4404521001,0.0003599438255379198
2013,US4448591028,0.000357445593180367
2013,US4461501045,7.835694039698351e-06
2013,US4470111075,4.0680804302824886e-05
2013,US45073V1089,0.002371548254451627
2013,US4523081093,0.006894308047097774
2013,US4581401001,0.010955964102502781
2013,US4592001014,0.007789708038384096
2013,US4595061015,0.004536604640220991
2013,US4601461035,1.981121097609087e-06
2013,US46625H1005,0.01721042781329344
2013,US46982L1089,0.00039096265532852887
2013,US4781601046,0.013488753055538252
2013,US48020Q1076,0.0002778554532794869
2013,US48203R1041,0.007328556967670989
2013,US4824801009,0.005430210728396813
2013,US4932671088,0.005766787502395577
2013,US4943681035,0.009015498177063019
2013,US49446R1095,0.0004968509840540032
2013,US5002551043,0.0018968649293897182
2013,US5010441013,0.0005755246676212418
2013,US5178341070,0.007886394249972423
2013,US5184391044,0.000366513702329882
2013,US5324571083,0.003271559023697434
2013,US5339001068,5.514215283893934e-05
2013,US5341871094,0.00018876890064022228
2013,US5398301094,0.008486906692114384
2013,US5486611073,0.004528599386136066
2013,US5502411037,0.010480540144034564
2013,US5526761086,0.0022516552796108553
2013,US5529531015,0.0018771871347719818
2013,US5658491064,0.017242429773487042
2013,US5717481023,0.0001808376431059408
2013,US5719032022,8.993309458760086e-07
2013,US5738741041,0.00037923384380626394
2013,US5745991068,0.00013019360257627256
2013,US57636Q1040,0.0023961535571807467
2013,US5770811025,0.0007198179052805474
2013,US5797802064,3.742901650557008e-05
2013,US5801351017,0.0020679897353557317
2013,US58933Y1055,0.010671817054387994
2013,US59156R1086,0.0021599718519800764
2013,US5926881054,0.015427355153069588
2013,US5949181045,0.03675955318242038
2013,US5950171042,0.005284772483210164
2013,US5951121038,0.0007492876935726402
2013,US60871R2094,0.0007031889334025785
2013,US6092071058,0.0034222193825781937
2013,US6174464486,0.009259209657178698
2013,US61945C1036,0.00013679085350455704
2013,US6311031081,0.0036740657552942896
2013,US64110D1046,6.512043433319879e-05
2013,US6512291062,1.267486086177408e-05
2013,US6516391066,0.0015558462607332647
2013,US65339F1012,0.005735158211786119
2013,US6541061031,0.000766279854036856
2013,US65473P1057,0.0005855939708603045
2013,US6558441084,0.011713765506285763
2013,US6658591044,0.0030653178221592046
2013,US6668071029,3.340087934684286e-05
2013,US6687711084,0.004978942479888799
2013,US67066G1040,0.0020903482271019576
2013,US6745991058,0.008736832386587744
2013,US6819191064,0.003309575740689509
2013,US68389X1054,0.008329754764454252
2013,US6866881021,0.0028279128561829736
2013,US6882392011,0.002810808696367723
2013,US69331C1080,0.0014091137322182297
2013,US6934751057,0.000742845540076356
2013,US6935061076,0.0002987660995983078
2013,US69351T1060,0.00011946388508656748
2013,US6936561009,0.0005363124019669739
2013,US6937181088,3.484792393036618e-06
2013,US7010941042,0.001772949876897547
2013,US7134481081,0.002059966950424385
2013,US7140461093,0.005129579592801362
2013,US7170811035,0.019161365146076116
2013,US7427181091,0.0028682066333668753
2013,US7433151039,0.002945155319563945
2013,US74340W1036,8.920144907067976e-05
2013,US7443201022,0.00019550930275129163
2013,US7445731067,0.0019448316705989027
2013,US7475251036,0.005149180439615713
2013,US74834L1008,0.005468309964805116
2013,US75513E1010,0.006329358030361302
2013,US7588491032,0.00013160711044873433
2013,US7739031091,4.637458801958854e-05
2013,US78409V1044,0.00284905459989716
2013,US78440X8873,0.00020513745514343578
2013,US79466L3024,0.0010640760174439002
2013,US8101861065,7.636276315072141e-07
2013,US81211K1007,0.00019963036288394534
2013,US8168511090,3.9532600750543536e-05
2013,US8243481061,0.00018620999940505964
2013,US8288061091,0.0010413715257955342
2013,US8326964058,8.726742733910887e-05
2013,US8354951027,0.000269978375854567
2013,US84265V1052,0.007250858974123282
2013,US8545021011,0.001999831281665745
2013,US8552441094,0.0005321919490697246
2013,US8574771031,0.0028879707328346915
2013,US8676524064,5.8392678708055814e-05
2013,US8718291078,0.012754473507300801
2013,US87612E1064,0.0018289919637353629
2013,US8807701029,8.48855974521253e-05
2013,US8825081040,0.003710923434480287
2013,US8832031012,8.758044071818713e-07
2013,US8835561023,0.0010099327111472128
2013,US89417E1091,0.008205556012102617
2013,US89832Q1094,0.0038409701506851926
2013,US9024941034,0.00010160584739195256
2013,US9029733048,0.012922525806529115
2013,US9078181081,0.0003932196033166571
2013,US9111631035,0.0002030029401981573
2013,US9113121068,0.0006757385625488421
2013,US91529Y1064,0.0007819691464277705
2013,US92276F1003,1.615903894259558e-06
2013,US92343V1044,0.008128527266593433
2013,US9255501051,2.4353992600945362e-05
2013,US9291601097,1.129837372551491e-05
2013,US9311421039,0.05592630058860891
2013,US9314271084,0.005505370258320856
2013,US94106L1098,5.699137436316723e-06
2013,US9497461015,0.014452327326464441
2013,US95040Q1040,0.00016245724895795047
2013,US9694571004,0.004663257397373311
2013,US9839191015,0.0006231390209699163
2013,US98421M1062,0.00025433416433459166
2013,US9884981013,0.002202716961569987
2013,US98956P1021,0.0024358082771382696
2014,AN8068571086,0.010449917923201714
2014,CA00208D4084,0.0007257447091236913
2014,CA0084741085,0.003951816897810645
2014,CA05534B7604,0.0001291213811672188
2014,CA0636711016,0.004927729934935397
2014,CA0641491075,3.397420615713609e-05
2014,CA0977518616,0.00016504281319437193
2014,CA1247651088,0.00019164224715105343
2014,CA12532H1047,2.47906493465096e-06
2014,CA13321L1085,2.0556098262843474e-06
2014,CA1360691010,0.002435027898707996
2014,CA1363751027,0.006391035205409519
2014,CA1363851017,0.00027169464778012696
2014,CA13646K1084,0.008379347232598684
2014,CA1366812024,0.006873851338967854
2014,CA29250N1050,0.0035998871744074385
2014,CA2927661025,0.0003225299125618041
2014,CA3180714048,0.0022766782238346863
2014,CA3359341052,0.0014941347295558604
2014,CA3759161035,0.0008446547363755656
2014,CA4495861060,0.03376800413150343
2014,CA45823T1066,5.2712657609317674e-05
2014,CA4969024047,1.1003694993473564e-05
2014,CA5394811015,0.0025704073118828163
2014,CA5592224011,0.0004538663969860816
2014,CA56501R1064,0.004593569312502613
2014,CA59151K1084,0.0003604770282585036
2014,CA7392391016,0.0018815769611031622
2014,CA7800871021,0.0022764761001376455
2014,CA8029121057,3.23684451335103e-05
2014,CA8667961053,0.00018146548359181897
2014,CA8672241079,0.0023986971282672145
2014,CA87807B1076,0.00038231681496719573
2014,CA8787422044,0.0014213721463064463
2014,CA87971M1032,4.4541790348237125e-05
2014,CA8849038085,0.00016424974460507613
2014,CA8911605092,6.967397188596688e-05
2014,CA8959451037,2.9804776930275948e-05
2014,CA98462Y1007,3.102111079004009e-05
2014,GB0022569080,0.00022096097495279804
2014,LR0008862868,0.002620052861048308
2014,PA1436583006,0.0008867007756748517
2014,US0010551028,0.0001220359596073466
2014,US00206R1023,0.014537581486841577
2014,US0028241000,0.005232318035886962
2014,US0028962076,0.003555268488712941
2014,US00724F1012,0.001283875404532947
2014,US00846U1016,2.704138375435658e-06
2014,US0091581068,5.280743879496376e-05
2014,US00971T1016,0.00023700560434114954
2014,US0185811082,0.0009028402722864332
2014,US0200021014,0.004079535383896674
2014,US02079K3059,0.022099864312355087
2014,US02209S1033,0.013357812198027468
2014,US0236081024,7.1372731845526835e-06
2014,US0258161092,0.007113175011763069
2014,US0268747849,0.004690744061149845
2014,US03027X1000,0.0001583300894944286
2014,US0311621009,0.006179297757889462
2014,US0326541051,9.886863794065579e-05
2014,US0367521038,0.0015634376378974738
2014,US03743Q1085,0.001388435389576212
2014,US0378331005,0.03806373896317486
2014,US0382221051,0.0006556457746317038
2014,US0527691069,0.0012166565430723178
2014,US0530151036,5.285154820673437e-06
2014,US0534841012,0.002540145015516745
2014,US0584981064,5.062330799099496e-06
2014,US0605051046,0.01664765566167792
2014,US0640581007,6.097703738929699e-05
2014,US0718131099,0.0012199339430593301
2014,US0758871091,0.011123665063100158
2014,US0865161014,0.0015612728198039806
2014,US09062X1037,0.008274299227786426
2014,US0970231058,0.003972734274782195
2014,US1011371077,0.0014916944998554598
2014,US1101221083,0.008140295072832872
2014,US1156372096,8.499006243413524e-06
2014,US12504L1098,0.0003356626064635808
2014,US1255231003,1.406642612731629e-07
2014,US1264081035,0.00035359011259804204
2014,US12653C1080,0.001515730738347216
2014,US1266501006,0.0067094331189642194
2014,US1270551013,0.0004067245046220829
2014,US1344291091,0.0004485774228841086
2014,US14040H1059,0.0054904188379294285
2014,US14149Y1082,0.0007806452147923572
2014,US1491231015,0.0012336605116992166
2014,US1667641005,0.01967687687610093
2014,US1720621010,0.0015386527693348568
2014,US17275R1023,0.007618823064632934
2014,US1729674242,0.016859250429141482
2014,US1890541097,3.5875947578498046e-05
2014,US1912161007,0.005687657329855891
2014,US1924461023,0.004972376564641988
2014,US1941621039,0.00016783437391733975
2014,US2003401070,0.0013792151234377867
2014,US2058871029,4.0042205041355755e-05
2014,US20825C1045,0.00236182196522212
2014,US2091151041,0.01694736299575116
2014,US21036P1084,0.0002805666482837344
2014,US22160K1051,0.0014178970487973312
2014,US2283681060,7.363778287183446e-05
2014,US2310211063,0.004643807636715533
2014,US2333311072,1.1453081524253508e-05
2014,US23355L1061,0.006081973336853838
2014,US2371941053,0.000331754976072468
2014,US2441991054,0.011165193092655856
2014,US2473617023,5.9403702573418e-05
2014,US25179M1036,0.004685204694608518
2014,US2546871060,0.01235103224697102
2014,US25746U1097,0.00012448094925507708
2014,US2600031080,0.000997984053582262
2014,US26875P1012,0.007735153314086979
2014,US2774321002,0.0008032052316277687
2014,US2786421030,0.00600969646447689
2014,US2788651006,0.0030400160825914957
2014,US2810201077,0.003558675364385726
2014,US28176E1082,0.002025899724145668
2014,US2910111044,0.010732075108783223
2014,US29364G1031,4.503347361162844e-06
2014,US30161N1019,0.00026899793902245873
2014,US3021301094,2.756812228822393e-05
2014,US30231G1022,0.028717085292728515
2014,US3024913036,0.003287558234256671
2014,US3156161024,0.00020560474430730605
2014,US3167731005,0.0027475198283976564
2014,US3434121022,2.5620334804333443e-05
2014,US34354P1057,0.0008607957688594167
2014,US3453708600,0.0012085966616246237
2014,US3546131018,0.0004069663504805426
2014,US35671D8570,0.000599225904524902
2014,US3647601083,0.001483308130131077
2014,US3703341046,0.011240508186181743
2014,US37045V1008,0.00010093843837104842
2014,US3719011096,4.52742443919684e-05
2014,US3755581036,0.005697621390656959
2014,US38141G1040,0.0017697501682650302
2014,US3848021040,2.608884960855516e-05
2014,US40434L1052,0.0011303624324171821
2014,US4062161017,5.614834449857725e-05
2014,US4165151048,0.0015889146671543939
2014,US4180561072,0.00628624335893908
2014,US42250P1030,4.057114106505031e-05
2014,US42809H1077,0.0008797430201269255
2014,US4370761029,0.0004440569563034389
2014,US4385161066,9.768599785617076e-05
2014,US4404521001,0.000831357107568246
2014,US44107P1049,5.8219284144329245e-06
2014,US4448591028,0.0004180395249519906
2014,US4470111075,9.939854747970281e-07
2014,US4523081093,0.0033404443712829893
2014,US4581401001,0.00952333916187289
2014,US4592001014,0.001425755842557014
2014,US4595061015,0.00018144740436450168
2014,US4606901001,0.0007329756123095282
2014,US46284V1017,2.1215872732359524e-05
2014,US46625H1005,0.012420616523234016
2014,US46982L1089,0.00012162326191112008
2014,US4781601046,0.01637248283433321
2014,US48020Q1076,0.0007714413930115507
2014,US48203R1041,0.003142512611087518
2014,US48242W1062,5.2494014645008725e-08
2014,US4824801009,0.00607997260227536
2014,US4878361082,0.0027204652952058173
2014,US4891701009,3.265747601609039e-07
2014,US4932671088,6.265388188655705e-05
2014,US4943681035,0.009700594132263101
2014,US49446R1095,0.00034494482382642165
2014,US5002551043,0.0010303647867730937
2014,US5010441013,0.001884233803768569
2014,US5178341070,0.004775455329908128
2014,US5184391044,0.0008306844240946218
2014,US5324571083,0.004237442024050924
2014,US5339001068,0.0009113783533695109
2014,US5398301094,0.0023730000673858986
2014,US5486611073,0.004360280995176297
2014,US5502411037,0.005463875796607718
2014,US5526761086,0.0021459700993634884
2014,US5529531015,0.003901233728482845
2014,US5635714059,0.0005716706208848942
2014,US5658491064,0.011477744056943953
2014,US5717481023,0.00010749876054651881
2014,US5719032022,0.0008941936069651685
2014,US5738741041,0.0009571473346131853
2014,US5745991068,1.5358083581219992e-06
2014,US57636Q1040,0.005175099622366084
2014,US5770811025,0.0021871503809413138
2014,US5797802064,9.046343876609342e-06
2014,US5801351017,0.005924808869081231
2014,US58155Q1031,0.00632624648607651
2014,US58933Y1055,0.008383031301384616
2014,US59156R1086,0.001020000683406283
2014,US5926881054,0.0028649403767408463
2014,US5949181045,0.03647544045899089
2014,US5950171042,3.860395930571129e-05
2014,US5951121038,0.003134326833681659
2014,US6005441000,0.0003742293388493772
2014,US60871R2094,0.0003819446535353805
2014,US6092071058,0.0015252460071095836
2014,US6174464486,0.008332719722632718
2014,US61945C1036,0.0004485219398743507
2014,US6200763075,1.6595185261423762e-05
2014,US6311031081,0.0016056698595592518
2014,US6512291062,1.6317545453821822e-07
2014,US6516391066,0.0006461625767670491
2014,US65339F1012,0.0007578904328091282
2014,US6541061031,0.007867709657582142
2014,US65473P1057,0.0032039209705351005
2014,US6556641008,0.004115076187451452
2014,US6558441084,0.003581189208472771
2014,US6658591044,0.001491370986335159
2014,US6668071029,1.219383179235382e-05
2014,US6687711084,0.008146529836854516
2014,US67066G1040,0.003848222523415837
2014,US6708371033,4.084733905320553e-06
2014,US67098H1041,0.00037108373454113687
2014,US6745991058,0.008807713778324741
2014,US6819191064,9.01230996382076e-05
2014,US68389X1054,0.0025406214457311892
2014,US6866881021,0.0013542837145757137
2014,US6882392011,0.0036340553966024117
2014,US69331C1080,0.0017401102375998966
2014,US6934751057,0.0014054900367108192
2014,US6935061076,0.00014424086388989708
2014,US69351T1060,0.0015939007766374593
2014,US6937181088,0.0019578874111591976
2014,US7010941042,0.005262300690838561
2014,US7134481081,0.013234821381413936
2014,US7140461093,0.006054183498309605
2014,US7170811035,0.011007040718467215
2014,US7234841010,4.059004939617668e-05
2014,US7244791007,9.957409779237896e-05
2014,US7310681025,4.393088417075168e-06
2014,US74144T1088,7.60177099918878e-05
2014,US7427181091,0.007166592016832792
2014,US7433151039,0.0005672223923813265
2014,US7443201022,0.0038416289016282236
2014,US7445731067,8.618973303675287e-06
2014,US7475251036,0.011655922070841143
2014,US74834L1008,0.003922250682222379
2014,US75513E1010,0.00150222590451466
2014,US7588491032,1.023766888119811e-05
2014,US7739031091,6.425437405285291e-06
2014,US78409V1044,0.0020654999194018612
2014,US78440X8873,0.0005118511795792382
2014,US78473E1038,0.002584088961050053
2014,US79466L3024,0.0007856824852156653
2014,US8101861065,0.002734871853362299
2014,US81211K1007,0.0002882944198119042
2014,US8168511090,1.1351531174435935e-05
2014,US8243481061,0.0001731094232294069
2014,US8288061091,0.0012820994689861256
2014,US8354951027,4.433452532794262e-06
2014,US8425871071,6.899613146259029e-06
2014,US84265V1052,0.00018543259151484163
2014,US8447411088,0.0010156801579064194
2014,US8545021011,0.0016753674538960838
2014,US8552441094,0.004243449180217855
2014,US8574771031,0.0036745898705693564
2014,US8676524064,6.488657395629234e-05
2014,US8718291078,0.012576539504780328
2014,US87612E1064,0.0012418970681871138
2014,US8825081040,0.0027890661757803323
2014,US8832031012,3.065820812759968e-05
2014,US88337F1057,0.0004302510966767968
2014,US8835561023,0.001963267757467955
2014,US88579Y1010,0.001156770815445711
2014,US89417E1091,0.003737237015501933
2014,US89832Q1094,0.003495724382415643
2014,US9024941034,0.0004156810487105037
2014,US9029733048,0.014640134035387253
2014,US9078181081,0.0017156821242452743
2014,US9111631035,2.2213807882972352e-05
2014,US9113121068,0.00035510492019015814
2014,US9113631090,0.0015936265299531063
2014,US91529Y1064,0.00026279211675549424
2014,US92276F1003,4.042218070303278e-07
2014,US92343V1044,0.008977026138501664
2014,US9291601097,5.333668264387536e-06
2014,US92939U1060,8.466201813565811e-06
2014,US9311421039,0.042305771674950324
2014,US9314271084,0.0024551349158058416
2014,US94106L1098,0.0009829700430838526
2014,US9418481035,9.810394325727903e-06
2014,US9497461015,0.014716589208136994
2014,US95040Q1040,0.005948328258959549
2014,US9621661043,7.081300447622347e-07
2014,US9633201069,0.0011719585625734762
2014,US9694571004,2.5456702277692954e-05
2014,US9839191015,0.0021165849730366898
2014,US98421M1062,0.0015585223257751936
2014,US9884981013,0.002335158827870226
2015,AN8068571086,0.015464661094511212
2015,CA00208D4084,0.00011227332117543168
2015,CA0084741085,0.002353401222119045
2015,CA00900Q1037,7.614222184726002e-05
2015,CA05534B7604,7.185404675482333e-06
2015,CA0636711016,0.0015258023893057237
2015,CA0641491075,6.428817472254041e-05
2015,CA0977518616,0.0006091587528685046
2015,CA1247651088,6.567952288010693e-07
2015,CA12532H1047,8.174384759243305e-05
2015,CA13321L1085,4.134119520817915e-06
2015,CA1360691010,0.005356435714807223
2015,CA1363751027,0.002805764632707584
2015,CA1363851017,0.0011363988293104097
2015,CA13646K1084,0.00029553802003893056
2015,CA1366812024,0.0010165961773746315
2015,CA2849025093,0.0004518453558751392
2015,CA29250N1050,0.002059533588795133
2015,CA2927661025,4.151241062233135e-07
2015,CA3180714048,0.00045138447535557894
2015,CA3359341052,9.770262377185782e-05
2015,CA3759161035,0.0013871417875663129
2015,CA39138C1068,0.00046911536036075646
2015,CA4495861060,0.03877922984744739
2015,CA45823T1066,0.0006847351348024733
2015,CA4969024047,3.9118277959263456e-05
2015,CA5394811015,0.0052801081263594615
2015,CA5592224011,0.00831999060815121
2015,CA56501R1064,0.002682742967821884
2015,CA6744822033,0.0013860338042852901
2015,CA7392391016,0.00035089318611171866
2015,CA7751092007,9.93098050422985e-07
2015,CA7800871021,0.0035210952722222583
2015,CA8029121057,1.5595390036938523e-05
2015,CA85472N1096,0.0006075665438698284
2015,CA8667961053,0.0015093141377084287
2015,CA8672241079,0.0009560934388156661
2015,CA87807B1076,9.21793236007146e-05
2015,CA8787422044,0.00020933779056668355
2015,CA87971M1032,3.921106181350194e-05
2015,CA8911605092,7.840759355877853e-05
2015,CA8959451037,0.0005131940321859447
2015,CA98462Y1007,0.0014088834550410752
2015,GB0022569080,4.4683150341018666e-05
2015,LR0008862868,0.0038128411605064263
2015,PA1436583006,0.001766983689782475
2015,US0010551028,1.4564593674644782e-05
2015,US00206R1023,0.017358489441437797
2015,US0028241000,0.005102601739167567
2015,US0028962076,0.004191783335482135
2015,US00724F1012,0.0038396720526645872
2015,US0082521081,9.572802429245013e-06
2015,US00971T1016,0.00040088395046920653
2015,US0126531013,0.00026287439370181894
2015,US0185811082,0.00038139852095090836
2015,US0188021085,1.1839388593911038e-05
2015,US0200021014,0.00048231266046039215
2015,US02079K3059,0.009091031590930786
2015,US02209S1033,0.021038497236376408
2015,US0236081024,5.887656172388011e-06
2015,US0258161092,0.00670434530294994
2015,US0268747849,0.005012626156267463
2015,US03027X1000,0.0009909576150041407
2015,US03073E1055,1.5693080652266323e-05
2015,US0311621009,0.010233526606292414
2015,US0367521038,0.0015379729390094278
2015,US03743Q1085,4.188991826081687e-05
2015,US0378331005,0.05175786697889733
2015,US0382221051,0.0003171069155921352
2015,US0383361039,1.024806640354178e-05
2015,US0441861046,0.00011249011836378133
2015,US0527691069,0.00014298723462260297
2015,US0530151036,1.035477481216963e-06
2015,US0534841012,0.002079296228651984
2015,US0536111091,9.048801449148245e-05
2015,US0538071038,0.00023658586612388617
2015,US0605051046,0.013465462489564544
2015,US0640581007,0.001733214998214001
2015,US0708301041,0.000485074671069127
2015,US0758871091,0.0032453849787980812
2015,US0865161014,0.0009597131027874185
2015,US09062X1037,0.008309843395448916
2015,US0970231058,0.000732016032026539
2015,US1011211018,0.0022345917386394
2015,US1011371077,0.0016192832233439159
2015,US1101221083,0.007856328080946941
2015,US1124631045,7.600386062746839e-05
2015,US1156372096,3.5668628108462872e-06
2015,US12504L1098,0.0024818783150662937
2015,US1255231003,0.00013452719820357837
2015,US1258961002,3.0174583452505605e-05
2015,US1264081035,0.00042061419603158147
2015,US12653C1080,0.0004986804513545461
2015,US1266501006,0.009340035325062017
2015,US1270551013,0.00014795022978831876
2015,US1307881029,9.648698475127832e-06
2015,US1344291091,0.00039728181053391443
2015,US14040H1059,0.006034670878437548
2015,US14149Y1082,0.00017334212628127658
2015,US1491231015,4.17426703496133e-05
2015,US1667641005,0.01590293182109453
2015,US1720621010,0.008089541514217246
2015,US17275R1023,0.010951551032227058
2015,US1729674242,0.014592556784686826
2015,US1890541097,0.00010474535912034383
2015,US1912161007,0.006332879567291777
2015,US1924461023,0.003083015233177715
2015,US1941621039,0.0008232725352862301
2015,US2003401070,0.00021216762962154308
2015,US2058871029,9.141045321055422e-05
2015,US20825C1045,0.00012787395274742335
2015,US2091151041,0.024127710542979967
2015,US21036P1084,0.0030072106300880197
2015,US22160K1051,0.0004007579886247024
2015,US2310211063,0.0008365987578276317
2015,US2333311072,6.550662760700573e-05
2015,US23355L1061,0.0034044597743569157
2015,US2371941053,7.655037805166825e-05
2015,US2441991054,0.012945069656486556
2015,US2473617023,0.0006434851415882158
2015,US25179M1036,0.003729827263956167
2015,US2533931026,4.479957107779196e-05
2015,US2546871060,0.009454856897873275
2015,US25746U1097,2.9689023457053644e-08
2015,US2600031080,0.0008214823725297785
2015,US26875P1012,0.002873111762650738
2015,US2774321002,0.00039810487046787474
2015,US2786421030,0.0012231921249943238
2015,US2788651006,0.002669204201401168
2015,US2810201077,0.005785751112667056
2015,US28176E1082,1.709895109330298e-06
2015,US2910111044,0.002061265328918461
2015,US29364G1031,0.00011696333180624104
2015,US29444U7000,0.00011937310025263264
2015,US29670G1022,2.5467279506707544e-06
2015,US30040W1080,0.00031925901002609363
2015,US30161N1019,0.0008153302929931878
2015,US3021301094,0.00013097090333613026
2015,US30231G1022,0.02387222389928064
2015,US3024913036,0.0022292250240899046
2015,US31428X1063,0.00033417626415692593
2015,US3156161024,0.0018150635109525557
2015,US3167731005,0.0008828581074234868
2015,US3434121022,0.00023236697518339404
2015,US34354P1057,0.004429665664419397
2015,US3453708600,0.0013765166814427299
2015,US3546131018,0.00013671600209998007
2015,US35671D8570,0.00109785094742185
2015,US3647601083,0.003113977488909386
2015,US3703341046,0.002239227957756253
2015,US37045V1008,3.145030954146711e-05
2015,US3719011096,4.9941361218336695e-06
2015,US37247D1063,0.0005912097992853001
2015,US3755581036,0.007033030156129902
2015,US38141G1040,0.0018451048546160346
2015,US3825501014,4.4786515924843097e-07
2015,US40434L1052,0.006133508993342938
2015,US4062161017,0.001019138911169054
2015,US4128221086,0.00045956150410917935
2015,US4165151048,3.5618071961394204e-05
2015,US4180561072,0.004713109674103736
2015,US42250P1030,8.13243240330378e-05
2015,US4278661081,8.553179360274541e-05
2015,US42809H1077,0.0012951777601304375
2015,US4370761029,0.003456722301086215
2015,US4385161066,0.0005692648759478225
2015,US4404521001,0.004667625486329068
2015,US44107P1049,0.0014623334979597701
2015,US4448591028,0.008917263471106758
2015,US4461501045,0.00012441521510318842
2015,US45073V1089,2.3072402940649854e-07
2015,US4523081093,0.003534211127924802
2015,US4581401001,0.010300307772534264
2015,US4592001014,0.0028290561366745687
2015,US4595061015,0.0025166909459117094
2015,US4601461035,0.0001714798370888543
2015,US46284V1017,0.00013263688732735566
2015,US46625H1005,0.013639035583589098
2015,US46982L1089,0.0005752032009961047
2015,US4781601046,0.011883253919405019
2015,US48020Q1076,1.3085349768523351e-05
2015,US48203R1041,0.0009363935298289286
2015,US48242W1062,0.00011404144050685658
2015,US4824801009,0.009088332805005917
2015,US4878361082,0.0015057935443451855
2015,US4891701009,0.0002883389297261297
2015,US4943681035,0.0018548717095693654
2015,US49446R1095,0.0009838308447200422
2015,US5002551043,0.001011807996243256
2015,US5010441013,0.005653136436072747
2015,US5178341070,0.0027509121006307007
2015,US5184391044,0.000275582383893583
2015,US5324571083,0.004751300721897651
2015,US5339001068,0.0011881044955596972
2015,US5341871094,0.0030448244171826576
2015,US5398301094,0.005728030132383007
2015,US5486611073,0.006246190664848085
2015,US5502411037,0.0010340565553112002
2015,US5526761086,0.004656746990639415
2015,US5529531015,1.648588374729931e-05
2015,US5543821012,0.0011118818133182026
2015,US5658491064,0.007099073571279645
2015,US5717481023,2.6035510324790856e-05
2015,US5719032022,0.002281643005122909
2015,US5738741041,0.0013037139846585446
2015,US5745991068,9.15400958834947e-05
2015,US57636Q1040,0.005008279299086608
2015,US5770811025,0.0011699833491351985
2015,US5797802064,0.0002934293819647639
2015,US5801351017,0.005425872605791958
2015,US58155Q1031,0.012575169623633576
2015,US58933Y1055,0.0102804164564123
2015,US59156R1086,0.002217062977440812
2015,US5949181045,0.02766166356526104
2015,US5950171042,3.8184593573748705e-05
2015,US5951121038,0.002392683440326962
2015,US6005441000,0.00016151280842514027
2015,US6081901042,7.679991959216847e-05
2015,US60871R2094,0.00176959661459278
2015,US6092071058,0.0025890167704553063
2015,US6174464486,0.006293759588979673
2015,US61945C1036,0.0003938633146902325
2015,US6200763075,3.235355683843501e-05
2015,US6267171022,0.0007972835713939328
2015,US6293775085,3.56888630144093e-05
2015,US6311031081,0.003168291550085661
2015,US64110D1046,0.00018353683468149692
2015,US6516391066,0.00010716723373652724
2015,US65339F1012,6.068238195096913e-07
2015,US6541061031,0.018890416009468718
2015,US65473P1057,0.00019162325265541794
2015,US6556641008,0.0031733064573226887
2015,US6558441084,0.0009609472187914586
2015,US6658591044,0.0007756631265971261
2015,US6668071029,5.773007916919633e-06
2015,US6687711084,0.003178986173356864
2015,US67066G1040,0.0032111199270371733
2015,US67098H1041,5.586645156569591e-05
2015,US6745991058,0.0008536401279843279
2015,US68389X1054,0.0068255408327835745
2015,US6866881021,0.006170684981922433
2015,US6882392011,0.0009913454669536693
2015,US69331C1080,0.0010356355817649056
2015,US6934751057,0.0006044305781761132
2015,US6935061076,0.0003171246546680194
2015,US6936561009,0.0006079592427879326
2015,US7010941042,0.00040155011507289157
2015,US7134481081,0.01091119954965864
2015,US7140461093,0.007597357483263065
2015,US7170811035,0.012944829447445823
2015,US7310681025,0.0005790359767734485
2015,US74144T1088,2.916913024560728e-05
2015,US74251V1026,0.0017045218900844708
2015,US7427181091,0.009374858778050285
2015,US7433151039,7.829779816641256e-05
2015,US74340W1036,0.00039814347512546246
2015,US7443201022,5.2197653071698325e-05
2015,US7445731067,1.3424171104888598e-05
2015,US7475251036,0.005760838810317081
2015,US74834L1008,0.004713232854826924
2015,US75513E1010,0.0011848048962642633
2015,US7588491032,8.553322302000815e-05
2015,US7607591002,8.226960158273043e-06
2015,US7739031091,0.0002031777596927159
2015,US7835491082,1.0988782712839658e-05
2015,US78409V1044,0.0035624633717324912
2015,US78440X8873,0.003895370086924508
2015,US79466L3024,0.0005810333496338636
2015,US8101861065,0.00014793413876614496
2015,US81211K1007,0.0015607976256056648
2015,US8168511090,2.5623467881300247e-05
2015,US8243481061,0.0027175789072976385
2015,US8288061091,0.0025673435341102
2015,US8326964058,3.693032440409311e-07
2015,US8425871071,9.548942734503769e-06
2015,US84265V1052,8.243976666027964e-05
2015,US8447411088,1.1348400331934807e-06
2015,US8545021011,0.003626476283468603
2015,US8552441094,0.002912210208163722
2015,US8676524064,1.9741291086217002e-05
2015,US8718291078,0.004186361761279502
2015,US8725401090,5.3439675276264525e-06
2015,US87612E1064,9.554863562377421e-05
2015,US8825081040,7.709793628406243e-05
2015,US8832031012,7.141714914211128e-05
2015,US88337F1057,0.0003616736588109624
2015,US8835561023,0.002208595146431026
2015,US88579Y1010,0.01422474964941259
2015,US89417E1091,0.0029407363125645673
2015,US89832Q1094,0.003048394984485517
2015,US9024941034,0.0025406646667896437
2015,US9029733048,0.01465204845650041
2015,US9078181081,0.011101059048327415
2015,US9111631035,2.625547302357305e-06
2015,US9113121068,0.00044410622693179426
2015,US9113631090,0.00018655350316189897
2015,US91324P1021,0.0011567202315362962
2015,US91529Y1064,0.0005429961462287425
2015,US92276F1003,0.0002890258074343885
2015,US92343V1044,0.009257279529983415
2015,US92556V1061,0.0005382952718155818
2015,US9291601097,0.0012277843643858188
2015,US92939U1060,2.168967619544342e-05
2015,US9311421039,0.04306992677719183
2015,US9314271084,0.004989043627586003
2015,US94106L1098,0.006322031109424824
2015,US9418481035,3.1851643537089276e-05
2015,US9497461015,0.011350393084477137
2015,US95040Q1040,0.007602060309686513
2015,US95082P1057,0.00043296486742879837
2015,US9581021055,0.0021631068111162125
2015,US9621661043,8.393965580313469e-07
2015,US9633201069,0.0024805618704977616
2015,US9694571004,0.0028258885490826417
2015,US9839191015,1.3815677136779139e-05
2015,US98421M1062,0.0010834988595519468
2015,US9884981013,1.741252924952812e-05
2015,US98956P1021,0.0010063551694210354
2016,AN8068571086,0.009183273323756659
2016,CA00208D4084,0.00025057435027902154
2016,CA0084741085,0.000604155265936397
2016,CA00900Q1037,0.0009049498733114091
2016,CA01626P1484,0.005085433459470188
2016,CA05534B7604,0.0029270869873976087
2016,CA0636711016,7.369820883124955e-05
2016,CA0641491075,0.00025025484905707025
2016,CA0977518616,0.0007400254482304106
2016,CA1360691010,0.002119621301756101
2016,CA1363751027,0.00027471132594808815
2016,CA1363851017,0.002953717745372393
2016,CA13646K1084,0.0036988130895526457
2016,CA1366812024,0.0009145988677948599
2016,CA2849025093,0.0010980838073204491
2016,CA29250N1050,0.00015368488277250195
2016,CA3359341052,0.00012327558935259226
2016,CA3495531079,0.0008839559222871882
2016,CA3759161035,0.001053138989923701
2016,CA39138C1068,0.0001045670795495053
2016,CA4495861060,0.035695315913262436
2016,CA4530384086,8.041617628312396e-05
2016,CA4969024047,9.982317463974624e-06
2016,CA5394811015,0.0015017925343160014
2016,CA5592224011,0.0042634840127464164
2016,CA56501R1064,0.0020661344450599987
2016,CA59151K1084,1.141771424597032e-06
2016,CA7392391016,0.00011066809777445222
2016,CA7751092007,2.709541328697121e-06
2016,CA7800871021,0.00010039460583087184
2016,CA8029121057,0.00024117294146338476
2016,CA8239011031,6.541145091489542e-06
2016,CA85472N1096,0.004869493827944149
2016,CA8667961053,0.0019332935624058873
2016,CA8672241079,0.001903737582740028
2016,CA87807B1076,7.541932969243999e-05
2016,CA8849038085,5.379498640483721e-05
2016,CA8911605092,5.466777234653469e-05
2016,CA98462Y1007,0.002801220222946072
2016,GB0022569080,0.0024952449408279305
2016,IE00BWT6H894,1.7911938792732387e-06
2016,LR0008862868,0.004193592932662453
2016,US0010551028,0.0011803471179105281
2016,US00206R1023,0.015399159931024684
2016,US0028241000,0.007503856002123034
2016,US0028962076,0.001708480662635431
2016,US00724F1012,0.0029101736500115783
2016,US0079031078,0.0004490858469945248
2016,US00971T1016,4.4372539680715605e-06
2016,US0185811082,0.004190631931370357
2016,US0188021085,9.52246732734372e-06
2016,US0200021014,0.0008346826389676129
2016,US02079K3059,0.013772987872312079
2016,US02209S1033,0.031434536455774285
2016,US0236081024,5.030150355396947e-05
2016,US0255371017,1.1098461626743957e-06
2016,US0258161092,0.009057223274262066
2016,US0268747849,0.004646676718054964
2016,US03027X1000,0.0012324942391829653
2016,US0311621009,0.00923718325386869
2016,US0367521038,0.00128730397721958
2016,US03743Q1085,5.548371758214831e-05
2016,US0378331005,0.039968022972893445
2016,US0382221051,0.0001550649650366947
2016,US0383361039,8.849451620662345e-05
2016,US0394831020,0.00022572522423739953
2016,US0441861046,2.6172920325064726e-05
2016,US0530151036,0.003208882215182269
2016,US0534841012,0.0007513970289771904
2016,US0536111091,6.845341467358172e-05
2016,US0538071038,0.000654804033901504
2016,US0584981064,4.9086169050334634e-05
2016,US0605051046,0.009565091056148448
2016,US0640581007,0.0012858705323819345
2016,US0708301041,0.004323632656925954
2016,US0718131099,0.0002891973879316812
2016,US0758871091,0.00037771521379731827
2016,US0844231029,0.0002680177937572545
2016,US0865161014,4.1041618049777896e-05
2016,US09062X1037,0.003447291317771908
2016,US0970231058,0.00028893827142245393
2016,US0997241064,4.014518849919011e-05
2016,US1011211018,0.0007918881766416088
2016,US1011371077,8.591404624933705e-05
2016,US1101221083,0.0059190495533538645
2016,US1124631045,2.5921356718521893e-05
2016,US1156372096,6.396823706849593e-07
2016,US12504L1098,0.00010579611142976826
2016,US1255231003,0.0009567699834179772
2016,US1258961002,0.00010329273507096189
2016,US1264081035,0.00042314472841198755
2016,US12653C1080,0.00010528078276503113
2016,US1266501006,0.018050729555752057
2016,US1307881029,2.1460540531522344e-06
2016,US1344291091,0.003320959226758176
2016,US14040H1059,0.0009605457477435909
2016,US14149Y1082,0.001229786111620984
2016,US1491231015,0.00027258408531950995
2016,US1667641005,0.003751462227238332
2016,US1720621010,0.0016370857084849271
2016,US17275R1023,0.008084038521891952
2016,US1729674242,0.021352816825734148
2016,US1890541097,0.004050126296007335
2016,US1912161007,0.013269425612088164
2016,US1924461023,0.003306844273979275
2016,US1941621039,0.0003450111649973078
2016,US2003401070,0.0001177751571247153
2016,US2058871029,0.0009313132006964268
2016,US20825C1045,0.003238191906923752
2016,US2091151041,0.008105320511027254
2016,US21036P1084,0.0028513424605428957
2016,US22160K1051,0.0003617940160409475
2016,US2283681060,0.0006923317478533124
2016,US2310211063,0.00012504257093582782
2016,US2333311072,0.000593217779332311
2016,US23355L1061,0.003099793015678421
2016,US2371941053,7.207244220298136e-05
2016,US2441991054,0.011533142665829551
2016,US2473617023,0.0007334679956942768
2016,US25179M1036,0.0025835147650040014
2016,US2533931026,0.0008197062003142933
2016,US2546871060,0.01540479402449547
2016,US25746U1097,0.0001526174214822508
2016,US2576511099,1.6097193536385294e-05
2016,US2600031080,0.002104873936929699
2016,US26875P1012,0.0007559612364861856
2016,US2774321002,0.0009866048697841064
2016,US2774614067,0.00022329950059278447
2016,US2788651006,0.004264611432797823
2016,US2810201077,0.005165426903807869
2016,US28176E1082,0.004665320830050504
2016,US2910111044,0.006608443179775271
2016,US29444U7000,1.9377086921299227e-05
2016,US29670G1022,0.008903895483501935
2016,US2971781057,0.01062063795803427
2016,US30161N1019,5.1139954777464555e-08
2016,US3021301094,1.034884740147607e-06
2016,US30231G1022,0.022318486538084242
2016,US31428X1063,1.2059124968395077e-06
2016,US3167731005,0.0024905569058357576
2016,US3434121022,3.0388205161626285e-05
2016,US34354P1057,9.03136768738503e-06
2016,US3453708600,0.0018876894941585044
2016,US3546131018,1.7401136743693776e-05
2016,US3647601083,0.001122337130428206
2016,US3703341046,0.007032142487919655
2016,US37045V1008,2.3649274688666842e-06
2016,US37247D1063,0.0005650026068128033
2016,US3755581036,0.00742245493645598
2016,US38141G1040,0.002600834042156165
2016,US3825501014,0.0010272587062064872
2016,US40434L1052,0.0004927114622884922
2016,US4062161017,0.0007188177949567664
2016,US4128221086,0.00025154179306630846
2016,US4165151048,0.0006151328537436551
2016,US4180561072,0.0034180106256464456
2016,US42250P1030,0.0020250757726276232
2016,US4278661081,2.6362551026822667e-05
2016,US42809H1077,0.0020715750910701427
2016,US4370761029,0.0009111983079169208
2016,US4385161066,1.6612601442586723e-05
2016,US4404521001,0.0022904748912534446
2016,US44107P1049,0.0020532810497610665
2016,US4448591028,0.004623817031799995
2016,US4456581077,7.867133639452993e-05
2016,US4461501045,6.396978161672277e-06
2016,US4470111075,2.49571755393037e-06
2016,US45073V1089,0.001762239188193426
2016,US4523081093,0.0006125240256216565
2016,US4581401001,0.007602576149114682
2016,US4592001014,0.003947753800346057
2016,US4595061015,0.00016335955731104336
2016,US4601461035,9.041387910629785e-07
2016,US4606901001,0.00034140834936941883
2016,US4612021034,0.0006309816308681715
2016,US46284V1017,9.005031516959195e-07
2016,US46625H1005,0.01196701497723696
2016,US46982L1089,0.001084375075176866
2016,US4781601046,0.013846050005577147
2016,US48020Q1076,9.974501737938458e-05
2016,US48203R1041,0.007189237410852888
2016,US4824801009,0.004053763675189063
2016,US4878361082,4.1266360882841013e-05
2016,US4932671088,0.00010927139681103294
2016,US4943681035,0.0011495209964787047
2016,US49446R1095,0.0022518464510409026
2016,US5002551043,0.0010454721495512778
2016,US5010441013,0.010665145314886722
2016,US5178341070,0.0013988428856420412
2016,US5184391044,0.0011445879523336604
2016,US5218652049,0.0010756201728707668
2016,US5324571083,0.009470725221428994
2016,US5339001068,9.683106993541914e-06
2016,US5341871094,0.0032545240534380166
2016,US5398301094,0.009370565425738227
2016,US5486611073,0.00412117366578471
2016,US5526761086,0.003714574042896297
2016,US5543821012,5.473946175700533e-05
2016,US56418H1005,0.0013414813314274385
2016,US5717481023,0.00012276323515543862
2016,US5719032022,0.0009153539632303761
2016,US5738741041,5.371185098396269e-06
2016,US5745991068,1.3515068462191494e-05
2016,US57636Q1040,0.01043225493631893
2016,US5770811025,0.001142032956749451
2016,US5797802064,0.0009016850007285185
2016,US5801351017,0.014841854719183091
2016,US58155Q1031,0.007978321135702683
2016,US58933Y1055,0.005049595232455028
2016,US59156R1086,0.0025672648433812495
2016,US5949181045,0.042009359035979216
2016,US5950171042,0.0011009592923629532
2016,US5951121038,0.002655329825642529
2016,US6005441000,1.1168282153571546e-07
2016,US60871R2094,0.0031318406293356854
2016,US6092071058,0.005119656949481289
2016,US6153691059,0.0012798803130785888
2016,US6174464486,0.004782761928398392
2016,US61945C1036,6.568030543771484e-06
2016,US6200763075,0.00026493780121539327
2016,US6267171022,1.7622832776617253e-05
2016,US6512291062,2.3877049862396926e-06
2016,US6516391066,0.00023105307581930336
2016,US65249B1098,0.0045394626906210865
2016,US6541061031,0.012151575808382796
2016,US65473P1057,0.0029163193992987986
2016,US6556641008,0.0033811115218188026
2016,US6558441084,3.198720514708642e-05
2016,US6658591044,0.0006577394439435246
2016,US6668071029,6.431813803807159e-05
2016,US6687711084,0.003209193210279765
2016,US67066G1040,0.0050164226098356884
2016,US6708371033,2.822202807904443e-05
2016,US67098H1041,0.00032080227433193843
2016,US6819191064,5.676317575105403e-06
2016,US68389X1054,0.0028864840899163477
2016,US6866881021,0.0032103564654729815
2016,US6882392011,0.005063058704095646
2016,US69331C1080,0.004354270653736274
2016,US6934751057,2.2113833627229902e-05
2016,US6935061076,5.456294762250817e-07
2016,US69351T1060,0.0001984869006023739
2016,US6936561009,3.601717523668965e-05
2016,US6937181088,3.67242943020223e-06
2016,US6951561090,1.0551599223670515e-05
2016,US7010941042,7.611822994163938e-09
2016,US7134481081,0.019231215604351416
2016,US7140461093,0.005609914065848182
2016,US7170811035,0.0029881848908933895
2016,US7234841010,0.0007894109752276879
2016,US7244791007,6.102311153481421e-05
2016,US7310681025,0.003162829650510537
2016,US74144T1088,0.000304701931199632
2016,US7427181091,0.00745277261190214
2016,US7433151039,1.6766150837903526e-06
2016,US74340W1036,0.00025505649059527754
2016,US7443201022,0.0023946191096626
2016,US7445731067,0.00042366549275084093
2016,US7475251036,0.008031736317053033
2016,US74834L1008,0.011856323597111083
2016,US75513E1010,0.0018142173645611173
2016,US75886F1075,0.0026193036485614215
2016,US7607591002,5.6083676389713436e-05
2016,US7739031091,6.394725215596873e-06
2016,US7835491082,0.00020728563070884505
2016,US78409V1044,1.3727598432563233e-05
2016,US78440X8873,0.00020045494800452124
2016,US78473E1038,8.26690325987627e-05
2016,US79466L3024,0.0014527098443829459
2016,US8101861065,0.0005068683843868845
2016,US81211K1007,0.0011182282297135429
2016,US8168511090,0.0009887278522268724
2016,US8243481061,0.00825847075413415
2016,US8288061091,0.0032545426681007054
2016,US8326964058,0.0019997143203047347
2016,US8425871071,0.0002269708515356467
2016,US84265V1052,0.0006873445440702759
2016,US8447411088,2.9519264604701322e-05
2016,US8545021011,0.0029099557758429572
2016,US8552441094,0.00259220025952231
2016,US8574771031,0.0012214097229409572
2016,US8676524064,0.00043797603099199556
2016,US8718291078,3.229013625084446e-06
2016,US8725401090,0.0016157768876585645
2016,US8760301072,0.003602898723460317
2016,US87612E1064,0.0006979900749405721
2016,US8807701029,6.194503421627585e-05
2016,US8825081040,0.0009241116432412877
2016,US8832031012,4.697719403258984e-05
2016,US88337F1057,0.00012786833854444668
2016,US8835561023,0.0028897112239116003
2016,US88579Y1010,0.006540512332466825
2016,US89417E1091,0.0016476389871188611
2016,US89832Q1094,0.004865753497111778
2016,US9024941034,0.0006098389362551105
2016,US9029733048,0.01235220612592798
2016,US9078181081,0.001256819874827477
2016,US9111631035,9.112030822352421e-05
2016,US9113121068,0.0020291985061531652
2016,US9113631090,0.0002752912792593884
2016,US91324P1021,0.007060784437960604
2016,US91529Y1064,1.563879716159241e-05
2016,US92276F1003,0.0006870893666226262
2016,US92343V1044,0.01352076534636549
2016,US9255501051,0.0027621292032062594
2016,US92556V1061,0.0014082994830946184
2016,US9290421091,7.08467074743384e-05
2016,US92939U1060,0.000463264097439029
2016,US9311421039,0.03567414815097517
2016,US9314271084,0.001969790274194147
2016,US94106L1098,0.005196282221449797
2016,US9427491025,0.003810878026934792
2016,US9497461015,0.008314037225540782
2016,US95040Q1040,0.005108210045021315
2016,US9581021055,0.004209655725932581
2016,US9604131022,2.593567319163922e-05
2016,US9633201069,0.0001406620281872272
2016,US9694571004,0.0023641007345931195
2016,US98389B1008,2.67120507415851e-06
2016,US9839191015,0.0001369337894717001
2016,US98421M1062,9.945206378230117e-05
2016,US9884981013,1.0206704612610873e-05
2016,US98956P1021,0.0018786590849540327
2017,AN8068571086,0.010939903903124033
2017,CA0084741085,0.0005508106821615953
2017,CA00900Q1037,0.0023974926377710918
2017,CA01626P1484,0.00328214580224701
2017,CA05534B7604,0.0019394463140268163
2017,CA0636711016,0.0010415377321047197
2017,CA0641491075,0.0020071194299573097
2017,CA0977518616,0.0003716219942380927
2017,CA12532H1047,5.79772450900807e-07
2017,CA13321L1085,0.0002917196510462121
2017,CA1360691010,0.003932741899841359
2017,CA1363751027,0.0015087730721799633
2017,CA1363851017,0.002416541611964149
2017,CA13646K1084,0.002531744149181391
2017,CA1366812024,0.0011979460776653293
2017,CA2849025093,0.001980086102882153
2017,CA29250N1050,0.0010713185517451998
2017,CA2927661025,6.684098381381654e-06
2017,CA3180714048,0.0005719850775337212
2017,CA3359341052,0.0009628470475031096
2017,CA3495531079,0.0003432395197679602
2017,CA3518581051,4.57225431314994e-05
2017,CA3759161035,0.00162033180906724
2017,CA39138C1068,0.0008043451031575932
2017,CA4495861060,0.03313602091834747
2017,CA4530384086,0.002491128009354414
2017,CA45823T1066,4.410822747481721e-05
2017,CA4969024047,0.0001371813401319014
2017,CA5394811015,0.0005673641539678548
2017,CA5592224011,0.004720251312990512
2017,CA56501R1064,0.0011746011796315433
2017,CA59151K1084,7.516632790130659e-07
2017,CA6744822033,0.0003129690785742009
2017,CA7392391016,0.0002565294480908599
2017,CA7800871021,0.0012506066460331081
2017,CA8029121057,0.0013570653787549638
2017,CA8239011031,2.8253661503386724e-05
2017,CA85472N1096,0.004663738599085101
2017,CA8667961053,0.0019691956166195796
2017,CA8672241079,0.0038356763946574544
2017,CA8787422044,0.00043762414897796024
2017,CA87971M1032,7.132182461939865e-05
2017,CA8911605092,0.002482501072424417
2017,CA98462Y1007,0.0020170198404892013
2017,GB0022569080,0.002482052074052048
2017,LR0008862868,0.0024237046484600513
2017,PA1436583006,7.57170366737829e-05
2017,US0010841023,3.710027151766723e-05
2017,US00206R1023,0.014915382722275829
2017,US0028241000,0.008765827308276254
2017,US0028962076,0.0018903759337214165
2017,US00724F1012,0.0014871438720778746
2017,US0079031078,0.0012345612307195434
2017,US0082521081,4.235529022670447e-05
2017,US00846U1016,0.0002133253647572296
2017,US00971T1016,0.0004845058112984958
2017,US0126531013,0.001022634326477395
2017,US0185811082,0.0028887279916461036
2017,US0188021085,3.778734519949709e-05
2017,US0200021014,0.0008221955253452811
2017,US02079K3059,0.01347960202184075
2017,US02209S1033,0.031013211499100066
2017,US0236081024,0.0002061577317451875
2017,US0258161092,0.008975152994626687
2017,US0268747849,0.0035166732192483466
2017,US03027X1000,2.2900012223077725e-06
2017,US0311621009,0.010122392856914306
2017,US0320951017,0.0009093343177413325
2017,US0326541051,0.0025059229537351285
2017,US0367521038,0.00043631465952075223
2017,US03743Q1085,0.00048305866386863457
2017,US0378331005,0.04165907712190594
2017,US0382221051,0.0006714713330080909
2017,US0383361039,6.91817653646337e-05
2017,US0394831020,0.000677618861628659
2017,US0441861046,0.0005530978342725397
2017,US0527691069,0.002846675118007819
2017,US0530151036,0.0022635468200879077
2017,US0536111091,0.0004288318596826461
2017,US0538071038,0.0020174469134376888
2017,US0584981064,2.274014196620574e-06
2017,US0605051046,0.012900768188656207
2017,US0640581007,0.0014188266189650938
2017,US0708301041,5.508888889146845e-07
2017,US0758871091,0.0008074431701424139
2017,US0844231029,0.0008445604648171847
2017,US0865161014,0.0006132992348809727
2017,US09062X1037,0.004494723918437241
2017,US0970231058,1.6226749556447175e-06
2017,US09857L1089,0.00226301450469853
2017,US0997241064,2.4225228735498425e-06
2017,US1011211018,0.0014803526078694695
2017,US1011371077,0.0005461330888627489
2017,US1101221083,0.005886264556489642
2017,US1124631045,0.0001473085440361353
2017,US1156372096,0.001503457054355031
2017,US1252691001,0.000380667658034687
2017,US1255231003,0.001737381628115698
2017,US1258961002,4.178148043076051e-05
2017,US1264081035,0.0004535455052422773
2017,US1266501006,0.016616643486268873
2017,US1270551013,3.156109256746142e-05
2017,US1307881029,9.668162649118393e-05
2017,US1344291091,0.0003572356557034685
2017,US14040H1059,0.003438442066129282
2017,US14149Y1082,0.001079103535195434
2017,US1491231015,0.00013111757184182884
2017,US1667641005,0.004768291041520043
2017,US1720621010,0.001942399633076867
2017,US17275R1023,0.008503213283110756
2017,US1729674242,0.02280498850502445
2017,US1858991011,1.6038930837733601e-06
2017,US1890541097,0.003218252651580359
2017,US1912161007,0.011508679564457273
2017,US1924461023,0.0036935968661857923
2017,US1941621039,0.0011869140566625929
2017,US2003401070,1.4911967209770213e-05
2017,US2058871029,0.0006015899814635487
2017,US20825C1045,0.00358902396634071
2017,US2091151041,0.006405207650639911
2017,US21036P1084,0.0021934928809349556
2017,US22160K1051,8.075833703090838e-05
2017,US2310211063,0.001005532375867942
2017,US2333311072,8.404871715494994e-06
2017,US23355L1061,0.0022906977976156918
2017,US2441991054,0.010835602589573423
2017,US2473617023,0.0013228103312959171
2017,US25179M1036,0.002655715275911525
2017,US2533931026,9.681445023041168e-05
2017,US2546871060,0.013145239504718069
2017,US25746U1097,3.010416358857671e-05
2017,US2576511099,2.64054463032082e-05
2017,US25960P1093,0.0006835665177579976
2017,US2600031080,0.0027225207809131063
2017,US26875P1012,0.002362609652518874
2017,US2774321002,0.0010808507286760637
2017,US2774614067,0.002189714412545106
2017,US2786421030,0.0017569016116986246
2017,US2788651006,0.0016306967799116152
2017,US2810201077,0.004096804510821547
2017,US28176E1082,0.002891424237452193
2017,US2910111044,0.006122141221475747
2017,US29364G1031,3.794792211341466e-05
2017,US29444U7000,8.943034541644256e-05
2017,US29476L1070,5.19976771969243e-05
2017,US29670G1022,0.005718120599841928
2017,US2971781057,0.009784088431822316
2017,US30040W1080,1.0584946233003389e-05
2017,US30231G1022,0.0217892512988432
2017,US31428X1063,1.781405793579033e-05
2017,US3156161024,0.00046487553958993763
2017,US3167731005,0.0032850657761956635
2017,US3434121022,6.9562141326377154e-06
2017,US34354P1057,9.135889743790424e-05
2017,US3453708600,0.003401501941168873
2017,US3546131018,3.133031056524435e-06
2017,US35671D8570,1.7621766140028104e-05
2017,US3647601083,0.0023553373356668275
2017,US3703341046,0.005141337026031637
2017,US37045V1008,0.0010940890505462151
2017,US3719011096,0.001340523798359004
2017,US37247D1063,0.0008329859846024446
2017,US3755581036,0.005999249200824667
2017,US38141G1040,0.003539334447398366
2017,US3825501014,0.0003899076827609847
2017,US3848021040,0.0014335892119371448
2017,US3976241071,9.254962645104406e-05
2017,US40434L1052,0.0009374969022714791
2017,US4062161017,0.004208374389879237
2017,US4103451021,0.00035465555451513005
2017,US4128221086,0.00020300888704777905
2017,US4165151048,0.00043305937940791233
2017,US4180561072,0.003677442015638806
2017,US42250P1030,0.00017854879572194742
2017,US4278661081,0.0008758825309702122
2017,US42809H1077,0.0011303786718368924
2017,US4370761029,9.158261964804089e-05
2017,US44107P1049,0.001780629636554257
2017,US4448591028,0.004911881970999851
2017,US4456581077,0.0018138880816331133
2017,US4461501045,0.0007769472383105375
2017,US45073V1089,0.00011552118219554166
2017,US4523081093,0.0007444562733365076
2017,US4581401001,0.0069198580292435434
2017,US4592001014,0.003630367331947899
2017,US4595061015,0.001370841352277265
2017,US4601461035,7.952422371301123e-06
2017,US4606901001,0.00019426478146559236
2017,US4612021034,0.00010806517784110477
2017,US46284V1017,0.0011688637068741194
2017,US4657411066,0.0001062904381707512
2017,US46625H1005,0.013406283288396478
2017,US46982L1089,1.133617082091681e-05
2017,US4781601046,0.012577752489709014
2017,US48203R1041,0.005089234233189602
2017,US48242W1062,0.0004452358183240344
2017,US4824801009,0.00548626943178824
2017,US4878361082,2.0753232959255319e-07
2017,US4932671088,6.0071658106470484e-05
2017,US4943681035,8.893176880110713e-05
2017,US49446R1095,0.0036059229398960665
2017,US5002551043,0.0016940155008143723
2017,US5010441013,0.0062795572369571595
2017,US5178341070,0.0005403625373871359
2017,US5184391044,0.0009979152778274035
2017,US5218652049,0.003156770909486234
2017,US5261071071,0.0010525740027227722
2017,US5324571083,0.01020255128163507
2017,US5339001068,0.00014441736658071534
2017,US5341871094,0.0038230790216513123
2017,US5398301094,0.009870699445373478
2017,US5486611073,0.002955213129208944
2017,US5502411037,1.6071234885517195e-06
2017,US55261F1049,0.0009686939904350999
2017,US5526761086,0.0029600905053947047
2017,US5529531015,1.2150925948652906e-06
2017,US55616P1049,0.0011744197240521237
2017,US5635714059,0.0012126271744994739
2017,US5658491064,0.0007698164924357758
2017,US5717481023,0.0004248095484950889
2017,US5719032022,0.0004522854342298826
2017,US5738741041,7.011949823129166e-06
2017,US5745991068,0.00012690759826807497
2017,US57636Q1040,0.010993449007573458
2017,US5770811025,5.883352150809427e-05
2017,US5797802064,0.0015079296027638027
2017,US5801351017,0.011805444672869387
2017,US58155Q1031,0.005247776084549038
2017,US58933Y1055,0.005648540458964132
2017,US59156R1086,0.0027074292423477147
2017,US5926881054,0.0010872240654388084
2017,US5949181045,0.04153398811085148
2017,US5950171042,0.0023236256572940154
2017,US5951121038,0.004403294126879441
2017,US6081901042,4.1584091793038116e-05
2017,US60871R2094,0.0029118252018547927
2017,US6092071058,0.003287056979011466
2017,US6153691059,4.136330651724632e-05
2017,US6174464486,0.005992476103775668
2017,US61945C1036,0.0004029105676782553
2017,US6200763075,4.434460301377282e-05
2017,US6267171022,0.0009550848570715246
2017,US64110D1046,8.309036880807205e-06
2017,US6512291062,0.0011757433404736154
2017,US6516391066,0.0010401361437699017
2017,US65249B1098,0.0006986618415235845
2017,US6541061031,0.009908995031578636
2017,US65473P1057,0.00017828007446264623
2017,US6556641008,0.0031669546299192986
2017,US6558441084,0.000539794127318376
2017,US6668071029,0.0018920729383180412
2017,US6687711084,0.004815108919900129
2017,US67066G1040,0.007605941280825492
2017,US6708371033,4.1990304863959106e-05
2017,US6745991058,7.790871783743598e-06
2017,US6819191064,2.656598176239198e-07
2017,US6821891057,0.0014753545653916607
2017,US68389X1054,0.0017422619832573696
2017,US6866881021,0.0033160065088186615
2017,US6882392011,0.005049257190603346
2017,US69331C1080,0.004827418155256917
2017,US6934751057,0.0006534723270300816
2017,US6935061076,6.707896114544464e-05
2017,US6936561009,0.0006626253912943391
2017,US6937181088,1.4090294081187173e-06
2017,US6951561090,0.0011270076082135249
2017,US7010941042,0.00038262330599231445
2017,US7134481081,0.018051082781661808
2017,US7140461093,0.00523016000551382
2017,US7170811035,0.0029388490198710205
2017,US7234841010,2.6379026522751036e-05
2017,US7310681025,0.002271744366734947
2017,US74144T1088,3.316306164781581e-05
2017,US7427181091,0.007526769998425713
2017,US7433151039,0.0006679190396273066
2017,US7443201022,0.0007084818830216384
2017,US7445731067,0.0003197880590325264
2017,US7475251036,0.0064427251446713
2017,US74834L1008,0.009653054258500505
2017,US75513E1010,1.0416577926859748e-05
2017,US75886F1075,0.0016791474827664646
2017,US7607591002,2.313975379872177e-06
2017,US7739031091,0.00019414732212580594
2017,US7835491082,0.0009142462388513883
2017,US78410G1040,0.0006149537798880377
2017,US78440X8873,0.0005084668946443841
2017,US78473E1038,0.0006213097513761579
2017,US79466L3024,0.0025878661837365766
2017,US8101861065,0.0015228984548767224
2017,US81211K1007,0.0011157099311606897
2017,US8168511090,0.00010531850486130695
2017,US8243481061,0.007138503403477623
2017,US8288061091,0.005642242815590697
2017,US8326964058,0.000631805682890027
2017,US8354951027,9.757060349161649e-05
2017,US8425871071,0.00025564501104909733
2017,US84265V1052,0.0009451852668717383
2017,US8545021011,0.00314695923110542
2017,US8552441094,0.0013723059638326314
2017,US8574771031,0.00022687291228349243
2017,US8676524064,0.00013867818988537995
2017,US8725401090,0.0015990172259091595
2017,US8760301072,0.001484975616160796
2017,US87612E1064,0.0006686018878179376
2017,US8807701029,3.7823406403398273e-06
2017,US8807791038,2.618254995647034e-05
2017,US8825081040,0.0026841255591275198
2017,US8835561023,0.002585958059309436
2017,US88579Y1010,0.00563659385182474
2017,US89417E1091,0.0016110906498238314
2017,US89832Q1094,0.00548197856126375
2017,US9024941034,0.0002076575585891558
2017,US9029733048,0.01184582368746472
2017,US9078181081,0.00130010852114858
2017,US9111631035,0.000515792056264389
2017,US9113121068,0.0015812282856443628
2017,US9113631090,0.00015103636430554608
2017,US9129091081,0.00017657430774772336
2017,US91324P1021,0.006615659697043532
2017,US91913Y1001,5.244802616190551e-05
2017,US92276F1003,1.1720203058590473e-05
2017,US92343V1044,0.013294818687429459
2017,US92532F1003,0.00017498598884224046
2017,US9255501051,0.0033728237386128515
2017,US92556V1061,6.0833242311363945e-05
2017,US9290421091,0.0010250448214619463
2017,US9291601097,0.00021176641586311663
2017,US92939U1060,5.941736376592453e-05
2017,US9311421039,0.030620982715780582
2017,US9314271084,0.001565955421818091
2017,US94106L1098,0.004529718646720183
2017,US9418481035,0.00031951946507449214
2017,US9427491025,0.003476286234710763
2017,US9497461015,0.008757169965172201
2017,US95040Q1040,0.0036377050625563253
2017,US95082P1057,5.577555053068958e-05
2017,US9581021055,0.0023377576905640094
2017,US9604131022,0.0004286334267968877
2017,US9621661043,9.541069252918136e-05
2017,US9633201069,5.774942290579081e-05
2017,US9694571004,0.0020967541305437504
2017,US9839191015,6.979062169917364e-06
2017,US98421M1062,0.0016438947278247576
2017,US9884981013,4.7467636095081343e-05
2017,US98956P1021,0.0016682664172866313
2018,AN8068571086,0.0006607693666771032
2018,CA00208D4084,1.7944313129803996e-06
2018,CA0084741085,0.001546622670206024
2018,CA00900Q1037,0.004541243901528002
2018,CA01626P1484,0.006280204857463365
2018,CA05534B7604,0.00010736985829643728
2018,CA0636711016,0.0009470335600822632
2018,CA0641491075,0.001608193329650509
2018,CA0977518616,0.0006548432234953836
2018,CA1247651088,9.158440618554918e-05
2018,CA12532H1047,0.00026145114587392335
2018,CA13321L1085,0.0016787361452613942
2018,CA1360691010,0.0003707801648277619
2018,CA1363751027,2.0060080605385427e-06
2018,CA13646K1084,0.0011079641698669054
2018,CA1366812024,2.8543522488521457e-05
2018,CA2849025093,3.200123929430628e-06
2018,CA29250N1050,0.0014589687069425613
2018,CA2927661025,0.00013600301201924762
2018,CA3180714048,0.002933178677932334
2018,CA3359341052,7.81247139436304e-07
2018,CA3495531079,1.3234158538734077e-05
2018,CA3518581051,0.015445860737507573
2018,CA3759161035,0.00019764001915176382
2018,CA39138C1068,0.0023119752673240713
2018,CA4530384086,0.0009488268434131069
2018,CA45823T1066,0.003998707129751744
2018,CA5394811015,1.9726899238203927e-05
2018,CA5592224011,0.0020361511795279606
2018,CA56501R1064,0.00012935876329224776
2018,CA7392391016,0.001963345843509661
2018,CA7800871021,0.0006218541145467644
2018,CA8029121057,0.0003850348681481711
2018,CA8239011031,0.00018405021882034528
2018,CA85472N1096,0.0006039731021742769
2018,CA8667961053,0.001118073144465174
2018,CA8672241079,0.002114771281101728
2018,CA87807B1076,5.861759918825675e-05
2018,CA8787422044,8.339009934397998e-05
2018,CA87971M1032,0.0002376506958410515
2018,CA8911605092,0.002227774655373624
2018,CA8959451037,0.0016200908430138476
2018,CA98462Y1007,0.000826648529517032
2018,GB0022569080,6.616895946039447e-05
2018,IE00BWT6H894,0.0025368910864287655
2018,LR0008862868,0.0042709816012859
2018,PA1436583006,0.0009786690983410603
2018,US0010551028,0.004530822412132153
2018,US0010841023,0.0004061433228592819
2018,US00206R1023,0.005816676001743558
2018,US0028241000,0.013374996452029319
2018,US0028962076,4.8833658934143684e-08
2018,US00724F1012,0.0039104415301304445
2018,US0082521081,0.004468939345717235
2018,US00846U1016,4.832571056135873e-06
2018,US0091581068,0.00097562494716038
2018,US00971T1016,0.0039506685267029825
2018,US0126531013,1.2032481428535112e-05
2018,US0152711091,3.8915081944632194e-05
2018,US01741R1023,2.9310952119009655e-07
2018,US0185811082,0.0002287341615091224
2018,US0200021014,0.0006515271836352064
2018,US02079K3059,0.013522925375977624
2018,US02209S1033,0.012691928550207149
2018,US0231351067,0.029294767876485623
2018,US0255371017,1.0455293214243426e-07
2018,US0258161092,0.0032804251320376647
2018,US0268747849,0.002469544546659549
2018,US03027X1000,0.002726581437574076
2018,US03073E1055,0.002912136003053967
2018,US0311621009,0.008636520157955492
2018,US0320951017,0.0008446731491851613
2018,US0326541051,0.001506448461810333
2018,US0367521038,0.006269372643972902
2018,US03743Q1085,0.0001407687555787996
2018,US0378331005,0.03055442338624041
2018,US0382221051,0.001526489447646005
2018,US0394831020,0.0007654022783459526
2018,US0441861046,0.0029429852529105002
2018,US04621X1081,0.005981995262286786
2018,US0527691069,0.0025829408640741635
2018,US0530151036,0.01007275073281441
2018,US0534841012,0.0018386748667805364
2018,US0536111091,7.281658393809124e-06
2018,US0537741052,1.0260678951563702e-05
2018,US0584981064,0.0023628913310696988
2018,US0605051046,0.01973927030132059
2018,US0640581007,0.005966656662661653
2018,US0708301041,0.0008673368560119391
2018,US0718131099,0.0027044557817519415
2018,US0758871091,0.002702336800232459
2018,US0844231029,0.0003244184818702783
2018,US0865161014,3.937172073103125e-05
2018,US09062X1037,0.0009257648013071306
2018,US0970231058,0.008541452587317798
2018,US09857L1089,0.005259501092328599
2018,US0997241064,5.542188925057213e-05
2018,US1011211018,0.00022436077545320585
2018,US1011371077,0.0006975616575521321
2018,US1053682035,0.00020275683266128046
2018,US1101221083,0.008138187661463674
2018,US1124631045,7.215564295362439e-05
2018,US1156372096,0.0048456095419300935
2018,US12504L1098,0.0009776751193169978
2018,US1252691001,0.00017828908492255368
2018,US12541W2098,1.9662594755835218e-05
2018,US1255231003,0.0009256663173982919
2018,US1264081035,0.0013763579538230509
2018,US12653C1080,3.1989848378349366e-06
2018,US1266501006,0.010042605876493391
2018,US1270551013,3.784368535989749e-05
2018,US1273871087,0.0028237005133027954
2018,US1307881029,6.133920970343553e-06
2018,US1344291091,8.78940254437725e-06
2018,US14040H1059,0.004852432688117968
2018,US14149Y1082,0.007248933058020832
2018,US1491231015,2.5087211144712695e-05
2018,US15189T1079,0.0004412821114822337
2018,US1567821046,0.0007765170149672985
2018,US1598641074,0.0005953155973677586
2018,US1667641005,0.004041739336128472
2018,US1713401024,0.0011062558184391157
2018,US17275R1023,0.005621759865635159
2018,US1729674242,0.008829114191645154
2018,US1858991011,5.678981010092304e-06
2018,US1890541097,0.004157397918980008
2018,US1912161007,0.01926503600299513
2018,US1924461023,0.0008681204782513841
2018,US1941621039,0.009529261092552437
2018,US2003401070,0.0001325288808908068
2018,US2017231034,0.000579733867181441
2018,US2058871029,0.00183911928683425
2018,US20825C1045,0.004211205600869048
2018,US2091151041,0.001625293728982851
2018,US21036P1084,0.004518417991137226
2018,US22160K1051,0.0010548838518155957
2018,US2283681060,6.582171443079426e-05
2018,US2310211063,0.0013439051331226623
2018,US23355L1061,0.00912788716221072
2018,US2358511028,0.0007574301327958054
2018,US2371941053,7.994148185049096e-06
2018,US23918K1088,0.001576630657657777
2018,US2441991054,0.005312737796646285
2018,US2473617023,0.0006079801760171104
2018,US2533931026,0.00014867322487822535
2018,US2546871060,0.007749718562792039
2018,US25525P1075,0.0009558600740765766
2018,US25746U1097,2.3847389999308774e-05
2018,US2576511099,0.004986067127654348
2018,US25960P1093,0.0015857974183643834
2018,US2600031080,0.004698004696421126
2018,US26875P1012,0.0015519295030344419
2018,US2774321002,0.00014580860345400566
2018,US2774614067,0.0006285060911041211
2018,US2786421030,0.002965399604449973
2018,US2788651006,0.0017730855204905556
2018,US2810201077,0.0008154083709579245
2018,US28176E1082,0.0002588780149098588
2018,US2910111044,0.0015402594484408227
2018,US29364G1031,2.144784391785821e-06
2018,US29444U7000,5.629665767119669e-05
2018,US29476L1070,0.005086565785755602
2018,US29670G1022,0.0011254229073480592
2018,US2971781057,0.0018056558474068853
2018,US30040W1080,0.0014786939422555797
2018,US30161N1019,0.0006741680702317666
2018,US3021301094,0.0011430969419714563
2018,US30231G1022,0.014518612507020483
2018,US3024913036,0.0052290655320295
2018,US3029411093,0.004170387667571769
2018,US31428X1063,0.0003816535278851604
2018,US3156161024,0.004747552628222568
2018,US3434121022,9.530096498458004e-07
2018,US3546131018,0.0021801834257363555
2018,US35671D8570,0.0001701708826195881
2018,US3647601083,0.0011125759426261527
2018,US37045V1008,0.004555307527304558
2018,US3719011096,4.199348121958027e-06
2018,US37247D1063,0.00018727187921368282
2018,US3755581036,0.0044009459494060476
2018,US38141G1040,3.1126078200488104e-05
2018,US3825501014,4.2693485298621614e-05
2018,US3848021040,0.0010105859087482713
2018,US40434L1052,0.006405209745059935
2018,US4062161017,0.0003198403501395919
2018,US4103451021,2.6196955286365682e-05
2018,US4108671052,2.8732174750486107e-05
2018,US4128221086,0.006930809967787728
2018,US4158641070,0.0012537366222670837
2018,US4165151048,4.605061349881136e-05
2018,US4180561072,0.0011134315897963307
2018,US42250P1030,0.0010204701195465622
2018,US4234521015,0.0006313204944828599
2018,US4278661081,0.0007447829263280537
2018,US42809H1077,1.1101097448586527e-05
2018,US4370761029,0.0009385529290564099
2018,US4385161066,0.000640319305773756
2018,US44107P1049,0.0011494515911113464
2018,US4448591028,0.0002698459881918895
2018,US4461501045,0.003498532263181815
2018,US4470111075,0.0021935265274090465
2018,US45073V1089,9.015746798548539e-05
2018,US4523081093,0.00035639633232355993
2018,US4581401001,0.006826877363462758
2018,US4592001014,0.005423744188624121
2018,US4595061015,0.0038141400976803657
2018,US4601461035,2.0268810805180598e-06
2018,US4606901001,0.0003579348414437394
2018,US4612021034,0.007607250025425993
2018,US46284V1017,0.00019738545109377234
2018,US4657411066,3.287304081886337e-05
2018,US46625H1005,0.014101195103968338
2018,US4781601046,0.01085680721582827
2018,US48020Q1076,6.627173249035986e-05
2018,US48203R1041,3.368670347506053e-05
2018,US4824801009,0.007981121903891195
2018,US4878361082,1.9364045148979193e-05
2018,US4891701009,9.801172216764389e-05
2018,US4932671088,0.0011293158370647642
2018,US4943681035,0.005223827446667109
2018,US49446R1095,2.4491004034285367e-05
2018,US49456B1017,0.0025243444767507847
2018,US5002551043,0.005641524120659568
2018,US5010441013,0.001904508958907763
2018,US5178341070,0.00010234120582316162
2018,US5184391044,1.3319604430273609e-05
2018,US5218652049,0.000390421330178697
2018,US5324571083,0.0041603890235541
2018,US5339001068,6.7915995898231775e-06
2018,US5341871094,2.4267456288232976e-05
2018,US5398301094,0.0015613563156242787
2018,US5486611073,0.005019263305619691
2018,US5502411037,0.0056966645322629374
2018,US55261F1049,0.006646951939277667
2018,US5526761086,0.00035806771047714044
2018,US5529531015,0.0001402427171921981
2018,US5543821012,0.00012911402530013397
2018,US55616P1049,0.0006644946649900905
2018,US56418H1005,0.0005099289561748465
2018,US5658491064,0.004830872675166759
2018,US5717481023,0.0022707608806486826
2018,US5719032022,0.0008854268272052547
2018,US5738741041,0.0029180979137905594
2018,US5745991068,0.00030470860277081996
2018,US57636Q1040,0.012710592078321238
2018,US5797802064,5.483466634146883e-05
2018,US5801351017,0.0119820342245947
2018,US58155Q1031,0.002496603159277451
2018,US58933Y1055,0.002017835696725256
2018,US59156R1086,0.007944726084108487
2018,US5926881054,0.00029892839318884515
2018,US5949181045,0.04878812929697707
2018,US5950171042,6.69072624700878e-05
2018,US5951121038,0.0011511369240945948
2018,US6081901042,5.540817681164517e-05
2018,US60871R2094,1.7925330491572354e-05
2018,US6092071058,0.012160139240118372
2018,US6153691059,0.006689094072694837
2018,US6174464486,0.005214894448955567
2018,US61945C1036,4.500672046102869e-05
2018,US6200763075,0.0007434537060474805
2018,US6267171022,0.00017342604348687338
2018,US6293775085,3.20274352896313e-05
2018,US62955J1034,0.00019521318077964442
2018,US6311031081,0.0009344261130047832
2018,US6365181022,0.001182140296656996
2018,US64110D1046,4.8124544573748626e-05
2018,US6512291062,4.8801258953423004e-05
2018,US6516391066,0.002501086809849358
2018,US65249B1098,0.0005271432140040947
2018,US65339F1012,0.0018612020138703653
2018,US6541061031,0.0045262568168999056
2018,US6556641008,0.005708505660515888
2018,US6658591044,3.4383631920226974e-05
2018,US6668071029,0.001613873723065603
2018,US6687711084,0.0017551484028924715
2018,US67066G1040,0.015442688467844617
2018,US67098H1041,2.113014268157042e-05
2018,US6745991058,0.0004365873924129571
2018,US6819191064,0.0007702408239134866
2018,US6821891057,0.00018409495413349022
2018,US6826801036,0.0023828618238109353
2018,US68389X1054,0.0025010308129825567
2018,US6866881021,0.001297427395208887
2018,US6882392011,0.0028451854870120996
2018,US6934751057,0.0025725399879400236
2018,US6935061076,5.087827184528597e-06
2018,US69351T1060,1.6856516962620226e-05
2018,US6936561009,0.0006037149851705342
2018,US6951561090,0.0026684622796851734
2018,US7010941042,0.0011055876537039314
2018,US7043261079,0.0022897218092971733
2018,US7134481081,0.012874739147373481
2018,US7140461093,0.0002819898940509544
2018,US7170811035,0.007648787538026993
2018,US7234841010,8.726407943370882e-06
2018,US7244791007,0.00020025826333340712
2018,US7310681025,0.0036927303636001326
2018,US74144T1088,0.005305445001956226
2018,US74251V1026,0.004577228197093689
2018,US7427181091,0.007173450106719984
2018,US7433151039,0.0032879484052178456
2018,US74340W1036,0.0018931744030956665
2018,US7443201022,0.0005587223478474327
2018,US7445731067,0.001314700617948758
2018,US7475251036,0.0041103847183564255
2018,US74834L1008,0.0037730513982562526
2018,US75281A1097,0.0014150683528721887
2018,US7588491032,0.0008902536621860291
2018,US75886F1075,0.002699222719102327
2018,US7591EP1005,0.0011823475023669473
2018,US7607591002,4.718290454409781e-05
2018,US7739031091,0.00034969369198364274
2018,US7835491082,6.411092858209713e-06
2018,US78409V1044,2.1878226804695638e-08
2018,US78410G1040,0.0011274556047382966
2018,US78440X8873,2.9078204484348672e-05
2018,US78473E1038,0.0006074351091281558
2018,US79466L3024,8.58200235851058e-05
2018,US8101861065,0.001485404429544725
2018,US81211K1007,1.7192788769312397e-06
2018,US8168511090,0.0001166016656339186
2018,US8243481061,0.0029105927309508953
2018,US8288061091,0.0024572700431982064
2018,US8326964058,0.0011012859463540676
2018,US84265V1052,0.0011994724618122547
2018,US8485741099,0.0034121155305873244
2018,US8545021011,2.3820552430975553e-06
2018,US8552441094,0.0046316103693721045
2018,US8574771031,7.568507395197126e-05
2018,US8581191009,0.0005786451069232786
2018,US8676524064,0.000861073470284671
2018,US8716071076,2.690305601394097e-06
2018,US8725401090,0.004327908124394364
2018,US8760301072,2.973417847897463e-05
2018,US87612E1064,0.00041838837217442117
2018,US8807701029,3.0876791868602415e-05
2018,US8807791038,2.914199113329868e-05
2018,US8825081040,0.0008884529053138057
2018,US8832031012,0.0011817970751544032
2018,US88337F1057,0.00011422042191891
2018,US8835561023,0.0016257195985451035
2018,US88579Y1010,0.00012354926373661515
2018,US89417E1091,0.006766921162997385
2018,US8962391004,1.9008269654533e-05
2018,US89832Q1094,0.0027953713531979544
2018,US9026531049,0.00022144854482800526
2018,US9029733048,0.002169552437200593
2018,US9078181081,7.502628388863228e-05
2018,US9111631035,6.094893051381597e-05
2018,US9113121068,4.411479784286649e-06
2018,US91324P1021,0.00708087941615474
2018,US91529Y1064,5.1933784340189306e-05
2018,US91913Y1001,4.191303241499899e-05
2018,US92276F1003,0.0009394451417173904
2018,US92343V1044,0.006761020833679391
2018,US92532F1003,0.0017974590455812815
2018,US9255501051,0.0009396637849090492
2018,US92556V1061,4.425300483264199e-06
2018,US9282981086,0.002056846679834962
2018,US9290421091,0.0011442741519845554
2018,US9291601097,0.00017983441175443624
2018,US92939U1060,1.0825438763781759e-05
2018,US9297401088,6.1315317283402485e-06
2018,US9311421039,0.008789329345510324
2018,US9314271084,0.002320934387326783
2018,US94106L1098,0.006515613702179136
2018,US9427491025,0.0012639544098323218
2018,US9497461015,0.01218228244074006
2018,US95040Q1040,2.0640243858123275e-05
2018,US95082P1057,6.038013481429107e-05
2018,US9581021055,7.496437962831906e-05
2018,US9604131022,0.006011908254165243
2018,US96145D1054,0.00016598031540657838
2018,US9621661043,0.002981731561520119
2018,US9633201069,0.003398008639709615
2018,US9699041011,4.39395065089297e-05
2018,US98421M1062,0.005179140084432215
2018,US9884981013,0.0011004686133296994
2018,US98956P1021,0.004616097166341748
2019,CA0084741085,0.0004681377631632649
2019,CA00900Q1037,0.005200628425934084
2019,CA01626P1484,0.005897732469885494
2019,CA05534B7604,0.00010953932720067288
2019,CA0641491075,0.004211377287542353
2019,CA0977518616,5.405937397201165e-05
2019,CA12532H1047,0.002407481198170103
2019,CA13321L1085,0.0018049604959378207
2019,CA1360691010,0.000200714772605463
2019,CA1363751027,6.047716500352629e-05
2019,CA13646K1084,0.0017801009842488215
2019,CA1366812024,0.0002422121654659571
2019,CA2849025093,5.613119447638681e-05
2019,CA29250N1050,0.00241568810604115
2019,CA2927661025,0.00017400736590998152
2019,CA3180714048,0.0007798663478395268
2019,CA3359341052,1.1096746078654747e-05
2019,CA3518581051,0.01813979160929427
2019,CA3759161035,0.0012746147252551765
2019,CA39138C1068,0.0007933878741216479
2019,CA4495861060,0.00017586768526887535
2019,CA4530384086,0.0009604776059822348
2019,CA45823T1066,1.0161004390889623e-06
2019,CA4969024047,2.506190285031414e-05
2019,CA5394811015,3.375230780496123e-06
2019,CA5592224011,1.0994742271191231e-06
2019,CA56501R1064,8.179980975308537e-05
2019,CA6744822033,0.0002763781122761319
2019,CA6837151068,6.896802039928462e-05
2019,CA7392391016,8.1609611925821e-05
2019,CA74022D4075,0.0010875542044853457
2019,CA7751092007,1.1226129665772992e-05
2019,CA7800871021,0.0007824704397738673
2019,CA8029121057,2.8789259639450706e-06
2019,CA82028K2002,0.0003941896680476823
2019,CA8239011031,6.236671554383834e-06
2019,CA85472N1096,0.00089562211852267
2019,CA8667961053,3.0908107585608e-06
2019,CA8672241079,0.001285263164026995
2019,CA87807B1076,0.00017486914638967097
2019,CA8787422044,0.0004318843518060757
2019,CA87971M1032,0.00017442265904507272
2019,CA8849038085,1.7648157830199195e-06
2019,CA8911605092,0.0006557276792448626
2019,CA8959451037,0.0007228345980063287
2019,CA98462Y1007,0.001285731599937102
2019,GB0022569080,6.182541694528891e-05
2019,IE00BWT6H894,0.001753568490355194
2019,LR0008862868,0.004153417131968789
2019,PA1436583006,0.001766282186733679
2019,US0010551028,0.005408257317728236
2019,US0010841023,4.244369193559202e-06
2019,US00206R1023,0.0066764363598181145
2019,US0028241000,0.011625806247969918
2019,US00724F1012,0.002194977129843933
2019,US00751Y1064,3.0893488530283125e-05
2019,US0082521081,0.0001047522488698143
2019,US00846U1016,0.0004182095228104975
2019,US00971T1016,9.807704706189671e-06
2019,US01741R1023,0.0005462378938508787
2019,US0185811082,1.0066565763538955e-05
2019,US0200021014,0.0005648744456977573
2019,US02079K3059,0.008959866138621736
2019,US02209S1033,0.009105158524045682
2019,US0231351067,0.02925953187913481
2019,US0236081024,4.048602401791458e-08
2019,US0255371017,2.5950288757168673e-07
2019,US02553E1064,0.0005951254966821226
2019,US0258161092,0.000657156277386842
2019,US0268747849,0.002239865557637609
2019,US03027X1000,0.004201858400494223
2019,US03073E1055,0.0007352645004946672
2019,US03076C1062,0.015909517768074855
2019,US0311001004,0.0008197895762562594
2019,US0311621009,0.008899722503564399
2019,US0320951017,0.002574163838619921
2019,US0326541051,3.44220096792793e-05
2019,US0367521038,0.006805607099178498
2019,US0378331005,0.02927054512079474
2019,US0382221051,2.566067552485554e-05
2019,US0383361039,3.706484498886852e-05
2019,US03940R1077,0.00022364311964297604
2019,US0441861046,0.0018929067569007183
2019,US0454871056,4.947620060017893e-07
2019,US04621X1081,0.0004249888763786193
2019,US0527691069,0.0023775019681639576
2019,US0530151036,0.00929189158406968
2019,US0533321024,0.0020140582074974775
2019,US0534841012,0.006556062762703175
2019,US0536111091,0.00030181440882170026
2019,US0538071038,0.00010701679510312302
2019,US0584981064,0.0025851920687599748
2019,US0605051046,0.007831195700608374
2019,US0640581007,0.004480437454164716
2019,US0708301041,0.001390233060765673
2019,US0718131099,0.007226395239850251
2019,US0758871091,0.003888689956299352
2019,US09062X1037,0.002053447559881331
2019,US0970231058,0.007628809205347488
2019,US09857L1089,0.006488232088254179
2019,US1011211018,0.00024382317351906064
2019,US1011371077,1.6656195739697718e-06
2019,US1053682035,0.0006285196995885476
2019,US1096411004,6.5279610686880735e-06
2019,US1101221083,0.005190599766031244
2019,US1124631045,0.0023722930617505935
2019,US1156372096,0.005726934927240798
2019,US12504L1098,6.383313351363431e-05
2019,US1252691001,3.318619594660092e-05
2019,US12541W2098,8.524130807405527e-05
2019,US1255231003,0.0018766005382533746
2019,US1258961002,2.0577603422901396e-06
2019,US1264081035,0.0011001896243555502
2019,US12653C1080,0.0013915762611728694
2019,US1266501006,0.005644550650267548
2019,US1273871087,3.111509612420482e-05
2019,US1307881029,0.00022398568965657887
2019,US1344291091,0.00015413520170186573
2019,US14040H1059,0.0012679534658133198
2019,US14149Y1082,0.0010474966749481171
2019,US1423391002,0.000908086567913985
2019,US1491231015,0.0002797902392053724
2019,US1508701034,3.93776627631415e-06
2019,US15189T1079,0.000696934083526356
2019,US1567821046,0.006464161694588817
2019,US1598641074,0.0013473227618247528
2019,US1667641005,0.001992514574046491
2019,US1713401024,0.00041271205104025473
2019,US1717793095,0.0003456945599856099
2019,US1720621010,5.5310314831155494e-05
2019,US17275R1023,0.009161790018635207
2019,US1729674242,0.00397628822966538
2019,US1773761002,0.0017183994851414283
2019,US1858991011,0.00026381954285674213
2019,US1890541097,0.004172832379741966
2019,US1912161007,0.0205608941127538
2019,US1924461023,0.00015642177640413197
2019,US1941621039,0.0042171192021520105
2019,US20030N1019,0.002083261793439676
2019,US2003401070,3.622349444311203e-05
2019,US2017231034,4.757986340295774e-05
2019,US2058871029,0.0009529667022779902
2019,US20825C1045,0.003462327675181714
2019,US2091151041,0.0017347082341304183
2019,US21036P1084,0.0004996126405808534
2019,US22160K1051,0.0011606067106955005
2019,US22822V1017,0.006814361720594864
2019,US2283681060,1.1872162829166796e-06
2019,US2333311072,9.0393443373806e-05
2019,US23355L1061,0.006683057522184238
2019,US2358511028,0.0037126024358736056
2019,US2371941053,0.0033578050713736255
2019,US23918K1088,0.00011830063307721172
2019,US2441991054,0.005501737721658907
2019,US2473617023,0.00039317832075340566
2019,US24906P1093,1.9981736880728003e-05
2019,US2533931026,1.6192353542960905e-05
2019,US2546871060,0.006176181660262847
2019,US25525P1075,0.0025899434437342563
2019,US25659T1079,0.00010258350793978029
2019,US25746U1097,0.0018079831431485527
2019,US25960P1093,0.0013291820393860115
2019,US2600031080,0.0005676006487037419
2019,US26441C2044,0.00032522782708880297
2019,US26875P1012,0.0019498735931288472
2019,US2774321002,1.7579649246714085e-06
2019,US2774614067,3.1005751506279426e-05
2019,US2786421030,0.0012057904932076652
2019,US2788651006,0.004191822571406396
2019,US2810201077,3.319373434767732e-06
2019,US28176E1082,0.00024898216992912705
2019,US2910111044,0.0013836652284200353
2019,US2944291051,5.619214722159694e-06
2019,US29476L1070,0.008138657344272745
2019,US29670G1022,0.001804622699432213
2019,US30040W1080,0.005016035241794939
2019,US30161N1019,0.00035924847439481683
2019,US30212P3038,0.004017887975826494
2019,US3021301094,2.540421993686681e-05
2019,US30231G1022,0.00368021939242222
2019,US3024913036,0.003281159451022239
2019,US3029411093,0.0026252335705973804
2019,US3030751057,0.0009295929346650946
2019,US3119001044,0.002898108504946115
2019,US3137451015,8.249647612924587e-06
2019,US31428X1063,8.546943838004311e-05
2019,US3156161024,0.004322045795518196
2019,US31620M1062,0.0019722792833537484
2019,US3167731005,2.404536481230282e-05
2019,US3205171057,1.8185705159899265e-07
2019,US3377381088,5.9673136080933e-05
2019,US3379321074,0.002393826282098937
2019,US3434121022,9.749588333014765e-06
2019,US3453708600,2.7422820303702824e-06
2019,US3614481030,3.482166142005348e-05
2019,US3635761097,3.189753360984318e-05
2019,US3647601083,0.0015279359509320087
2019,US3703341046,0.0002549720106536876
2019,US37045V1008,0.004717647119015098
2019,US3719011096,1.142715837744716e-05
2019,US37247D1063,0.000717461532269858
2019,US3755581036,0.003169626415878166
2019,US38141G1040,5.3746312672070333e-05
2019,US3848021040,1.9245474174236215e-05
2019,US3976241071,2.2493200731703537e-05
2019,US40434L1052,0.0013910472471464089
2019,US4128221086,9.229328786110455e-09
2019,US4158641070,0.0020297529086344733
2019,US4165151048,0.00014531753565255953
2019,US42250P1030,0.002056095340673656
2019,US42330P1075,0.0003589059914221623
2019,US4278661081,0.0011960717314590753
2019,US4370761029,0.0012707457384676308
2019,US4385161066,6.0195426192060236e-05
2019,US4404521001,0.0005257295969214373
2019,US44107P1049,0.00010595828540784413
2019,US4435106079,1.8113526834085384e-05
2019,US4448591028,0.00021465969925587157
2019,US4456581077,0.0005302339783655098
2019,US4461501045,0.008755803749451585
2019,US4470111075,1.566510566251815e-05
2019,US45168D1046,0.0001975006032037737
2019,US4523081093,0.0006524453038190034
2019,US4523271090,0.0014056107901230539
2019,US4581401001,0.009797091662827547
2019,US4592001014,0.0011438614185169196
2019,US4595061015,0.0029762058157501445
2019,US4601461035,1.3425349972494721e-05
2019,US4606901001,0.00023396074224054026
2019,US4612021034,0.0076378533048423285
2019,US46284V1017,1.2908835574037376e-05
2019,US4657411066,0.0001604182692370375
2019,US46625H1005,0.021004215503825387
2019,US46982L1089,1.3064120544943238e-05
2019,US4781601046,0.012150852238292346
2019,US48203R1041,0.0002754568268614878
2019,US48242W1062,1.2618555006009927e-05
2019,US4824801009,0.006077002851093318
2019,US4878361082,0.0020541246923681325
2019,US4891701009,0.0037573549327092367
2019,US4932671088,4.057013043710785e-05
2019,US4943681035,0.005281888225778665
2019,US49446R1095,0.00036136265887580065
2019,US49456B1017,0.001124850995781298
2019,US4972661064,0.006380234134368259
2019,US5002551043,0.006405629921863943
2019,US5010441013,0.0019014313453658822
2019,US5018892084,0.00023843013051427761
2019,US5178341070,9.090675036726533e-06
2019,US5218652049,0.00019241905644790653
2019,US5261071071,1.6444985463064826e-05
2019,US5324571083,0.004200695846054089
2019,US5341871094,5.028544576156293e-06
2019,US5370081045,0.0011715117558500367
2019,US5398301094,0.002951228266843399
2019,US5486611073,0.001146126460989052
2019,US5502411037,0.004921666532824079
2019,US55261F1049,0.0015439705509354077
2019,US5526761086,4.1248449208424366e-05
2019,US5529531015,0.0004111531282830215
2019,US5543821012,0.002056829203240926
2019,US55616P1049,0.0002572737686792568
2019,US5635714059,3.580456700493854e-07
2019,US5658491064,0.003205758023248534
2019,US5717481023,0.000144479184676108
2019,US5719032022,0.00018650376400248446
2019,US5738741041,0.0018252900651245145
2019,US5745991068,0.00030238378327244423
2019,US57636Q1040,0.015644986702041324
2019,US5797802064,0.0036269846500067873
2019,US5801351017,0.007310549259367944
2019,US58933Y1055,0.005340473359155131
2019,US59156R1086,8.427094749365683e-05
2019,US5926881054,3.713638414792547e-05
2019,US5949181045,0.051453772278507004
2019,US5950171042,1.6931546360670803e-06
2019,US5951121038,0.002026931392491478
2019,US6081901042,0.00014573585403800007
2019,US60871R2094,0.00021251204332814897
2019,US6092071058,0.012531416126168609
2019,US6153691059,0.0042613063558230874
2019,US6174464486,0.004422186347540563
2019,US61945C1036,4.425272379891256e-05
2019,US6200763075,0.000693646334430357
2019,US6267171022,0.0027507934249405433
2019,US6293775085,1.57711063568718e-06
2019,US62955J1034,0.000753365236455219
2019,US6311031081,3.6925306358578144e-05
2019,US6365181022,6.33834602874459e-08
2019,US64110D1046,0.00015589515881311855
2019,US6501111073,0.0034803957283411364
2019,US6512291062,0.0019503896993549414
2019,US6516391066,0.0019831829185946773
2019,US65249B1098,9.08311859231498e-06
2019,US65339F1012,0.006458646497273402
2019,US6541061031,0.008284224609913607
2019,US65473P1057,3.6456437913757026e-05
2019,US6556641008,0.0018992874735894662
2019,US6558441084,0.00014443385321644817
2019,US6658591044,4.3826743347012465e-07
2019,US6668071029,0.003010778400613792
2019,US6687711084,0.0001859982865071342
2019,US67066G1040,0.013661898729128255
2019,US6745991058,7.475154042267485e-05
2019,US6819191064,0.0014571220030232686
2019,US6821891057,2.088040806555391e-05
2019,US6826801036,0.002586730912596669
2019,US68389X1054,0.00881172728039865
2019,US6882392011,0.00229134047041988
2019,US69331C1080,2.4694915028509307e-06
2019,US6934751057,0.002268991161895648
2019,US6935061076,0.00014958737999643573
2019,US69351T1060,1.4703330746115964e-07
2019,US6936561009,0.0008703933425509269
2019,US6937181088,0.003631579567475973
2019,US6951561090,0.0005330831108667878
2019,US7010941042,7.814369758116463e-06
2019,US7043261079,0.0011767390832423624
2019,US7134481081,0.012026821904203743
2019,US7140461093,0.0005714947334907272
2019,US7170811035,0.007623299001375581
2019,US7237871071,0.0022454863115969753
2019,US7244791007,0.0029017870854882075
2019,US7310681025,0.00012060903768988483
2019,US74251V1026,0.004065894071189149
2019,US7427181091,0.005921832474177303
2019,US7433151039,0.015196489877890405
2019,US74340W1036,3.581834611256473e-07
2019,US7443201022,0.008636066202495924
2019,US7445731067,0.0019600685269973352
2019,US74460D1090,0.0006860011784958311
2019,US7475251036,0.0048918751020086
2019,US74762E1029,0.0021983578593016565
2019,US74834L1008,0.0010471143863785277
2019,US7509171069,0.0010850755437308967
2019,US75281A1097,0.002037757197332319
2019,US75513E1010,8.251474409262084e-06
2019,US7588491032,8.270941502838393e-06
2019,US75886F1075,0.0018537234874313035
2019,US7591EP1005,0.000500430821463584
2019,US7595091023,0.000579225505978256
2019,US7703231032,0.0009420709309461847
2019,US7782961038,0.00027678466676203304
2019,US78409V1044,6.131309671987517e-05
2019,US78410G1040,0.000102035237534369
2019,US7841171033,3.5031532800400042e-06
2019,US78440X8873,0.0004232998973550045
2019,US78454L1008,0.0008656037889130596
2019,US78473E1038,8.316661798117062e-06
2019,US79466L3024,0.0033377218466973577
2019,US8064071025,1.8147112841101407e-05
2019,US8101861065,0.0002679581981118891
2019,US81211K1007,0.0004883661966500973
2019,US8168511090,0.00015716933998041776
2019,US8243481061,0.0004033798772582053
2019,US8288061091,0.003907545828791653
2019,US8326964058,0.00029136861549051117
2019,US84265V1052,0.0004517829484294673
2019,US8447411088,0.00011408078257706727
2019,US8485741099,0.004577670140907551
2019,US8545021011,1.5917727477100816e-08
2019,US8552441094,0.01026696327116271
2019,US8574771031,0.005838619547141553
2019,US8636671013,0.007620470609203752
2019,US8676524064,3.901597384003345e-05
2019,US8716071076,2.6087678805990105e-05
2019,US87161C5013,1.8261976754691162e-06
2019,US8718291078,0.0002471723282005442
2019,US8725401090,0.006602761357563553
2019,US87612E1064,6.451707680572654e-05
2019,US8807701029,2.721765749316931e-06
2019,US8807791038,0.00015845082056441495
2019,US8825081040,1.2438213684631027e-05
2019,US8832031012,0.004977866686684434
2019,US8835561023,0.003177479917380616
2019,US8851601018,0.00038991656719331605
2019,US88579Y1010,0.0022760427718164205
2019,US8910921084,0.00119222586824107
2019,US89417E1091,0.006692537278104726
2019,US8962391004,0.0006060678398731842
2019,US89832Q1094,0.001046590061472371
2019,US9024941034,0.00014785847134546283
2019,US9026531049,0.00013019562212780465
2019,US9026811052,0.00012563028091331561
2019,US9029733048,0.00107738992316471
2019,US9078181081,6.35031058044941e-05
2019,US9113121068,0.00011559590657781489
2019,US9113631090,4.0155120233220496e-07
2019,US91324P1021,0.007509404769806558
2019,US91529Y1064,1.4618555325868776e-07
2019,US91913Y1001,0.002936949639452917
2019,US92276F1003,0.0008910189351941113
2019,US92343V1044,0.011351765977523593
2019,US92532F1003,0.003086106344277968
2019,US9255501051,2.4406926980493562e-05
2019,US92556V1061,0.0004576657430206749
2019,US9282981086,0.001102620178184719
2019,US9290421091,0.0005034132608877367
2019,US92922P1066,0.0001368234694057613
2019,US92939U1060,2.205719020219391e-06
2019,US9297401088,9.668040591736401e-06
2019,US9311421039,0.007074263502954899
2019,US9314271084,0.0010880466013354954
2019,US94106L1098,0.004290082134820791
2019,US9418481035,0.0002841908549560982
2019,US9497461015,0.012686530020002888
2019,US95040Q1040,1.6290214203816168e-05
2019,US95058W1009,0.00011775450941521076
2019,US95082P1057,0.00016862714500012142
2019,US9581021055,0.001907157114287279
2019,US9604131022,0.00027110844482542703
2019,US96145D1054,1.2733399206952011e-07
2019,US9621661043,0.0017707977033994701
2019,US9633201069,0.003636629592897038
2019,US9694571004,0.00018168385546268284
2019,US9699041011,0.0004562850040040984
2019,US9831341071,3.662250985782616e-05
2019,US9839191015,5.608922526514383e-06
2019,US98421M1062,0.003148670969893397
2019,US9884981013,0.0006223794748080332
2019,US98956P1021,0.004815637635870076
2020,CA00208D4084,1.5363576383363836e-05
2020,CA0084741085,0.0007681316158492578
2020,CA00900Q1037,0.004040199365048566
2020,CA01626P1484,0.00012250152707566424
2020,CA05534B7604,0.00036331646572601724
2020,CA0641491075,0.0010408217242668665
2020,CA0977518616,0.0004784750380376375
2020,CA12532H1047,0.003311130929824856
2020,CA13321L1085,0.0006925359991441369
2020,CA1360691010,9.820807117852944e-05
2020,CA1363751027,0.0002806091648741315
2020,CA13646K1084,0.003919984530478746
2020,CA1366812024,0.00016435262240420406
2020,CA2849025093,0.00010525718900496181
2020,CA29250N1050,0.003039207082410147
2020,CA2927661025,0.0004341129233814249
2020,CA3180714048,0.0008106407317996729
2020,CA3359341052,6.232641159894873e-05
2020,CA3495531079,3.547990261254215e-05
2020,CA3518581051,0.01753166935449404
2020,CA3759161035,0.00046570648344066454
2020,CA39138C1068,0.004530931763469042
2020,CA4495861060,5.1092172963881436e-05
2020,CA4530384086,8.815182506237268e-09
2020,CA5394811015,0.0012513340689738806
2020,CA56501R1064,0.00013875418515066427
2020,CA59151K1084,6.901020684161693e-08
2020,CA59162N1096,1.92821148416941e-05
2020,CA6837151068,0.00032382758514504315
2020,CA7392391016,0.004241452133394989
2020,CA74022D4075,0.0013129940696481148
2020,CA7669101031,0.0006925560523635599
2020,CA7751092007,0.001363757183177664
2020,CA7800871021,0.0020875060006764175
2020,CA8029121057,4.15517512136791e-05
2020,CA82028K2002,0.0008117975802613319
2020,CA85472N1096,0.0008359883027943131
2020,CA8667961053,6.380402703255018e-05
2020,CA8672241079,0.0007153778892324542
2020,CA8787422044,0.00031625645397421613
2020,CA87971M1032,0.0011132840483765465
2020,CA8849038085,9.394397787355556e-05
2020,CA8911605092,0.0005560028758458608
2020,CA98462Y1007,0.0014539784322482794
2020,GB0022569080,0.00020485141694679134
2020,IE00BWT6H894,0.0004480118700202401
2020,LR0008862868,0.006506731685262771
2020,PA1436583006,0.0008458243654029089
2020,US0010551028,0.0059564918045490085
2020,US0010841023,2.8178994978441767e-05
2020,US00206R1023,0.0020955545868288536
2020,US0028241000,0.014616007311019896
2020,US0028962076,5.5525655839715775e-06
2020,US00724F1012,0.0015183707584982289
2020,US0079031078,0.00017763251354661135
2020,US00846U1016,3.179571943990241e-05
2020,US0152711091,5.114865175218966e-07
2020,US01741R1023,4.562330826951944e-06
2020,US0200021014,0.001379432007103606
2020,US02079K3059,0.012210076744408034
2020,US02209S1033,0.009547096932375715
2020,US0231351067,0.0394441712723624
2020,US0255371017,3.8821992482157525e-06
2020,US0258161092,0.0007013338406356617
2020,US0268747849,0.001730808490514441
2020,US03027X1000,0.006005356970172632
2020,US03076C1062,0.011869913291018932
2020,US0311001004,0.001181340850653325
2020,US0311621009,0.008804360969987823
2020,US0320951017,0.0013592510726844053
2020,US0326541051,2.5323972705366003e-05
2020,US0367521038,0.004023311557671036
2020,US0378331005,0.04192496671193045
2020,US0382221051,1.0339006033892495e-06
2020,US0383361039,0.00015032817003782565
2020,US0394831020,7.052306691747894e-07
2020,US0441861046,0.00017594035243594309
2020,US0454871056,0.0007272092380835054
2020,US04621X1081,0.00017679435441730182
2020,US0527691069,0.0017758089126451
2020,US0530151036,0.009276608093441354
2020,US0533321024,0.00020713788208056392
2020,US0534841012,0.005244273037079419
2020,US0536111091,8.818897715965053e-05
2020,US0537741052,0.00014897790278691313
2020,US0538071038,0.00021278127536422146
2020,US0584981064,0.005138255236486131
2020,US0605051046,0.007030128375934147
2020,US0640581007,0.005835418864627276
2020,US0708301041,1.2079263641510015e-05
2020,US0718131099,0.003797093673776562
2020,US0758871091,0.0008321211568919032
2020,US0758961009,0.0009026665040078574
2020,US0844231029,2.5542208940439457e-05
2020,US0893021032,5.4963848468134254e-05
2020,US09062X1037,0.001554442674164548
2020,US0970231058,0.006354588326705461
2020,US09857L1089,0.00257708059704074
2020,US0997241064,6.326168436144499e-06
2020,US1011211018,0.00016574506345767953
2020,US1011371077,0.00016866120754185226
2020,US1053682035,0.0030473584482326906
2020,US1101221083,0.008699734744429845
2020,US1124631045,0.001937242364134384
2020,US1156372096,0.0018444728621704657
2020,US12504L1098,8.104531137307242e-05
2020,US12541W2098,1.0338018829844208e-05
2020,US1255231003,0.00012124666755159532
2020,US12572Q1058,0.00244153646272382
2020,US1258961002,7.127583800903918e-05
2020,US1264081035,1.7245335596007162e-06
2020,US12653C1080,0.0001800783261901847
2020,US1266501006,0.001607768310838223
2020,US1270971039,9.432167776082578e-06
2020,US1273871087,0.0009344628560835879
2020,US1307881029,0.0012260096135211195
2020,US14040H1059,9.319993199352863e-06
2020,US1423391002,0.0017642669045832247
2020,US1491231015,0.0006383749860637259
2020,US1508701034,1.8487807113030735e-06
2020,US15189T1079,4.255173242370409e-05
2020,US1567821046,0.004617522918828768
2020,US1598641074,7.076233550908164e-06
2020,US1667641005,0.001749698186561811
2020,US1713401024,0.0023186381481581785
2020,US1720621010,0.00020338838445865072
2020,US17275R1023,0.008473201299639787
2020,US1729081059,5.132854732174678e-07
2020,US1729674242,0.00407735900045488
2020,US1773761002,0.0010859921233030917
2020,US1890541097,0.006978409480642007
2020,US1912161007,0.013255633408014346
2020,US1924461023,0.0006925608262799784
2020,US1941621039,0.006514987795170116
2020,US20030N1019,0.0022966200156794136
2020,US2003401070,4.186768575172546e-05
2020,US2017231034,5.0549216802785976e-05
2020,US2058871029,0.006963106625401993
2020,US20825C1045,0.003652684313855143
2020,US2091151041,0.004322950594378286
2020,US21036P1084,0.0020466644266617594
2020,US2193501051,0.00368909622680963
2020,US22160K1051,0.001985255574920497
2020,US22410J1060,0.001230685286780748
2020,US22822V1017,0.004197810681182767
2020,US2283681060,2.3211819997609187e-05
2020,US2310211063,0.0013801054592313539
2020,US23331A1097,4.8271762474965584e-05
2020,US2333311072,1.0073583909923685e-05
2020,US23355L1061,0.0032438491908993944
2020,US2358511028,0.0002857316686787166
2020,US23918K1088,0.0003137915231262667
2020,US2441991054,0.0047664241566057084
2020,US2473617023,0.00028022723860800415
2020,US25179M1036,1.710439007017181e-06
2020,US2546871060,0.0038716746547508706
2020,US25525P1075,4.842726167943309e-05
2020,US25659T1079,3.957438796099108e-07
2020,US2566771059,0.002372317711405122
2020,US25746U1097,0.0012206367467494275
2020,US2576511099,0.0006937489395714706
2020,US25960P1093,0.0017157519952814334
2020,US2600031080,0.0014848783075668962
2020,US26441C2044,1.1669455109580468e-07
2020,US26614N1028,1.1997694657086784e-05
2020,US26875P1012,0.0003762425624090504
2020,US26884L1098,0.001124879560214037
2020,US2774321002,0.0004727975919766395
2020,US2774614067,0.00027381899888155326
2020,US2786421030,0.0005641834176097632
2020,US2788651006,3.315325823034827e-05
2020,US2810201077,1.6888796297884895e-05
2020,US28176E1082,0.0022372069500486745
2020,US2910111044,0.00025015496111504475
2020,US29272W1099,5.188387231145007e-07
2020,US29364G1031,0.0013569426267280268
2020,US29444U7000,0.0009797435673007183
2020,US29476L1070,0.006615403247374114
2020,US29670G1022,0.000985296664842847
2020,US2971781057,0.0020421476579357335
2020,US30040W1080,0.0015483987024877872
2020,US30161N1019,0.001116409554104665
2020,US30212P3038,0.0012896956420977406
2020,US3021301094,0.00022348215735481792
2020,US30231G1022,0.002862864722404486
2020,US3024913036,0.004940249065512104
2020,US3029411093,0.0030113757428216537
2020,US3030751057,3.833961816443741e-06
2020,US3119001044,0.0002538189016537859
2020,US3137451015,5.6595368401178456e-05
2020,US3156161024,0.001222053513323113
2020,US31620M1062,0.003726531172337576
2020,US3167731005,0.0009394767605509399
2020,US3205171057,0.00018606746588615807
2020,US3377381088,0.0007139261522795268
2020,US3379321074,0.0027641784146326107
2020,US3434121022,0.0002967482706685946
2020,US3448491049,0.004974973174226774
2020,US3453708600,1.4181857912265261e-05
2020,US3546131018,3.831105113424463e-05
2020,US35671D8570,8.865118216558534e-06
2020,US3614481030,4.442921723761915e-07
2020,US3635761097,1.750992857971272e-06
2020,US3647601083,0.001322213736371695
2020,US3703341046,8.03140758998943e-05
2020,US37045V1008,0.003113476775110437
2020,US3719011096,6.846613154904434e-05
2020,US37247D1063,0.002251769114511769
2020,US3755581036,0.0012952714606701272
2020,US38141G1040,5.0624199284767e-05
2020,US3825501014,2.0394548408149513e-07
2020,US3841091040,0.00011812822695417565
2020,US3848021040,4.363160554715983e-06
2020,US3976241071,0.00013833689241326882
2020,US40434L1052,0.003449539305232694
2020,US4062161017,0.00011726670663423951
2020,US4128221086,0.0004596980206306475
2020,US4158641070,0.0021452340133985472
2020,US4165151048,0.00034995379011346165
2020,US4180561072,0.00017273567181792947
2020,US4198701009,0.001586624131799093
2020,US42250P1030,0.00018651829129572275
2020,US42330P1075,0.00022959300005550686
2020,US4278661081,0.0010627152510612023
2020,US4370761029,0.0013950621552164346
2020,US4385161066,0.00045538515959857957
2020,US4404521001,1.5090503332335727e-05
2020,US44107P1049,0.00010769897145623018
2020,US4435106079,0.0017903533486115688
2020,US4448591028,0.0015248452924536509
2020,US4456581077,0.0002184435260770889
2020,US4461501045,0.0006990900043762118
2020,US4470111075,0.0012801185450760564
2020,US45168D1046,0.00012392515595905363
2020,US4523081093,0.0004767135650720358
2020,US4523271090,0.002951097614904529
2020,US4581401001,0.010508375770451966
2020,US45866F1049,0.011570643964887814
2020,US4592001014,0.001080391369103404
2020,US4595061015,0.0022772475116633094
2020,US4606901001,0.00031721010588606257
2020,US4612021034,0.006124706224089584
2020,US46284V1017,5.318000495564515e-05
2020,US46625H1005,0.022740027288551182
2020,US4781601046,0.011943577937976079
2020,US48020Q1076,5.520569392910021e-07
2020,US48203R1041,0.000470692560998311
2020,US48242W1062,9.991732270937975e-05
2020,US4824801009,0.0056574092565415245
2020,US4878361082,0.0007890339781333735
2020,US4891701009,3.472105925677542e-06
2020,US4932671088,2.685326783032331e-05
2020,US4943681035,0.004594141209666401
2020,US49446R1095,0.0007489618919847502
2020,US49456B1017,0.002281486151904104
2020,US4972661064,0.0038118088254001734
2020,US5002551043,0.0006942696868640058
2020,US5010441013,0.0028068699302638356
2020,US5018892084,0.00011551432172066783
2020,US5178341070,0.0007299266406987645
2020,US5184391044,3.553678257615733e-05
2020,US5218652049,0.00016164405741501075
2020,US5246601075,3.6846897591055603e-07
2020,US5324571083,0.0035579114483000073
2020,US5370081045,0.000184733848572508
2020,US5398301094,0.008414616583465618
2020,US5486611073,0.0005019289505245633
2020,US5502411037,0.007560432606727743
2020,US55261F1049,0.001988037545847914
2020,US5526761086,0.0006705213976721732
2020,US5529531015,3.6202449267067883e-07
2020,US5543821012,3.6491900753313785e-07
2020,US5544891048,0.0011043841857299066
2020,US55616P1049,0.0009132755705714043
2020,US5635714059,1.936381715406302e-05
2020,US5658491064,0.00023405378518425506
2020,US5719032022,0.0008567017013206446
2020,US5738741041,0.002616192006987577
2020,US5745991068,1.1702574900600423e-05
2020,US57636Q1040,0.01638347128538662
2020,US5770811025,8.212427675814337e-05
2020,US5797802064,0.0047343516103066875
2020,US5801351017,0.00701488007989725
2020,US58933Y1055,0.007290520902829731
2020,US59156R1086,0.0016249845546102923
2020,US5926881054,1.8454390774875665e-06
2020,US5949181045,0.060805542725304834
2020,US5950171042,0.00047320580031142806
2020,US5951121038,0.0005421142677317052
2020,US60871R2094,0.001196384837899398
2020,US6092071058,0.009283758069199302
2020,US61174X1090,0.0011471460571766017
2020,US6153691059,0.003252222491016259
2020,US6174464486,0.002629019217233623
2020,US61945C1036,0.00017648431676457076
2020,US6200763075,0.000246680714754179
2020,US6267171022,0.0006957020269123442
2020,US6311031081,1.1612947290763757e-05
2020,US6361801011,1.691968217973101e-07
2020,US64110D1046,8.62297769559638e-06
2020,US6501111073,4.438451988024873e-05
2020,US6512291062,0.0009793244389411256
2020,US6516391066,0.0011410566931149516
2020,US65249B1098,0.0006239512018814951
2020,US65339F1012,0.00436783368134785
2020,US6541061031,0.011580674676790402
2020,US65473P1057,1.1231246628892818e-05
2020,US6556641008,0.0004176648474128725
2020,US6558441084,0.000386769389667917
2020,US6658591044,1.7516665262069357e-05
2020,US6668071029,0.005774913436671204
2020,US6687711084,0.00032414713214684923
2020,US67066G1040,0.01650664623801268
2020,US6745991058,4.626531268811796e-07
2020,US6780261052,0.002048233541719163
2020,US6819191064,2.921223528139558e-06
2020,US6821891057,0.0004430868253000605
2020,US6826801036,0.002072166485454955
2020,US68389X1054,0.008186375016899389
2020,US6866881021,0.00619210511321787
2020,US6882392011,0.0015075753917039526
2020,US69331C1080,0.00012861466920390855
2020,US6934751057,0.002993306196507992
2020,US6935061076,0.0014848919964487194
2020,US6936561009,0.000993200592971182
2020,US6937181088,1.2385766698699478e-05
2020,US6951561090,0.0006428436296705934
2020,US7010941042,6.867660378512736e-05
2020,US7043261079,0.0021483774870476925
2020,US7134481081,0.0054850710005204355
2020,US7140461093,4.469837895052551e-05
2020,US7170811035,0.007828881717115226
2020,US7237871071,0.0009100353639110396
2020,US7244791007,0.0004712709277983606
2020,US7310681025,0.002655717291265924
2020,US74144T1088,3.215882389573401e-06
2020,US74251V1026,0.0010522761043557222
2020,US7427181091,0.00954359257374438
2020,US7433151039,0.014280961106662151
2020,US74340W1036,9.358328699075087e-06
2020,US7443201022,0.0035165007124143824
2020,US7445731067,0.00010246963538361393
2020,US74460D1090,0.00038506883582483146
2020,US7458671010,0.00048571298471244333
2020,US7475251036,0.007454840582524564
2020,US74762E1029,0.0019392446451117378
2020,US74834L1008,1.5035485535050946e-06
2020,US7509171069,0.0006305756605528101
2020,US7512121010,0.0003880294616961697
2020,US75281A1097,0.00069979287282086
2020,US75513E1010,0.00042485674915196213
2020,US7588491032,1.5327322302643495e-05
2020,US75886F1075,0.002582849679462041
2020,US7591EP1005,4.174373412040784e-05
2020,US7593516047,4.1133686394137e-07
2020,US7595091023,0.00011910008001335954
2020,US7703231032,0.0022010670856410773
2020,US7782961038,0.005284994088306442
2020,US7802871084,0.0009141325420581002
2020,US78409V1044,0.002519558636629136
2020,US78410G1040,0.0011822324244852348
2020,US78440X8873,3.86648645318941e-05
2020,US78454L1008,0.00012103790431071614
2020,US78473E1038,0.00018142517481728346
2020,US79466L3024,0.004136492302098779
2020,US8064071025,0.0006716039443899668
2020,US8101861065,0.0019347190626003946
2020,US81211K1007,0.0008336654551605419
2020,US8168511090,0.001974248268110932
2020,US8243481061,0.0015207267628931799
2020,US8288061091,9.023254037427079e-06
2020,US8326964058,1.0401359652664485e-06
2020,US8425871071,4.043188697098394e-06
2020,US84265V1052,0.0003186099913706803
2020,US8447411088,0.00013389780198267508
2020,US8485741099,0.0015052432944378858
2020,US8545021011,7.642423399769049e-05
2020,US8552441094,0.00907697500440956
2020,US8574771031,5.5735389407742645e-05
2020,US8589121081,0.001092113675502919
2020,US8636671013,0.0026885433313310635
2020,US8716071076,6.659547005254175e-05
2020,US87161C5013,0.00023954041700580172
2020,US8718291078,0.0001847446700481232
2020,US8725401090,0.0036976573899566195
2020,US8760301072,4.7688349928349705e-05
2020,US87612E1064,1.7902312074704091e-06
2020,US8807701029,0.0007450033442977332
2020,US8807791038,0.0014902044741123609
2020,US8825081040,0.0003442192865276932
2020,US8832031012,0.004441430119968111
2020,US88337F1057,0.0005463568667428802
2020,US8835561023,0.0016531606017706364
2020,US8851601018,0.0006791473773698902
2020,US88579Y1010,9.807041835605007e-05
2020,US88642R1095,0.0010319782022879566
2020,US8873891043,1.5323515260205348e-05
2020,US8910921084,0.0010641415815702564
2020,US89417E1091,0.004517676897788284
2020,US89832Q1094,0.001861281534243207
2020,US9026531049,0.0015796235633913796
2020,US9029733048,0.004731176047980861
2020,US9078181081,0.0008137869666147471
2020,US9113631090,0.0002245144224217273
2020,US91324P1021,0.005906650935263659
2020,US91913Y1001,0.0005811002801485999
2020,US92276F1003,0.0005389570452420506
2020,US92343V1044,0.01098604064919727
2020,US92532F1003,0.003857840971042998
2020,US9255501051,0.0001704336875135263
2020,US92556V1061,0.000539003645054353
2020,US9282981086,0.0009446266417506402
2020,US9290421091,0.0002487851135456721
2020,US9291601097,8.315466292465691e-05
2020,US92922P1066,0.0002724393762547764
2020,US92939U1060,0.0011270847457280242
2020,US9311421039,0.009618279295977979
2020,US9314271084,0.00019850241868769666
2020,US94106L1098,0.0025666783408494808
2020,US9418481035,1.4826918738935285e-05
2020,US9497461015,0.015704077617849976
2020,US95040Q1040,4.273007333963571e-06
2020,US95058W1009,1.898835365660122e-05
2020,US95082P1057,3.250082079491067e-06
2020,US9581021055,0.003700617482476453
2020,US9621661043,0.0027429173577027534
2020,US9633201069,0.0003287115216320407
2020,US9694571004,5.931984907222505e-06
2020,US9699041011,1.9549679791152052e-05
2020,US9831341071,0.00037830172538808423
2020,US9839191015,0.00022104841323574025
2020,US98421M1062,0.006201429031247276
2020,US9884981013,0.0026142037957369137
2020,US9892071054,0.0027477146703914226
2020,US98956P1021,0.002302191904844179
2021,AN8068571086,5.254622422541718e-05
2021,CA0084741085,0.0016356594997278529
2021,CA00900Q1037,0.003923007506849521
2021,CA01626P1484,0.0003132488214672389
2021,CA05534B7604,2.5248874439472918e-05
2021,CA0641491075,3.3143914794847327e-05
2021,CA0977518616,0.00010986039106668482
2021,CA12532H1047,0.002036114922265551
2021,CA13321L1085,5.94545086720399e-06
2021,CA1360691010,3.098604845616695e-05
2021,CA1363751027,0.0038677588253193903
2021,CA1363851017,6.144239900616154e-06
2021,CA13646K1084,3.798727416091671e-05
2021,CA1366812024,6.687748524671349e-05
2021,CA1367178326,3.001610163193244e-05
2021,CA2849025093,0.001650867027445398
2021,CA29250N1050,0.0023439632602184892
2021,CA2927661025,0.0001255180506273071
2021,CA3180714048,0.001217881633328497
2021,CA3359341052,4.118563716730535e-05
2021,CA3495531079,1.0617601513078677e-05
2021,CA3518581051,0.017749417738968914
2021,CA3759161035,5.7949528453594625e-06
2021,CA39138C1068,0.0009499828380631226
2021,CA4495861060,6.158885122472395e-07
2021,CA45823T1066,0.0002323372319962775
2021,CA4969024047,2.290322330983537e-05
2021,CA5592224011,7.886179008262024e-07
2021,CA56501R1064,0.002495936595590596
2021,CA68272K1030,7.85640971569347e-05
2021,CA6837151068,0.0007067957644157325
2021,CA7392391016,3.1164383744962526e-05
2021,CA74022D4075,1.2029946127762721e-07
2021,CA7669101031,0.00016246150037067073
2021,CA7751092007,1.916387849421195e-05
2021,CA7800871021,0.00013683764825169153
2021,CA82028K2002,0.0001486491122751155
2021,CA85472N1096,0.001770767482642943
2021,CA8667961053,7.980210228526603e-06
2021,CA8672241079,8.294638606185073e-05
2021,CA8787422044,0.0007494608013470786
2021,CA87971M1032,0.00015291998059134652
2021,CA8849038085,0.001430866003228799
2021,CA8911605092,7.898991208907456e-06
2021,CA8959451037,0.0006625919859791823
2021,CA98462Y1007,2.0718670878493086e-05
2021,GB0022569080,2.1869738273311815e-05
2021,IE00BWT6H894,0.0006091064377687419
2021,LR0008862868,0.005888447352692965
2021,PA1436583006,0.0010092104991453479
2021,US0010551028,0.0021308103947913705
2021,US00206R1023,0.0018366014661859295
2021,US0028241000,0.017675846976818534
2021,US00507V1098,0.00015103318186072826
2021,US00724F1012,0.007094201135802855
2021,US00751Y1064,0.00032912619812396743
2021,US0079031078,0.0004493379234155803
2021,US0082521081,0.0001404446921002301
2021,US00846U1016,0.0016142796566435795
2021,US0152711091,2.564911791483335e-05
2021,US01741R1023,0.0001424947854504811
2021,US0200021014,0.0004324310260034362
2021,US02079K3059,0.01458929353866044
2021,US02209S1033,0.009734786283774919
2021,US0231351067,0.047504149985616195
2021,US02553E1064,8.433079366575307e-06
2021,US0258161092,0.0038759921422610766
2021,US0268747849,0.0020572196731891983
2021,US03027X1000,0.005156240755334093
2021,US03076C1062,0.005117751709971593
2021,US0311001004,0.0005118427474920008
2021,US0311621009,0.008232219785739209
2021,US0320951017,0.0014038294277814577
2021,US0326541051,5.6786234165116186e-05
2021,US0367521038,0.0045889798098637784
2021,US0378331005,0.06017477631675329
2021,US0383361039,0.0004335825213824942
2021,US0394831020,0.00016210450712387736
2021,US0427351004,0.0009208369753816216
2021,US0441861046,0.0016639889614573477
2021,US04621X1081,6.567083625306331e-06
2021,US0527691069,0.005133380517492997
2021,US0530151036,0.004801511382263595
2021,US0533321024,0.00023557300593308507
2021,US0534841012,0.002862949287100128
2021,US0536111091,6.0857071140466406e-05
2021,US0537741052,5.978174945785009e-05
2021,US0565251081,0.0008141029875005058
2021,US0584981064,0.0034837248048269543
2021,US0605051046,0.004781080809471811
2021,US0640581007,0.00466262615187465
2021,US0718131099,0.0011765001819761815
2021,US0758871091,0.002375089431638079
2021,US0844231029,3.506287214647302e-06
2021,US0893021032,3.4025999494018358e-06
2021,US09062X1037,9.7435545525489e-05
2021,US09073M1045,2.140699161951877e-05
2021,US0970231058,0.002460969613274016
2021,US09857L1089,0.0042195304370994105
2021,US0997241064,3.616252232280198e-05
2021,US1011211018,4.5029550759644534e-05
2021,US1011371077,0.00045908851952800256
2021,US1053682035,3.124899375822547e-05
2021,US1096961040,0.0009559932792349167
2021,US1101221083,0.005862246189209692
2021,US1124631045,0.00018742346081441813
2021,US1156372096,0.003669275809521439
2021,US12504L1098,0.0003775672995345468
2021,US1252691001,0.0004906170853058993
2021,US12541W2098,0.00014070327431818917
2021,US1255231003,0.0021814464558480634
2021,US12572Q1058,0.0018013241546260257
2021,US1264081035,0.00035860043265277357
2021,US12653C1080,5.604070931718734e-05
2021,US1266501006,0.0013574885549826816
2021,US1270971039,0.0008381014060852731
2021,US1273871087,0.0008229895659652949
2021,US1307881029,0.0017499744785611398
2021,US1344291091,7.055365162228592e-05
2021,US14040H1059,0.004088373876180178
2021,US14149Y1082,1.594224853327087e-05
2021,US1423391002,0.0014123225475235874
2021,US1431301027,0.00022467301778312542
2021,US1491231015,0.00014684415645158834
2021,US1508701034,4.788089624631016e-05
2021,US1567821046,0.0006935050069867454
2021,US1598641074,0.0038173560466881334
2021,US1713401024,2.951792001282997e-05
2021,US1717793095,6.160353486122509e-05
2021,US1720621010,0.0007630082528183676
2021,US17275R1023,0.005314962655578063
2021,US1729081059,0.00020989727991556099
2021,US1729674242,0.007916323423792086
2021,US1773761002,0.009403991182185366
2021,US1890541097,0.005499216768647448
2021,US1912161007,0.008449788381658
2021,US1924461023,9.776965055547412e-05
2021,US1941621039,0.002917935270798537
2021,US20030N1019,0.0010976777716246173
2021,US2003401070,1.2096355016297942e-06
2021,US2017231034,0.00026093866647469146
2021,US2058871029,0.0027201247714608414
2021,US20825C1045,0.0001762425082338053
2021,US2091151041,0.002833685834534509
2021,US21036P1084,0.0039926841510891115
2021,US2172041061,0.00018620099877809514
2021,US2193501051,0.0026232824980308
2021,US22160K1051,0.007211743172967196
2021,US22410J1060,0.000489354523894069
2021,US22822V1017,0.0031364402336466397
2021,US2310211063,0.0007498930201232126
2021,US23331A1097,1.889271175401083e-06
2021,US23355L1061,9.312390769379534e-05
2021,US2358511028,0.007865973211678576
2021,US2371941053,0.0012960432823049324
2021,US23918K1088,5.0611847881159116e-05
2021,US2441991054,0.00025331966295363714
2021,US24906P1093,0.0002689878191427209
2021,US25179M1036,0.0006716506356491628
2021,US2546871060,0.008013954515364912
2021,US25525P1075,4.412549201384679e-05
2021,US25659T1079,4.0314474070744216e-05
2021,US2566771059,0.00019915709611799127
2021,US2567461080,0.0002794850813475254
2021,US25746U1097,0.0018410948732489867
2021,US2576511099,0.0009887968845235906
2021,US25960P1093,0.000662802067943237
2021,US2600031080,0.0013787665043599059
2021,US26441C2044,4.602934694689241e-05
2021,US26614N1028,0.0002184706518623267
2021,US26875P1012,0.000759500398695491
2021,US26884L1098,0.0005962703976529791
2021,US2774614067,0.0005149500449104108
2021,US2786421030,0.0009055866170308999
2021,US2810201077,0.00014722387187832036
2021,US28176E1082,0.0009127215142665625
2021,US2910111044,0.003870188332852321
2021,US29272W1099,1.6881985635331786e-06
2021,US29364G1031,0.0007297006124005662
2021,US2944291051,0.00024913947503319854
2021,US29444U7000,8.96684975518901e-05
2021,US29476L1070,0.005578941262286461
2021,US29670G1022,0.00012056135390821878
2021,US2971781057,0.0011054581582562945
2021,US30040W1080,0.0018313220290993026
2021,US30161N1019,6.709901596989158e-05
2021,US30212P3038,8.305239607991074e-05
2021,US3021301094,0.003957489416152137
2021,US30231G1022,0.0001914287157955916
2021,US3024913036,0.004945371690215324
2021,US3029411093,0.004408627338496373
2021,US3030751057,0.005844319129674124
2021,US3119001044,0.0005518741350206359
2021,US3137451015,0.0001367692361699197
2021,US31428X1063,0.0001976537038617098
2021,US31620M1062,0.00022604172230598777
2021,US3167731005,7.472346637692934e-06
2021,US3205171057,3.238659331291933e-05
2021,US3379321074,4.846513927425006e-06
2021,US34354P1057,4.689083595499445e-06
2021,US3448491049,0.00800084609980262
2021,US35671D8570,2.0757728591799517e-05
2021,US3635761097,4.099665432965001e-06
2021,US3695501086,8.698920957916255e-05
2021,US3703341046,0.0003167504777684028
2021,US37045V1008,0.002872854965063358
2021,US3719011096,0.0001233572403965687
2021,US37247D1063,0.0017059032267662331
2021,US37940X1028,6.63518683382342e-05
2021,US38141G1040,2.5731808534902904e-05
2021,US3841091040,0.0006430108982732597
2021,US3976241071,0.0024328709769584215
2021,US40434L1052,0.00782712736599432
2021,US4062161017,1.33149780664872e-05
2021,US4108671052,2.204352936680092e-06
2021,US4128221086,1.2509994518323232e-05
2021,US4158641070,0.002150667509024903
2021,US4165151048,0.0006955643661668159
2021,US4180561072,0.009698207241958688
2021,US4198701009,0.00032840923095862266
2021,US42250P1030,4.775549986546763e-05
2021,US42330P1075,7.063799299815071e-05
2021,US4234521015,2.3104373057240614e-05
2021,US4278661081,0.0007733632316098764
2021,US4370761029,0.00254499307425734
2021,US4385161066,2.035327412345258e-06
2021,US4404521001,2.315353825835226e-05
2021,US44107P1049,3.891839060561676e-05
2021,US4435106079,0.0035437556077717357
2021,US4448591028,0.00012058451143486791
2021,US4456581077,1.0845556655912944e-05
2021,US4461501045,1.3066080042379674e-05
2021,US4470111075,0.004396113617091134
2021,US45168D1046,0.0004607101418267512
2021,US4523081093,0.0007059866298623436
2021,US4523271090,0.0028993046120860976
2021,US4581401001,0.005789521467533799
2021,US45866F1049,0.012623027938223964
2021,US4595061015,0.0023265004506259433
2021,US4601461035,5.573929687829073e-05
2021,US4612021034,0.007859542528267531
2021,US46284V1017,0.0013291901097333147
2021,US4657411066,0.0006367381473335343
2021,US46625H1005,0.02066087502423299
2021,US4781601046,0.01169314008630352
2021,US48020Q1076,0.00012298285208640973
2021,US48203R1041,0.00030663408364953334
2021,US48242W1062,5.366990676524833e-06
2021,US4824801009,0.005504753697422371
2021,US4878361082,0.00041226984260076373
2021,US4891701009,0.0006646586637721421
2021,US4932671088,4.961134464797602e-05
2021,US4943681035,0.005920391961798758
2021,US49446R1095,0.0027840492250513645
2021,US49456B1017,0.0007498526918058906
2021,US4972661064,0.0010023950079779394
2021,US5002551043,0.0031976824157664463
2021,US5010441013,0.0031965571809758767
2021,US5018892084,0.0025578273919096973
2021,US5150981018,0.0003217693016403035
2021,US5178341070,0.00030501342016060116
2021,US5184391044,0.0004499563832424985
2021,US5218652049,1.4614214325237797e-05
2021,US5261071071,7.059021542032642e-06
2021,US5324571083,0.0007109647345916288
2021,US5339001068,3.1801748602109646e-05
2021,US5341871094,7.700642745057079e-06
2021,US5370081045,0.0032965814078101067
2021,US5398301094,0.00048717294252736916
2021,US5486611073,0.005142176317630255
2021,US5502411037,0.0028827771925626386
2021,US55261F1049,0.0035142126942726217
2021,US5526761086,1.7520589495289644e-05
2021,US5529531015,4.597217868113408e-05
2021,US5543821012,8.817945681971173e-05
2021,US5544891048,0.002084725057772985
2021,US55616P1049,0.004465904765911792
2021,US5635714059,4.568759882018644e-06
2021,US56418H1005,4.211329966486971e-05
2021,US5658491064,5.181346776936542e-05
2021,US5717481023,0.000151884615814268
2021,US5719032022,0.0003339752170257434
2021,US5732841060,3.1613710820522554e-06
2021,US5738741041,0.0018784900944021474
2021,US5745991068,0.0001964971179073304
2021,US57636Q1040,0.015025842514747033
2021,US57667L1070,0.00713111852907031
2021,US5797802064,0.0019082199165323796
2021,US5801351017,0.003230097156881062
2021,US58155Q1031,2.207127721537929e-05
2021,US58933Y1055,0.0018562537083982194
2021,US59156R1086,0.0004815787828865655
2021,US5926881054,0.00042627040288334243
2021,US5949181045,0.06831153656204525
2021,US5950171042,2.9306126433971017e-05
2021,US5951121038,0.0015267331473985675
2021,US60871R2094,0.0017702644915080375
2021,US6092071058,0.009955257702245276
2021,US61174X1090,0.0030161947382991473
2021,US6153691059,0.002676220298142233
2021,US6174464486,0.00011627173968639762
2021,US61945C1036,7.246798547186004e-05
2021,US6200763075,0.0003479049729641428
2021,US6267171022,0.0013286799727317549
2021,US6293775085,9.738694666901185e-05
2021,US62955J1034,0.0001460314373456711
2021,US6311031081,5.5605701038304745e-06
2021,US6361801011,4.3381380529159754e-05
2021,US6501111073,0.0010069205984966371
2021,US6512291062,0.0014706722389195507
2021,US6516391066,0.002035230579923195
2021,US65249B1098,7.049053349771532e-06
2021,US65339F1012,0.003309006206937789
2021,US6541061031,0.008982947091944037
2021,US65473P1057,1.2194971930828136e-05
2021,US6556641008,0.00196729628847372
2021,US6558441084,0.0010171550802780928
2021,US6658591044,0.0001640906716587823
2021,US6668071029,0.006771829827593876
2021,US6687711084,0.00022873004488900556
2021,US67066G1040,0.02503680248884972
2021,US6780261052,0.00011464204378273432
2021,US6819191064,0.0005643268280569689
2021,US6821891057,1.0568015503402452e-06
2021,US6826801036,0.0007369743275725537
2021,US68389X1054,0.01086354064953222
2021,US6866881021,0.0031066704268023276
2021,US6882392011,2.6442610433626187e-06
2021,US69331C1080,0.00050861605967235
2021,US6934751057,0.0030640675751076605
2021,US6935061076,0.0015913538279857457
2021,US6936561009,0.0007722766552082735
2021,US6937181088,0.00012414517667286838
2021,US6951561090,0.002024092160116183
2021,US7010941042,0.00015723733900034858
2021,US7043261079,0.0016097324507646604
2021,US7134481081,0.007812384294234971
2021,US7140461093,0.0010901149133734833
2021,US7170811035,0.005946868367513019
2021,US7237871071,0.0006822171357925489
2021,US7244791007,0.0007265115854762497
2021,US7310681025,0.000562295382842478
2021,US74144T1088,0.002405304807700905
2021,US74251V1026,0.0007318604760298945
2021,US7427181091,0.008396552242382189
2021,US7433151039,0.008448740693458108
2021,US74340W1036,0.00022237226821390866
2021,US7443201022,0.0023950316856125465
2021,US7445731067,2.453961778970281e-05
2021,US74460D1090,1.53426975989881e-05
2021,US7458671010,0.0008078717043044491
2021,US7475251036,0.005864105492380832
2021,US74762E1029,0.005099539449036159
2021,US74834L1008,0.002507142558553449
2021,US7496851038,0.0007077245784975175
2021,US7509171069,1.109579511430623e-06
2021,US75281A1097,4.4027470480741006e-08
2021,US7547301090,0.00010154336730485306
2021,US75513E1010,5.088670320286372e-05
2021,US7588491032,4.45420122569323e-05
2021,US75886F1075,0.0038233108540800223
2021,US7591EP1005,5.9009176951127535e-05
2021,US7593516047,0.0013709966921682715
2021,US7595091023,4.89903248771884e-05
2021,US7611521078,0.0033717587374071417
2021,US7703231032,3.065486347969786e-07
2021,US7739031091,0.0004004918172799458
2021,US7782961038,0.0021022766712647384
2021,US7802871084,1.3649477069032266e-05
2021,US78409V1044,0.002611388151929684
2021,US78410G1040,0.0038280897684361214
2021,US7841171033,5.9701001461142205e-05
2021,US78454L1008,0.00032674011292019246
2021,US78473E1038,0.00020863874177688658
2021,US79466L3024,0.008066401865489781
2021,US8064071025,4.36745782722721e-06
2021,US8101861065,0.0001567470884208032
2021,US8168511090,0.0009187102725315665
2021,US8175651046,0.002312896300960019
2021,US8243481061,0.004118050165748078
2021,US8288061091,0.00013010577691022101
2021,US8326964058,5.8613446912293884e-05
2021,US84265V1052,0.00017239051796084597
2021,US8454671095,0.00012120484764885536
2021,US8485741099,7.899486680561293e-06
2021,US8552441094,0.005320196768355644
2021,US8574771031,8.381741476412692e-05
2021,US8589121081,0.003234499072659584
2021,US8636671013,0.0024886681301719542
2021,US8676524064,2.9018459681466e-06
2021,US8716071076,0.0009181571992752529
2021,US87161C5013,1.2523451619726967e-06
2021,US8718291078,0.0005212742093214811
2021,US8725401090,4.9211974074189066e-05
2021,US8760301072,8.532564358746317e-07
2021,US87612E1064,0.001084316786105877
2021,US8807701029,0.002591589911712072
2021,US8825081040,7.714257172518948e-05
2021,US8832031012,0.002583996876924008
2021,US88337F1057,0.0011288027598367857
2021,US8835561023,0.006065480119237052
2021,US8851601018,2.1089707443395742e-05
2021,US88579Y1010,0.0005033858342556376
2021,US88642R1095,0.0008216144356322445
2021,US8873891043,5.1699101703116605e-05
2021,US89417E1091,0.001365169112093972
2021,US8962391004,7.050116045639999e-05
2021,US8965221091,8.558746569094406e-06
2021,US89832Q1094,0.000581583865192027
2021,US9024941034,7.491721657942096e-05
2021,US9026531049,0.0010857856531702186
2021,US9026811052,1.2445955065994027e-05
2021,US9029733048,0.0028559208180607364
2021,US9078181081,0.000823639302233077
2021,US9111631035,0.00034825228802872756
2021,US9113121068,0.0017071658562612525
2021,US9113631090,7.633890069333935e-06
2021,US91324P1021,0.00742920552218348
2021,US91529Y1064,2.3875391520316717e-05
2021,US91913Y1001,0.0010480116732797793
2021,US92276F1003,0.00021704312184208093
2021,US92343V1044,0.010387337899606285
2021,US92532F1003,0.0016343255040535923
2021,US9255501051,0.00010136499901044753
2021,US9290421091,0.0013535175546505163
2021,US9291601097,3.2290448485643784e-06
2021,US92922P1066,0.0011014379646302843
2021,US92939U1060,4.000708141132877e-05
2021,US9311421039,0.011806019363773622
2021,US94106L1098,0.0011147201565881604
2021,US9418481035,0.0001742640092225042
2021,US9497461015,0.003741505511505011
2021,US95040Q1040,0.000122146055166376
2021,US95058W1009,9.140009305586488e-05
2021,US95082P1057,0.000859001358102611
2021,US9581021055,0.002100710441221
2021,US96145D1054,5.498903605598336e-07
2021,US9621661043,0.0025902033198860986
2021,US9633201069,0.0009311907329595769
2021,US9682232064,0.0007906805179949665
2021,US9694571004,0.0003602323176610738
2021,US9699041011,0.00043014238081413376
2021,US9831341071,2.6158716793037424e-05
2021,US9839191015,6.954047934164386e-06
2021,US98421M1062,0.008687884820875954
2021,US9884981013,0.0025695796878540864
2021,US9892071054,0.0005231035746059405
2021,US98956P1021,0.0002767004517765629
2022,AN8068571086,0.00025714581776496676
2022,CA0084741085,0.0025526252219098054
2022,CA00900Q1037,0.003839973942206314
2022,CA01626P1484,2.5672455101637762e-05
2022,CA0641491075,0.00011806711894608277
2022,CA0977518616,0.00025262909836315734
2022,CA1247651088,5.7910472885190674e-05
2022,CA12532H1047,0.0009888306580830926
2022,CA13321L1085,0.00023815797837661393
2022,CA1363751027,0.004037448114867774
2022,CA1363851017,0.00014843162719699508
2022,CA2849025093,0.00038071772270448044
2022,CA2918434077,1.86045743556633e-05
2022,CA29250N1050,0.003444233418588591
2022,CA2927661025,0.00022423593041602424
2022,CA3180714048,0.000705380634117645
2022,CA3359341052,0.0008459752450972144
2022,CA3495531079,2.4335282794218265e-07
2022,CA3518581051,0.015527471259589348
2022,CA3759161035,9.502936673937864e-05
2022,CA39138C1068,0.000222946163774863
2022,CA4495861060,0.0009974196333381602
2022,CA45823T1066,0.0013997515608846697
2022,CA56501R1064,5.50740363037399e-05
2022,CA59162N1096,0.0005193902864891679
2022,CA67077M1086,3.404383154168241e-05
2022,CA6744822033,1.5304249902173222e-05
2022,CA68272K1030,0.00014214342206069
2022,CA6837151068,0.00047628003735208555
2022,CA7392391016,3.349955248904475e-05
2022,CA74022D4075,3.4182416197234614e-05
2022,CA7751092007,3.0662527147868165e-07
2022,CA7800871021,0.0002437938027531919
2022,CA82028K2002,0.0002152369309009629
2022,CA85472N1096,7.247569535916104e-07
2022,CA8667961053,1.3566297459786607e-06
2022,CA87807B1076,0.003113532972023322
2022,CA8787422044,0.00140068468520787
2022,CA8849038085,0.0008973461577920202
2022,CA8911605092,0.0004886064604725306
2022,CA8959451037,0.001347370583573404
2022,IE00BWT6H894,0.001345140396879601
2022,LR0008862868,0.003608818915095508
2022,US0010551028,0.003999293012477716
2022,US0010841023,9.089398421035796e-05
2022,US00206R1023,0.0008935714798231165
2022,US0028241000,0.011798803188930486
2022,US00507V1098,0.003473312696054431
2022,US00724F1012,0.0026319925899075764
2022,US00751Y1064,0.0006141265250123306
2022,US0079031078,0.0015599273327795585
2022,US0082521081,8.63933964934016e-05
2022,US00846U1016,0.0006802714682266323
2022,US0126531013,0.0017493424023431934
2022,US0152711091,1.5088398849898445e-06
2022,US01741R1023,0.001014806795509913
2022,US0185811082,0.000494754907595874
2022,US02079K3059,0.01802655732960509
2022,US02209S1033,0.00576205982616306
2022,US0231351067,0.03472262823454937
2022,US0258161092,0.003743697069008446
2022,US0268747849,0.0016961081662979604
2022,US03027X1000,0.00908177420364726
2022,US03073E1055,0.0009377921990531117
2022,US03076C1062,0.005987547816806386
2022,US0311001004,1.0673698874879205e-06
2022,US0311621009,0.0031565378915060756
2022,US0320951017,0.0007680920991280886
2022,US0326541051,0.00046109251854745614
2022,US0367521038,0.0016479151906011401
2022,US03743Q1085,6.255821588319899e-05
2022,US0378331005,0.0675907914425915
2022,US0382221051,7.633152609583024e-07
2022,US0394831020,0.001526557728592543
2022,US0441861046,0.0011612879493512818
2022,US0454871056,0.0017352978682447905
2022,US04621X1081,1.4892377438254288e-06
2022,US0527691069,0.002961611260020485
2022,US0530151036,0.0017303816075044658
2022,US0533321024,0.0007501141798835791
2022,US0534841012,0.0016863295414253035
2022,US0536111091,9.448372845683062e-06
2022,US0537741052,0.0006198311663764438
2022,US0565251081,0.0003444140750901724
2022,US0584981064,0.002724365033274652
2022,US0605051046,0.0090902023238766
2022,US0640581007,0.0036140482115019816
2022,US0708301041,0.00021968618999390334
2022,US0718131099,0.00034046837069785373
2022,US0758871091,0.00040395037951303095
2022,US0844231029,0.0002946283186274037
2022,US09061G1013,7.964998815225864e-05
2022,US09062X1037,4.3316679548209155e-06
2022,US09073M1045,0.0009316995404094306
2022,US0936711052,4.5576753061131283e-07
2022,US0970231058,0.0014811597085174553
2022,US09857L1089,0.005141313024658874
2022,US0997241064,2.1224326590515498e-06
2022,US1011211018,0.00025552033814093893
2022,US1011371077,7.401958300000671e-05
2022,US1053682035,4.754457990981856e-05
2022,US1096961040,0.0013686313013421998
2022,US1101221083,0.006331740539490174
2022,US1124631045,6.971247281766776e-05
2022,US1156372096,0.004849049872050556
2022,US12504L1098,6.066131865097064e-06
2022,US1252691001,0.00012663339784331617
2022,US12541W2098,0.0008126938651771935
2022,US1255231003,0.0005497025471061193
2022,US12572Q1058,0.0006609120331596816
2022,US1264081035,0.00023141500177563702
2022,US12653C1080,0.0003960979716961213
2022,US1266501006,0.003809870349281663
2022,US1270971039,0.0027862340776995875
2022,US1273871087,0.00029260121174692997
2022,US1307881029,0.0012157535976365763
2022,US1331311027,0.00013914491970833017
2022,US14040H1059,0.000509034175510106
2022,US14149Y1082,0.001053863618452714
2022,US1423391002,0.0028641508506053624
2022,US1431301027,6.106036432881298e-06
2022,US1491231015,0.0002897193568272042
2022,US1508701034,3.7479284945142214e-05
2022,US15189T1079,0.000635622965883781
2022,US1598641074,0.001428650525799787
2022,US1667641005,0.0037370423109168416
2022,US1699051066,5.7742639131027965e-05
2022,US1713401024,0.00035603745831072663
2022,US1720621010,7.570009526517007e-05
2022,US17275R1023,0.006494933540437
2022,US1729081059,1.2432916884397217e-05
2022,US1729674242,0.01288115248164174
2022,US1890541097,0.0037966125047588445
2022,US1912161007,0.0070708262344753485
2022,US1924461023,0.0006132338112354755
2022,US1941621039,0.0006327643877264802
2022,US2017231034,5.6058219829904745e-05
2022,US2058871029,0.002119415954939057
2022,US20825C1045,0.006053435290399976
2022,US2091151041,0.001213809744801539
2022,US21036P1084,0.0011200169206161592
2022,US2172041061,0.00039611649678696916
2022,US21871N1019,0.0005157919943305705
2022,US2193501051,0.004180382926917023
2022,US22160K1051,0.013117932127138533
2022,US22410J1060,2.1863786833581885e-05
2022,US22822V1017,0.006999828868646448
2022,US2283681060,0.00024291165500173878
2022,US2310211063,3.487311429865839e-05
2022,US23331A1097,8.139826716380571e-05
2022,US23355L1061,3.859403370387075e-05
2022,US2358511028,0.007084421637723527
2022,US2371941053,0.0007560875319327546
2022,US23918K1088,0.0004058666074446991
2022,US2441991054,0.002103033034805283
2022,US24906P1093,5.970908644538708e-07
2022,US25179M1036,0.0006182380199367235
2022,US2533931026,8.996341026846956e-07
2022,US2546871060,0.008874389167635109
2022,US25525P1075,0.00019223374222247905
2022,US2566771059,0.0002857090763003461
2022,US2567461080,0.0023804765128603925
2022,US25746U1097,0.0008033154846221118
2022,US2576511099,0.0010711255333257464
2022,US25960P1093,2.4141840176083705e-05
2022,US2600031080,0.0005027425126099527
2022,US26441C2044,2.2620143845782725e-05
2022,US26614N1028,0.0006486691100604201
2022,US26875P1012,5.498607689484046e-07
2022,US26884L1098,0.0015760745679768307
2022,US2774614067,0.00035444156216960524
2022,US2786421030,0.0005370215195902559
2022,US2788651006,3.396971103898566e-05
2022,US2810201077,6.899730783514808e-05
2022,US28176E1082,0.0010810129540279204
2022,US2855121099,4.577861755861818e-06
2022,US2910111044,0.00194423410901305
2022,US2944291051,0.0015870513489459922
2022,US29444U7000,2.982403222911361e-05
2022,US29476L1070,0.006339474541172831
2022,US29670G1022,0.0009522556698140634
2022,US2971781057,0.00032061173203904385
2022,US30040W1080,0.0009550693075854558
2022,US30161N1019,0.00042680939404179697
2022,US30212P3038,0.0006207464929918457
2022,US3021301094,0.0003828192207659597
2022,US30231G1022,0.005139938637351473
2022,US3024913036,0.0024171159772334075
2022,US3029411093,0.005676949297783992
2022,US3030751057,0.005292341513076037
2022,US3119001044,3.2349194987943144e-06
2022,US3137451015,2.2407445912087217e-05
2022,US31428X1063,0.00013015184153616249
2022,US31620M1062,0.0037810837444011494
2022,US3167731005,2.164850237239744e-05
2022,US3205171057,0.0006430028844480785
2022,US3377381088,5.987962003578801e-05
2022,US3434121022,4.850484100842923e-05
2022,US3448491049,0.005132898059074661
2022,US3453708600,1.9555485026597787e-06
2022,US3546131018,0.00022715738606710826
2022,US3635761097,1.798946780942959e-05
2022,US3647601083,4.670788855865067e-05
2022,US3695501086,0.004784774852897688
2022,US3703341046,0.00015309460195900835
2022,US37045V1008,0.0006003716090606416
2022,US3719011096,0.0005246932381738128
2022,US3724601055,1.2260855576629145e-07
2022,US37247D1063,0.002348301221347133
2022,US37940X1028,0.0027791480414764065
2022,US38141G1040,0.00013987264939088154
2022,US3825501014,8.538998784332963e-05
2022,US3841091040,0.0012625049256896565
2022,US3976241071,3.28290138823708e-05
2022,US40434L1052,0.006759355716416514
2022,US4062161017,0.0012933294641111347
2022,US4103451021,8.897295570561675e-05
2022,US4128221086,0.0009890227941893744
2022,US4158641070,0.0007645660066958787
2022,US4165151048,0.00024953258518585876
2022,US4180561072,0.004197574720762155
2022,US42250P1030,0.0007447977782420083
2022,US42330P1075,4.36795457064332e-05
2022,US4234521015,0.00015556775864602028
2022,US4278661081,0.0002685078774968152
2022,US4364401012,9.616477915753821e-05
2022,US4370761029,0.003375320482566247
2022,US4404521001,7.831778762222021e-05
2022,US4435106079,0.0015340983750605811
2022,US4448591028,0.00013906821643429765
2022,US4456581077,0.0008131098109812986
2022,US4461501045,1.4753834573821993e-05
2022,US4470111075,0.0008790530654294834
2022,US45168D1046,9.66888078884523e-06
2022,US4523081093,0.00021626355862452106
2022,US4523271090,0.0023823823208725878
2022,US4581401001,0.002659343899852798
2022,US45866F1049,0.002421283409017315
2022,US4595061015,0.0006548223371506747
2022,US4601461035,0.0004269775307762502
2022,US4606901001,0.0003521486702545415
2022,US4612021034,0.010570283207429714
2022,US46120E6023,0.00043897203995035947
2022,US46284V1017,0.001054551239720387
2022,US4657411066,0.00026193752253930334
2022,US46625H1005,0.015191804113076532
2022,US4663131039,0.001638912474298039
2022,US4781601046,0.016517148977615945
2022,US48020Q1076,0.0032008158412602547
2022,US48203R1041,0.0022194104302763213
2022,US4824801009,0.006299521593932583
2022,US4878361082,0.0014444861766523224
2022,US4891701009,0.00043757847757311613
2022,US4932671088,0.0011194866568407476
2022,US4943681035,0.001340408022516741
2022,US49446R1095,0.0017850368303126759
2022,US49456B1017,0.0001071097404478009
2022,US4972661064,0.0009654208812145699
2022,US5002551043,3.3435348983971555e-06
2022,US5010441013,0.001047047422723911
2022,US5018892084,0.0006307714003234455
2022,US5150981018,0.0019072464732135638
2022,US5178341070,0.0003968823511793015
2022,US5184391044,0.0004608253985387638
2022,US5218652049,8.800676329651234e-05
2022,US5246601075,0.00013326028644801907
2022,US5260571048,1.5335882057213556e-05
2022,US5261071071,2.4235615671844486e-07
2022,US5324571083,0.004592846224057805
2022,US5339001068,0.0006485402193159786
2022,US5341871094,3.721176725626267e-05
2022,US5370081045,0.0013044515271605237
2022,US5398301094,0.0005406604450725903
2022,US5486611073,0.00884667066648956
2022,US5502411037,0.00347590326519201
2022,US55261F1049,0.001253163714620649
2022,US5526761086,4.021067967708402e-06
2022,US5529531015,3.316235931426828e-05
2022,US5535301064,2.4198108605355477e-05
2022,US5543821012,8.385317242422793e-05
2022,US5544891048,0.0008952249890445504
2022,US55616P1049,0.00254278391136736
2022,US5635714059,2.7279666371567702e-05
2022,US56418H1005,0.0011906013077136177
2022,US5658491064,0.0014226381071259272
2022,US5717481023,5.108185953112294e-06
2022,US5732841060,1.3941162536657867e-07
2022,US5738741041,0.0011959722594246146
2022,US5745991068,0.0002633632924269512
2022,US57636Q1040,0.019978051594576565
2022,US57667L1070,0.0016964123989196946
2022,US5797802064,0.003700891128322022
2022,US5801351017,0.007674436752074497
2022,US58155Q1031,1.3815158211104197e-05
2022,US58933Y1055,0.0026187913557624057
2022,US59156R1086,0.00011955918679106852
2022,US5926881054,0.0014883641474884618
2022,US5949181045,0.07096490579435892
2022,US5951121038,0.0006844123670227625
2022,US6081901042,8.903189837941999e-05
2022,US60871R2094,0.001218404695760397
2022,US6092071058,0.0066221385343095355
2022,US61174X1090,0.0038858898761446933
2022,US6153691059,0.002592705618659063
2022,US6174464486,0.0035547163931440692
2022,US61945C1036,0.002300507661834531
2022,US6200763075,0.00018474552165913938
2022,US6267171022,0.00022085348910443398
2022,US62886E1082,4.209269925076881e-06
2022,US6293775085,4.376943225815174e-05
2022,US62955J1034,0.0003754334698515043
2022,US6311031081,0.0005043474485845656
2022,US6365181022,0.00016059102007166912
2022,US6512291062,0.0012921802731998221
2022,US65249B1098,5.931834237520073e-05
2022,US65339F1012,0.002589122114556841
2022,US6541061031,0.012488823404023982
2022,US6556641008,0.0002758442197458602
2022,US6558441084,0.00019749198637606375
2022,US6658591044,0.0006829593663568398
2022,US6668071029,0.006580707311775912
2022,US6687711084,0.0006235790738802013
2022,US6703461052,0.0004365573556854851
2022,US67066G1040,0.031531014522173335
2022,US6708371033,0.0029165933697387378
2022,US67103H1077,0.0010280796730753469
2022,US6745991058,0.002816563295579301
2022,US6752321025,0.0008676201342537931
2022,US6819191064,0.00036964931419315446
2022,US6821891057,0.001215199038813949
2022,US68389X1054,0.009518716537170237
2022,US6866881021,0.003489343366763435
2022,US69331C1080,3.0005214465705267e-05
2022,US6934751057,0.001433412938433587
2022,US6935061076,5.4431551206883354e-05
2022,US6936561009,8.285196825466608e-05
2022,US6937181088,0.0020371517440090827
2022,US6951561090,0.001177893037558623
2022,US7010941042,0.0006708955027946074
2022,US7043261079,0.00020012691339238895
2022,US7045511000,6.81543970905077e-07
2022,US7075691094,5.487011554307114e-06
2022,US70959W1036,0.0007547517837046236
2022,US7134481081,0.009565764497912872
2022,US7140461093,1.989264477169331e-05
2022,US7170811035,0.003274462688082362
2022,US7237871071,6.401778385095667e-05
2022,US7244791007,0.0004972979328637136
2022,US7310681025,0.0017824953301953136
2022,US74144T1088,0.00010322358739292183
2022,US74251V1026,0.00029131915260900346
2022,US7427181091,0.009173722533093365
2022,US7433151039,0.008314571890710727
2022,US74340W1036,0.0013711198316383373
2022,US7443201022,0.0019413146403969173
2022,US7445731067,0.0009329772892323372
2022,US74460D1090,0.0013353160785797178
2022,US7458671010,0.0002890329012596744
2022,US7475251036,0.006287074309834921
2022,US74762E1029,0.0015565937947159042
2022,US74834L1008,0.0002998174021637248
2022,US7496851038,0.00018567690497238852
2022,US7509171069,0.00010274113894446968
2022,US7512121010,0.0017029350310298157
2022,US75281A1097,9.350686172420638e-06
2022,US7547301090,0.0009426039481219272
2022,US75513E1010,0.002006661050858262
2022,US7588491032,0.00031474104943814856
2022,US75886F1075,1.851364547355272e-06
2022,US7591EP1005,3.518461516594104e-05
2022,US7593516047,0.001333417300429412
2022,US7595091023,0.0009227597953188866
2022,US7611521078,0.006011817695853761
2022,US7703231032,2.024921757613342e-05
2022,US7739031091,0.000141014423291693
2022,US7766961061,6.968687328840971e-05
2022,US7835491082,1.4252237033977393e-07
2022,US78409V1044,0.0035708078547864053
2022,US78410G1040,0.003083661106857045
2022,US7841171033,1.2110819322815244e-05
2022,US78454L1008,0.00012615009730639087
2022,US78473E1038,8.544190557768733e-05
2022,US79466L3024,0.007286110712582584
2022,US8085131055,0.018229913204857888
2022,US81211K1007,0.0003993034905763726
2022,US8168511090,0.001216310324664958
2022,US8243481061,0.0008038385571602729
2022,US8288061091,0.00044899495309239004
2022,US8326964058,0.0013248630788328503
2022,US8330341012,0.0017114530097963496
2022,US84265V1052,1.0002143714872647e-06
2022,US8485741099,0.0007743681985063084
2022,US8552441094,0.001715896751101239
2022,US8574771031,0.0003219168431409065
2022,US8589121081,0.000485071942018079
2022,US8636671013,0.0011200932151753822
2022,US8676524064,5.992372233667284e-05
2022,US8716071076,0.0006940057483221717
2022,US87161C5013,6.2337929038621505e-06
2022,US8718291078,0.0011879534796473486
2022,US8725401090,0.0002603059148077635
2022,US8760301072,0.00017055157311280533
2022,US8794338298,0.0025208765480990328
2022,US8807701029,0.0021594241955092404
2022,US8807791038,7.906163408434457e-05
2022,US8825081040,0.002468051790099046
2022,US8832031012,0.0006097932182232951
2022,US88337F1057,0.0016248793045934497
2022,US8835561023,0.009074357972063091
2022,US8851601018,1.176952451671013e-06
2022,US88579Y1010,1.9443559118871044e-05
2022,US89417E1091,0.0027155240216926455
2022,US8965221091,0.0016038370029149648
2022,US89832Q1094,0.0006222414501986199
2022,US9024941034,1.234676725106989e-06
2022,US9026531049,0.00025679953939818594
2022,US9029733048,0.0007622138045843245
2022,US9078181081,3.246331042836819e-05
2022,US9111631035,2.200681733703591e-05
2022,US9113121068,0.003699400503735069
2022,US9113631090,2.246512466803838e-05
2022,US91324P1021,0.011429781337951033
2022,US91529Y1064,4.333365612415486e-06
2022,US92276F1003,1.2078131281688237e-05
2022,US92343V1044,0.008348604377087884
2022,US92532F1003,0.0002491489220186699
2022,US9255501051,0.0001251111403005988
2022,US92556V1061,0.000185115191407282
2022,US9282981086,1.0745530923435944e-06
2022,US9290421091,2.610652371769434e-06
2022,US9291601097,1.6864885885928053e-06
2022,US92922P1066,7.186074281853088e-05
2022,US9297401088,0.0022548679467840993
2022,US9311421039,0.01197650790513469
2022,US9314271084,5.191811024023516e-08
2022,US94106L1098,0.003122792104995702
2022,US9418481035,6.109916883873814e-05
2022,US9497461015,0.004191734660076167
2022,US95040Q1040,0.0002129155781842113
2022,US95058W1009,0.0027150586903837903
2022,US95082P1057,0.00033346358418271256
2022,US9581021055,0.0008775798201847375
2022,US96145D1054,4.634689587652427e-05
2022,US9621661043,0.00040080049036910316
2022,US9633201069,0.000100261998340795
2022,US9682232064,4.0847835279626965e-07
2022,US9694571004,0.00029040020683978994
2022,US9699041011,0.0029828232769747672
2022,US98421M1062,0.010266635211132061
2022,US9884981013,0.0014669483322557256
2022,US9892071054,0.0012325203840785305
2022,US98956P1021,0.0002720183986197543
2023,AN8068571086,0.0019012827950341134
2023,CA0084741085,0.0012890129698149256
2023,CA00900Q1037,0.002432209981364978
2023,CA01626P1484,0.0002874217030807552
2023,CA05534B7604,1.3030284370345231e-06
2023,CA0636711016,8.43158770928014e-05
2023,CA0641491075,0.000575865746160217
2023,CA1247651088,2.5825873168560706e-06
2023,CA12532H1047,0.00025039122402229885
2023,CA13321L1085,0.0008710670344596218
2023,CA1363751027,0.00037601497583612353
2023,CA13646K1084,0.00017212369017139824
2023,CA1366812024,9.2574062878827e-05
2023,CA1367178326,2.9036897821762216e-07
2023,CA2849025093,0.00035910099446778904
2023,CA29250N1050,0.0016376042303053511
2023,CA2927661025,0.0008529544889718188
2023,CA3180714048,0.0001228258267004706
2023,CA3359341052,0.00010531266337073628
2023,CA3495531079,8.081256258046688e-07
2023,CA3518581051,0.01905472191026988
2023,CA3759161035,6.2981240743222e-05
2023,CA4495861060,0.0008899647626278254
2023,CA45823T1066,1.7775102429370353e-06
2023,CA56501R1064,6.314016820300718e-09
2023,CA59162N1096,0.003137601340007393
2023,CA67077M1086,0.0009132762206203607
2023,CA68272K1030,5.5181991992426766e-08
2023,CA6837151068,6.228256573632894e-05
2023,CA74022D4075,1.1390838058577546e-05
2023,CA7669101031,0.000479627839147149
2023,CA7800871021,2.930282014883882e-05
2023,CA8029121057,2.2800294633482968e-08
2023,CA85472N1096,2.5275365869559937e-05
2023,CA87807B1076,1.64338169982187e-05
2023,CA8787422044,0.0035391862138090162
2023,CA87971M1032,3.8963557163717174e-05
2023,CA8849038085,0.00023799488676408298
2023,CA8911605092,2.7513717052244498e-05
2023,CA8959451037,6.969586709880091e-05
2023,GB0022569080,0.0014689439871646908
2023,IE00BWT6H894,7.313964461387731e-05
2023,LR0008862868,0.00020567600009269643
2023,PA1436583006,2.308672117186329e-05
2023,US0010551028,0.00046917969307703767
2023,US0010841023,0.0004119125301686208
2023,US00206R1023,0.00038489254734163324
2023,US0028241000,0.006180765862403087
2023,US0028962076,2.7525589038477257e-05
2023,US00724F1012,0.005144827695728516
2023,US00751Y1064,0.0004749511299707429
2023,US0079031078,0.0027241786088688753
2023,US0082521081,5.656084759270696e-06
2023,US00846U1016,2.3072045138951803e-05
2023,US0091581068,0.0003433987894718967
2023,US0126531013,0.00021002335701114788
2023,US0152711091,1.5732817037430887e-05
2023,US01741R1023,0.0016981856824482158
2023,US0185811082,7.253919484148254e-05
2023,US0200021014,9.093777340041785e-06
2023,US02079K3059,0.01694104518850571
2023,US02209S1033,0.0027844896151548496
2023,US0231351067,0.02199876280025027
2023,US0255371017,2.383190070975922e-06
2023,US02553E1064,8.779207488810321e-05
2023,US0258161092,0.0014345322088266572
2023,US0268747849,0.0031239896585001955
2023,US03027X1000,0.004895849100086502
2023,US03073E1055,0.0011926059111766146
2023,US03076C1062,0.002844659039490572
2023,US0311001004,0.0004170512058641692
2023,US0311621009,0.0065352569367338135
2023,US0320951017,0.00027315220322074
2023,US0326541051,0.00044878910608374287
2023,US0367521038,0.0025944529237793123
2023,US03743Q1085,0.00010541328468173771
2023,US0375981091,0.000747607922008753
2023,US0378331005,0.06902303029721946
2023,US0382221051,9.65071803675306e-05
2023,US0394831020,0.000933454313559644
2023,US0427351004,0.0007522607172518904
2023,US0441861046,1.336749152353625e-06
2023,US0454871056,2.3685005756284105e-05
2023,US0527691069,0.004589244509789303
2023,US0530151036,0.0030963825628885725
2023,US0533321024,0.0006150257278810384
2023,US0534841012,0.0009629281530540627
2023,US0536111091,0.0005982368599806597
2023,US0537741052,0.0005682542431001671
2023,US0538071038,0.0006746855788154265
2023,US0565251081,0.00015528307150195123
2023,US0584981064,0.0003339145553938324
2023,US0605051046,0.010877589151165936
2023,US0640581007,0.0006687334089447931
2023,US0708301041,0.0006129269457458001
2023,US0718131099,3.265639746789602e-05
2023,US0758871091,0.001156742009280276
2023,US0844231029,0.0016185443647021357
2023,US0846701086,0.0067970889641803525
2023,US0865161014,0.0005408472161637298
2023,US0893021032,6.10515612205881e-07
2023,US09061G1013,0.0006089983285800009
2023,US09062X1037,0.0003230683372484438
2023,US09073M1045,0.001649938261714453
2023,US0936711052,0.0011012508559667996
2023,US0970231058,0.00297428866616659
2023,US09857L1089,0.0033911045055084435
2023,US1011211018,0.001081078911833493
2023,US1011371077,0.003259369105241308
2023,US1101221083,0.006958362511151678
2023,US1124631045,1.867741086894517e-06
2023,US1156372096,0.001630519075166679
2023,US12504L1098,1.085340010383007e-05
2023,US12541W2098,0.0009459148631599635
2023,US1255231003,3.2247798140625295e-06
2023,US12572Q1058,0.00024270524743955503
2023,US1264081035,0.0007310089983399004
2023,US12653C1080,0.00020751876428485913
2023,US1266501006,0.002132796488339151
2023,US1270971039,0.004006893213515827
2023,US1273871087,0.00011241302126813291
2023,US1307881029,3.023315219490353e-08
2023,US1331311027,1.3269572201472962e-05
2023,US14040H1059,5.997034580229944e-05
2023,US14149Y1082,0.00021862070252432107
2023,US1423391002,0.004762957180327052
2023,US1431301027,0.0004592703682996789
2023,US1491231015,0.00019828236714375673
2023,US1508701034,0.00011443271266555266
2023,US15189T1079,0.0031044125196562585
2023,US1598641074,0.0020077898704750395
2023,US1667641005,0.005293592391037461
2023,US1699051066,2.9952217183517816e-06
2023,US1713401024,0.0001630381838336614
2023,US1720621010,1.2814606305199753e-05
2023,US17275R1023,0.008280250713789033
2023,US1729081059,0.0003898917386552878
2023,US1729674242,0.014438271766866144
2023,US1890541097,0.0003113669338261253
2023,US1912161007,0.008124212534574378
2023,US1924461023,1.5751588606123523e-05
2023,US1941621039,0.005463887612369664
2023,US20030N1019,1.3986359449717147e-05
2023,US2017231034,8.355613684643112e-05
2023,US2058871029,0.005103062056035367
2023,US20825C1045,0.007350025898229546
2023,US2091151041,0.0028134652312263014
2023,US21036P1084,0.0016789110073778598
2023,US2172041061,9.427445000882266e-05
2023,US21871N1019,0.00020327880793549063
2023,US2193501051,0.0007476129382837126
2023,US22160K1051,0.009568199701017676
2023,US22410J1060,0.00010104543540842406
2023,US22822V1017,0.004685866735025531
2023,US2283681060,0.0007847908438088084
2023,US2310211063,0.0021331965176344587
2023,US23331A1097,9.079089560046505e-06
2023,US23355L1061,2.4932107491361804e-05
2023,US2358511028,0.0038568488569977683
2023,US2371941053,0.0009041405376121407
2023,US23918K1088,0.0017385315023457112
2023,US2441991054,0.004026623343218724
2023,US24906P1093,2.635566104485131e-05
2023,US25179M1036,0.001819310940541976
2023,US2546871060,0.003775590516227413
2023,US2566771059,0.0002848135524476566
2023,US2567461080,0.003392480746446535
2023,US25746U1097,0.0013761282819608638
2023,US2576511099,0.00048241277750732316
2023,US25960P1093,0.00025987993557916066
2023,US2600031080,2.94593372116352e-05
2023,US26614N1028,0.0009809593151821434
2023,US26875P1012,0.003436187037059647
2023,US26884L1098,0.000368172386745935
2023,US2774614067,0.0002703128057484822
2023,US2786421030,1.178041081911564e-05
2023,US2810201077,0.000495319479741952
2023,US28176E1082,0.0013367172871203187
2023,US2855121099,0.0032252651593030267
2023,US2910111044,0.0025768742287167494
2023,US2944291051,0.001996827340375424
2023,US29476L1070,0.0014604864666073038
2023,US29670G1022,0.0011177647498442566
2023,US2971781057,1.0111601396425307e-05
2023,US30040W1080,0.0022153177539418673
2023,US30161N1019,0.0020033509517012097
2023,US30212P3038,0.0010146267877109531
2023,US3021301094,2.1533737607279927e-05
2023,US30231G1022,0.006259316937767989
2023,US3024913036,2.699177804408181e-08
2023,US3029411093,0.0015859874655643523
2023,US3030751057,0.0018492550449486225
2023,US3119001044,0.0009666071103457147
2023,US3137451015,2.1801221420213683e-05
2023,US31428X1063,1.391049820329262e-06
2023,US3156161024,0.0004922735236012348
2023,US31620M1062,0.0018851866398696235
2023,US3167731005,5.125377914704902e-06
2023,US3205171057,0.00035872586733371034
2023,US3377381088,0.00011976840266539554
2023,US3379321074,0.0001996058776987664
2023,US3434121022,0.00020863509185917878
2023,US3448491049,0.003498567538066508
2023,US3453708600,0.00012186817929241327
2023,US3546131018,0.0003891963983350007
2023,US3614481030,0.0002788760257798168
2023,US3635761097,0.004938271242496268
2023,US3695501086,0.004188168069229784
2023,US3703341046,0.00018418668964276073
2023,US37045V1008,0.00025119380086748846
2023,US3719011096,0.0008037937918488186
2023,US3724601055,4.3518111318585344e-05
2023,US37247D1063,0.0032153209000644833
2023,US3755581036,6.458079311348238e-05
2023,US37940X1028,0.00028356661455245126
2023,US37959E1029,0.00012657664554958128
2023,US38141G1040,0.0003526560032281986
2023,US3841091040,0.004908380767259209
2023,US3848021040,9.769643809905465e-05
2023,US40434L1052,3.942243375239772e-06
2023,US4062161017,0.00011213317716116525
2023,US4103451021,0.00020355827452290796
2023,US4128221086,9.534208070197684e-05
2023,US4158641070,5.721549541672382e-05
2023,US4165151048,0.00013845904272437965
2023,US4180561072,0.0024280838985830254
2023,US42250P1030,0.002194640394086953
2023,US42330P1075,8.31819118389807e-05
2023,US4278661081,0.0002801452688486765
2023,US42809H1077,0.0008390566260700433
2023,US4364401012,5.329886683322964e-05
2023,US4370761029,0.004395444834995361
2023,US4385161066,0.0025513281955489926
2023,US44107P1049,0.0013634097321977637
2023,US4435106079,0.0001421506329286032
2023,US4448591028,1.9506430503447614e-05
2023,US4456581077,0.002024100321106693
2023,US4461501045,1.3315855516514189e-05
2023,US4470111075,0.0008582348059112113
2023,US45167R1041,4.5681066706143313e-05
2023,US45168D1046,4.600954293245512e-05
2023,US4523081093,0.00035675424955300487
2023,US4523271090,0.0002328366422577686
2023,US4581401001,0.0058022706844389985
2023,US45866F1049,0.0014927154548959232
2023,US4592001014,0.0004327282041222551
2023,US4595061015,0.0011393054308040187
2023,US4601461035,1.572569753755973e-07
2023,US4606901001,0.0011768224520007184
2023,US4612021034,0.00868671972115894
2023,US46120E6023,0.0009623132848362536
2023,US46284V1017,0.000198996827265464
2023,US4657411066,0.0006643348381395187
2023,US46625H1005,0.015319034122402412
2023,US4781601046,0.011910730305557626
2023,US48020Q1076,4.5363243188773446e-05
2023,US48203R1041,0.003943342012682026
2023,US4824801009,0.004738234473999888
2023,US4878361082,0.0008212792843788871
2023,US4891701009,0.0016058299383166995
2023,US4932671088,3.56541099599876e-05
2023,US4943681035,0.004832372496346752
2023,US49446R1095,0.0024406422443715896
2023,US4972661064,8.973565451286258e-05
2023,US5002551043,0.0009517760519763118
2023,US5010441013,0.0014797323506714696
2023,US5018892084,0.004536247750985323
2023,US5150981018,0.00027405364716863705
2023,US5178341070,0.001473186189654901
2023,US5184391044,4.5823756775811e-06
2023,US5218652049,1.745496100312293e-05
2023,US5246601075,0.00010641446496458647
2023,US5260571048,2.7856537332318216e-05
2023,US5324571083,0.015061257878984192
2023,US5339001068,0.0012724442551453321
2023,US5341871094,0.002409345287841891
2023,US5370081045,0.0002116348871000066
2023,US5398301094,6.338031369506135e-05
2023,US5486611073,0.004498299070752459
2023,US5502411037,0.0028256048250667833
2023,US55261F1049,0.0008676812566437821
2023,US5529531015,0.00014573111179197449
2023,US5543821012,0.00034166743358389007
2023,US5544891048,0.00022846164997914172
2023,US55616P1049,1.6818513904496103e-05
2023,US56418H1005,0.001415706551008159
2023,US5658491064,0.0007301244801482066
2023,US5717481023,0.0003947307070824021
2023,US5719032022,0.0007585424661903839
2023,US5738741041,0.0017719324884556931
2023,US5745991068,0.0009906839320565363
2023,US57636Q1040,0.020834777941591845
2023,US57667L1070,0.0002884035877172837
2023,US5797802064,0.0031010998910984927
2023,US5801351017,0.008700173373405
2023,US58933Y1055,0.0027270896237946976
2023,US59156R1086,1.3557259559474597e-05
2023,US5926881054,0.0016785035165425965
2023,US5949181045,0.06496369177111207
2023,US5950171042,3.7104912982509115e-05
2023,US5951121038,6.221660724085698e-05
2023,US60871R2094,0.0003427455837605688
2023,US6092071058,0.007999968506180627
2023,US61174X1090,0.002796201348105013
2023,US6153691059,0.003908857497219353
2023,US6174464486,0.001962383970833891
2023,US61945C1036,3.8018586362690806e-06
2023,US6200763075,2.606368899790472e-06
2023,US62886E1082,6.695393952536467e-05
2023,US62955J1034,0.0008305826032976528
2023,US6311031081,2.6484779193788006e-05
2023,US6512291062,0.00016808183606801126
2023,US6516391066,0.0010346058701707092
2023,US65249B1098,0.0006495054092837203
2023,US65339F1012,0.0017624290279750763
2023,US6541061031,0.00770860025076918
2023,US65473P1057,9.87787904444094e-06
2023,US6556641008,5.4688448109001764e-05
2023,US6558441084,0.0003683895401896116
2023,US6658591044,0.0019119498288616818
2023,US6668071029,0.003989236236539198
2023,US6687711084,0.0005864087895721653
2023,US6703461052,0.0017744447338649658
2023,US67066G1040,0.028250038793519006
2023,US6708371033,2.015549254596992e-05
2023,US67103H1077,0.00014550567721427523
2023,US6745991058,0.005720748124050403
2023,US6752321025,0.0001625266233018579
2023,US6780261052,0.0010385612817090672
2023,US6819191064,0.0008704253842319589
2023,US6821891057,0.0009176028067224939
2023,US6826801036,0.0002156208675365059
2023,US68389X1054,0.008016906985425966
2023,US6866881021,0.000657747017712172
2023,US6882392011,0.001120789016481413
2023,US69331C1080,1.790740440287861e-05
2023,US6934751057,0.0014705318446677155
2023,US6935061076,0.0008747134536645161
2023,US6937181088,0.003042440665111345
2023,US6951561090,0.0008028822560796192
2023,US7010941042,0.00010728949434544543
2023,US7043261079,0.0004163132829578942
2023,US7134481081,0.0061451296131429444
2023,US7170811035,0.005264652121198258
2023,US7237871071,0.0020603522445934355
2023,US7310681025,0.0011365310289378054
2023,US74144T1088,1.4593018809298961e-05
2023,US74251V1026,0.0009008463231080558
2023,US7427181091,0.012309229349413886
2023,US7433151039,0.012338902361117149
2023,US74340W1036,0.001494635656046031
2023,US7443201022,0.0002509917562585138
2023,US7445731067,0.001990753580321309
2023,US74460D1090,3.0725872431910665e-05
2023,US7458671010,1.6152345447875797e-05
2023,US7475251036,0.005183120687233101
2023,US74762E1029,0.0020761098427586424
2023,US74834L1008,9.467970591973152e-06
2023,US7496851038,0.0009488443039556807
2023,US7509171069,1.0685433267584899e-05
2023,US7512121010,2.730848254543078e-06
2023,US7547301090,0.0034744318021238366
2023,US7588491032,0.001089852243921515
2023,US75886F1075,7.722557505890348e-05
2023,US7591EP1005,0.0002804292830794552
2023,US7593516047,0.0026881086554818197
2023,US7595091023,0.0011784047010547855
2023,US7611521078,0.0045463555787621365
2023,US7677548726,4.993714692954865e-08
2023,US7703231032,0.00039869449485942785
2023,US7766961061,0.0005962679486304817
2023,US7782961038,0.002228852706703773
2023,US7802871084,1.6683333708084045e-06
2023,US78409V1044,0.0017315432370293208
2023,US78410G1040,0.0010417807264901104
2023,US7841171033,0.0008592401911426692
2023,US78440X8873,3.426713605171555e-05
2023,US78454L1008,8.843931007056739e-05
2023,US79466L3024,0.00854434524180313
2023,US8064071025,0.0037541669273941534
2023,US8085131055,0.016861768808563233
2023,US8168511090,0.0023678484836166837
2023,US8175651046,0.005652951639789364
2023,US8243481061,0.0034117622415529973
2023,US8288061091,0.0003734998876147699
2023,US8326964058,0.0006881742391010607
2023,US8330341012,0.0005474157412908269
2023,US8354951027,2.608747193803972e-05
2023,US84265V1052,0.0007054744398250428
2023,US8447411088,0.00016218063655162548
2023,US8485741099,0.0014839747301177715
2023,US8545021011,0.00019451931562139045
2023,US8552441094,0.005349932334718857
2023,US8574771031,0.0006779252133721389
2023,US8581191009,0.0003668995478960723
2023,US8589121081,0.000770038767024135
2023,US8636671013,0.005365642229390633
2023,US8676524064,0.0007867735114757597
2023,US8716071076,8.681006274323574e-05
2023,US87161C5013,0.0003309721336407282
2023,US8725401090,0.0018159743315721648
2023,US8760301072,1.930321399810016e-05
2023,US87612E1064,8.564451923988294e-05
2023,US8794338298,0.00026962501948235915
2023,US8825081040,0.004769411944809539
2023,US88337F1057,0.00022315698615385504
2023,US8835561023,0.008867094957179968
2023,US88579Y1010,3.375030159348326e-05
2023,US88642R1095,5.514034214686611e-06
2023,US8910921084,0.0002229955743303938
2023,US89417E1091,0.004160262024202649
2023,US8965221091,0.004085323393193233
2023,US89832Q1094,6.58600327289857e-05
2023,US9026531049,1.1510052942852025e-05
2023,US9026811052,2.9020132121261424e-05
2023,US9029733048,0.0009088531327031199
2023,US9078181081,3.153222479494095e-05
2023,US9113121068,0.006597226663334639
2023,US9113631090,0.00014141784648004997
2023,US91324P1021,0.015663830120384817
2023,US91529Y1064,6.090903472513958e-05
2023,US91913Y1001,0.0008875600986535281
2023,US92276F1003,0.0008994390015135828
2023,US92343V1044,0.0037082196578077102
2023,US92532F1003,0.0023588784284402113
2023,US92556V1061,9.106740696111897e-05
2023,US9282981086,0.0008837237593241764
2023,US9290421091,0.0011691955012399279
2023,US9297401088,0.0008776193828289257
2023,US9311421039,0.01620873002832235
2023,US9344231041,0.005395358273414994
2023,US94106L1098,0.01122219483044842
2023,US9497461015,0.00407472544951875
2023,US95040Q1040,9.282850200005468e-05
2023,US95058W1009,0.00018970930472161137
2023,US95082P1057,6.146787358689159e-06
2023,US9604131022,8.720751485109907e-07
2023,US9621661043,0.0007586937205850219
2023,US9633201069,0.0005389473960163542
2023,US9694571004,1.3928202801938057e-06
2023,US9699041011,0.00512217848384913
2023,US9831341071,1.2682698809876293e-05
2023,US98421M1062,0.00862784125915
2023,US9884981013,6.142056041021e-05
2023,US9892071054,0.0016815071595324643
2023,US98956P1021,0.0004977088533312661
2023,US9897011071,1.2425440940059958e-05
2024,AN8068571086,0.00015196028380025264
2024,CA00208D4084,0.0005658185925533423
2024,CA0084741085,2.4178371230538102e-05
2024,CA00900Q1037,0.0027270949558862337
2024,CA01626P1484,0.0011216797296460526
2024,CA05534B7604,0.00028817146505985455
2024,CA0636711016,0.0010982751074848488
2024,CA0641491075,0.0019116594186519423
2024,CA0977518616,0.00012760387348242816
2024,CA1247651088,5.8698738778140476e-05
2024,CA12532H1047,0.0006419217641963855
2024,CA13321L1085,0.0034126511778097873
2024,CA1360691010,2.327391957619506e-05
2024,CA1363751027,0.0007865143378616306
2024,CA13646K1084,0.0017449666670664335
2024,CA1366812024,1.4354748884825975e-06
2024,CA1367178326,5.879202465195311e-05
2024,CA2849025093,0.00035744494773798683
2024,CA2918434077,7.339243214124284e-05
2024,CA29250N1050,0.00021673708731626663
2024,CA3180714048,7.73475807308401e-05
2024,CA3359341052,6.061220988365344e-05
2024,CA3495531079,4.184462415775712e-05
2024,CA3518581051,0.017320032003755502
2024,CA3759161035,5.7606607515815605e-05
2024,CA39138C1068,2.5792016380208638e-05
2024,CA4495861060,0.0011386833919552204
2024,CA45823T1066,0.0019127206818342277
2024,CA4969024047,1.9742306323935183e-05
2024,CA5394811015,0.0002028425384699458
2024,CA5592224011,1.103642566636076e-05
2024,CA56501R1064,0.001777645805048125
2024,CA59151K1084,3.3886343075584544e-06
2024,CA59162N1096,0.00016521176738428867
2024,CA6744822033,1.809168532410417e-05
2024,CA6837151068,2.9280029962425063e-07
2024,CA74022D4075,1.19292633437947e-06
2024,CA7669101031,0.0026347713039490935
2024,CA7751092007,6.234323473698587e-05
2024,CA7800871021,0.0011809870652882235
2024,CA85472N1096,0.00015036035450620365
2024,CA8667961053,1.3714369577792626e-05
2024,CA8787422044,0.0021599700213510366
2024,CA87971M1032,5.286264207397759e-05
2024,CA8849038085,0.0009769318448992783
2024,CA8911605092,0.00274065161780434
2024,CA9611485090,0.00029529366249149
2024,GB0022569080,0.0010548541780917037
2024,GB00BMXNWH07,0.0005661370472758904
2024,IE00BWT6H894,0.00034329510346415854
2024,LR0008862868,0.00013007764237245035
2024,PA1436583006,3.4344402349605864e-05
2024,US0010551028,0.00011136837079964783
2024,US0010841023,2.8693641726706108e-05
2024,US00130H1059,1.8137458286351742e-06
2024,US0028241000,0.006338406875581917
2024,US0028962076,0.0007418173527584208
2024,US00724F1012,0.02532094255201246
2024,US00737L1035,2.8975464916532897e-05
2024,US00751Y1064,2.105908223765457e-05
2024,US0079031078,0.009503991768284027
2024,US0082521081,0.00023726283104829278
2024,US00846U1016,2.598773856496378e-05
2024,US0091581068,2.0784893231575442e-05
2024,US00971T1016,0.0029512812402483646
2024,US0152711091,0.0010338595773968483
2024,US01741R1023,1.9684793539452237e-05
2024,US0185811082,0.00022401630297120504
2024,US0200021014,2.333073960288977e-05
2024,US02079K3059,0.022516136007222746
2024,US02209S1033,0.0021078191910889523
2024,US0231351067,0.03291451101024193
2024,US0255371017,3.3763776617114854e-06
2024,US02553E1064,0.00010874231853250251
2024,US0258161092,0.002979484336119454
2024,US0268747849,0.0017429014972081978
2024,US03027X1000,0.001954176863983064
2024,US03073E1055,0.0017336215050242321
2024,US03076C1062,0.0005624845985564157
2024,US0311001004,0.00035549486184092397
2024,US0311621009,0.007726961402445906
2024,US0326541051,4.936835112733795e-06
2024,US0367521038,0.000345904095521678
2024,US03743Q1085,1.781627783649353e-05
2024,US0375981091,0.0005168008045737084
2024,US0378331005,0.06803792350130598
2024,US0383361039,2.8037132913060033e-06
2024,US0394831020,0.000137314662360745
2024,US0427351004,0.0007304914356160502
2024,US0454871056,8.091672042206507e-07
2024,US0527691069,0.002517466514174873
2024,US0530151036,1.3099429167632512e-05
2024,US0533321024,0.004730379049320917
2024,US0534841012,0.0004818184060104032
2024,US0536111091,0.0005346379280612297
2024,US0537741052,0.00033854573812435097
2024,US0538071038,0.00016468623697004573
2024,US0565251081,2.0552115339427653e-07
2024,US0605051046,0.009707544190957106
2024,US0640581007,0.00039057198729483143
2024,US0708301041,0.00126769708130696
2024,US0718131099,3.824750750383288e-05
2024,US0844231029,1.9459086405242804e-07
2024,US0846701086,0.006356277284573443
2024,US0865161014,2.6673130363354684e-05
2024,US0893021032,5.390838221355718e-06
2024,US09061G1013,0.00017478580709864793
2024,US09062X1037,0.0017472146534093977
2024,US09073M1045,8.855889367085771e-05
2024,US0936711052,0.004290132066703544
2024,US0970231058,0.0011356733883803054
2024,US09857L1089,0.006883781171524601
2024,US0997241064,4.09257361527674e-06
2024,US1011211018,0.0006753750699533918
2024,US1011371077,0.0034514515221586725
2024,US1033041013,4.2440840736765315e-05
2024,US1053682035,0.00021372592669559367
2024,US1096411004,2.0441743052703568e-05
2024,US1096961040,0.0001271871522207371
2024,US1101221083,0.006019694906568723
2024,US1124631045,7.260418353128889e-05
2024,US1156372096,0.0037660986658730883
2024,US12504L1098,0.0013320778316825146
2024,US1252691001,1.3914203318220087e-06
2024,US12541W2098,0.0009811338712329533
2024,US1255231003,0.00016041535281941893
2024,US12572Q1058,0.0005250103438939985
2024,US1258961002,3.733684195900296e-07
2024,US1264081035,0.0014938836992866799
2024,US12653C1080,0.001720524294859962
2024,US1266501006,0.0014539849658653757
2024,US1270971039,0.001326890453156624
2024,US1273871087,0.00437241088073704
2024,US1307881029,0.0015925799236627637
2024,US1344291091,5.939639787458934e-07
2024,US14149Y1082,0.0012534935953789892
2024,US1431301027,2.040120857369384e-05
2024,US1491231015,0.0019147790260394114
2024,US1508701034,0.00026960740832257627
2024,US15189T1079,0.0032264047569814853
2024,US1651677353,0.006925682503770532
2024,US1667641005,0.0030776614957408123
2024,US1713401024,0.00038807658336092066
2024,US1717793095,0.000409513015792988
2024,US17275R1023,0.0037283401715737727
2024,US1729081059,2.292500449716938e-06
2024,US1729674242,0.006963757673913908
2024,US1858991011,1.1058738328177627e-07
2024,US1890541097,2.354219437413705e-05
2024,US1912161007,0.007462894818246028
2024,US1924461023,0.0003385601832562269
2024,US1941621039,0.004287988235446179
2024,US20030N1019,0.0004446698944990166
2024,US2003401070,7.814658558807676e-06
2024,US2017231034,0.0005995926968123871
2024,US2058871029,0.005843624852750863
2024,US20825C1045,0.0028028249812253603
2024,US2091151041,0.0026413352846031157
2024,US21036P1084,0.005323782227152233
2024,US2172041061,0.0004788125672058834
2024,US21871N1019,0.00040046444709994285
2024,US2193501051,3.579331790532313e-05
2024,US22160K1051,0.006627360823168173
2024,US22822V1017,0.00353231871352328
2024,US2283681060,0.00019353247889561273
2024,US2310211063,0.0012679603989777849
2024,US23331A1097,0.0005807072634119613
2024,US2333311072,1.300259722610418e-06
2024,US23355L1061,0.0002573947252583298
2024,US2358511028,3.518798593954927e-06
2024,US2371941053,0.0007925057294980729
2024,US23918K1088,0.001624301191797635
2024,US2441991054,0.00010722318427634429
2024,US24906P1093,0.00048770537728412637
2024,US25179M1036,0.002741323121351133
2024,US2546871060,0.0025937292232798073
2024,US25525P1075,0.000248310174709413
2024,US2567461080,0.0012323767998788915
2024,US25746U1097,6.962706652855194e-05
2024,US2576511099,0.0003687557944790776
2024,US25960P1093,0.001692192781764152
2024,US2600031080,0.0011717025991241237
2024,US26441C2044,2.5757069145075282e-06
2024,US26614N1028,0.002304966535728656
2024,US26875P1012,0.0006626617441746906
2024,US26884L1098,0.0013222657787608971
2024,US2774321002,1.3634957161800382e-07
2024,US2774614067,3.7718638334352435e-06
2024,US2786421030,4.9282637904149845e-05
2024,US2788651006,5.4514870279424006e-05
2024,US2810201077,9.094396271511446e-05
2024,US2855121099,0.002348925679769884
2024,US2910111044,0.0010681416307040835
2024,US29272W1099,3.3802563287821985e-05
2024,US2944291051,0.0007100326603554398
2024,US29476L1070,0.003406599720591988
2024,US29670G1022,0.00011970638697019589
2024,US2971781057,1.2470578247893954e-05
2024,US30040W1080,0.0009822901212016215
2024,US30161N1019,2.293634079119713e-06
2024,US30212P3038,0.000820293301131231
2024,US3021301094,8.478723399506585e-05
2024,US30231G1022,0.00447707134905029
2024,US3024913036,3.9143181121930884e-05
2024,US3029411093,0.004904272173619683
2024,US3030751057,0.006011140463668437
2024,US3137451015,1.2929589466426738e-05
2024,US31428X1063,8.777886940191128e-07
2024,US31620M1062,0.0013032728583455403
2024,US3167731005,6.489304084510486e-05
2024,US3205171057,1.484470168000997e-05
2024,US3377381088,0.0001715294673705139
2024,US3379321074,7.1497128122351726e-06
2024,US3434121022,0.0016471167947061935
2024,US34354P1057,0.00021656267702068336
2024,US3448491049,0.002169451798510127
2024,US3453708600,5.897444589921578e-06
2024,US3546131018,0.0007148946084491972
2024,US35671D8570,1.566468939261421e-05
2024,US35909D1090,0.0002538599275043452
2024,US3614481030,4.493256161461627e-07
2024,US3635761097,0.00686036632243013
2024,US3647601083,0.00025843047395228007
2024,US3695501086,0.0068236613915293
2024,US3703341046,0.001930388019939429
2024,US3719011096,0.0001279287969863672
2024,US37247D1063,0.00012718335799106123
2024,US3755581036,0.00024936147280051865
2024,US37940X1028,0.0008030394836335105
2024,US37959E1029,0.0007499877256783755
2024,US38141G1040,0.00022751476885269888
2024,US3841091040,0.004147787003046712
2024,US3976241071,0.0006506420908795899
2024,US40434L1052,0.002179879416162013
2024,US4062161017,0.000391227563825172
2024,US4103451021,6.577144686435546e-05
2024,US4158641070,3.6534493550460686e-05
2024,US4165151048,0.0004510131232824639
2024,US4180561072,0.003891649512933525
2024,US42250P1030,0.0013939684511679866
2024,US42330P1075,0.0001318223253932286
2024,US4278661081,0.002828256490196309
2024,US42809H1077,0.0009527286597413277
2024,US4364401012,1.5458717803664825e-05
2024,US4370761029,0.002191231089092197
2024,US4385161066,0.00033796198717960706
2024,US44107P1049,0.00010432039145654534
2024,US4435106079,0.0014221617962855843
2024,US4448591028,0.00015203237092509486
2024,US4456581077,0.0033320976207855913
2024,US4470111075,0.0012904200127810872
2024,US4523081093,0.0003268871554968172
2024,US4581401001,0.0017712291150452548
2024,US45866F1049,0.0005406277974199367
2024,US4592001014,2.7711771132604707e-05
2024,US4595061015,0.0002391434614289691
2024,US4601461035,0.00016369799933997536
2024,US4606901001,5.726629461187665e-06
2024,US4612021034,0.003925050233187074
2024,US46120E6023,0.006056371905820416
2024,US46284V1017,1.703148633721993e-05
2024,US4657411066,0.0014300801160772288
2024,US46625H1005,0.0075655549255599554
2024,US4663131039,0.0011805358379915684
2024,US46982L1089,8.03662929820182e-07
2024,US4781601046,0.006911031019978302
2024,US48020Q1076,0.0002863782298022928
2024,US48203R1041,0.0021648861653503367
2024,US48242W1062,4.010508296185512e-06
2024,US4824801009,0.004543456413936792
2024,US48666K1097,0.00016453416086681895
2024,US4878361082,0.0004362992679296622
2024,US4891701009,1.1933038667493287e-05
2024,US4932671088,5.4899336838095035e-06
2024,US4943681035,0.005630050413200462
2024,US49446R1095,0.0055751820561326035
2024,US49456B1017,1.083476673179727e-05
2024,US4972661064,3.056947452452695e-06
2024,US5002551043,0.0007345236067807484
2024,US5010441013,0.0003037629768940635
2024,US5018892084,0.0027543416794597506
2024,US5150981018,4.922997506992958e-06
2024,US5178341070,0.0017064377487443299
2024,US5246601075,1.719628436959724e-05
2024,US5260571048,0.0012647829569516892
2024,US5261071071,5.702484051273516e-05
2024,US5324571083,0.01584499047426523
2024,US5339001068,0.0003288411386955336
2024,US5341871094,0.0004892003631656596
2024,US5398301094,0.000131981589518247
2024,US5486611073,0.002566633728273548
2024,US5502411037,0.0012599939723358482
2024,US55261F1049,0.000892985406292278
2024,US5529531015,0.0007926100467645911
2024,US5544891048,6.471434507393007e-05
2024,US5635714059,0.00011974271119028173
2024,US56418H1005,1.5313918156106917e-05
2024,US5719032022,3.768308439767351e-05
2024,US5732841060,0.0009411749718264147
2024,US5738741041,0.0005187014627744255
2024,US5745991068,2.1697786574043743e-06
2024,US57636Q1040,0.011803267855471386
2024,US57667L1070,3.852761691890312e-05
2024,US5770811025,5.470375242498613e-05
2024,US5797802064,0.000357461862551673
2024,US5801351017,0.012162246475413847
2024,US58155Q1031,0.00022029696767087486
2024,US58933Y1055,0.007914203291648162
2024,US59156R1086,1.3634793197977007e-06
2024,US5926881054,0.005985337459252555
2024,US5949181045,0.08429765199545501
2024,US5950171042,0.00015579839921543164
2024,US5951121038,0.0002095830012301763
2024,US6005441000,0.00014235624942565917
2024,US60871R2094,0.00031741607475712914
2024,US6092071058,0.009575760349309629
2024,US61174X1090,0.00022387592944357788
2024,US6153691059,0.0009434726246315719
2024,US6174464486,0.0019095740566750711
2024,US61945C1036,7.241372279660736e-06
2024,US6200763075,1.5654087761963933e-07
2024,US6267171022,0.00027988307418488895
2024,US62886E1082,0.00030135378315290003
2024,US62955J1034,6.099814861125768e-06
2024,US6361801011,2.3560982380373383e-05
2024,US64110D1046,0.003285616115141261
2024,US6501111073,0.0016618421775138254
2024,US6516391066,3.4469884065664755e-05
2024,US65249B1098,0.00011277083048192952
2024,US65339F1012,4.564318050824768e-06
2024,US6541061031,0.0010442867560706067
2024,US65473P1057,1.2436021809500033e-05
2024,US6556641008,6.546957562428986e-05
2024,US6558441084,0.0026058974436835585
2024,US6658591044,0.0010042798651643684
2024,US6668071029,0.007064038575329828
2024,US67066G1040,0.05233400064884619
2024,US6708371033,1.0460613159269951e-05
2024,US67098H1041,0.00010517540655918876
2024,US67103H1077,0.005418918565442086
2024,US6745991058,0.0021081315662453345
2024,US6752321025,0.0007252608405172861
2024,US6780261052,2.3312721032931423e-05
2024,US6819191064,5.875214340687985e-07
2024,US6821891057,0.001365323318098654
2024,US6826801036,0.0006924471247615066
2024,US68389X1054,0.004309662201149251
2024,US6866881021,0.0019744363286606
2024,US6882392011,0.0004916893000037979
2024,US69331C1080,1.456819417049693e-06
2024,US6934751057,0.004584430200529597
2024,US6935061076,0.00021235872391823604
2024,US69351T1060,1.7627419645443405e-06
2024,US6936561009,1.4584928339744903e-06
2024,US6937181088,0.0032135390753387796
2024,US6951561090,0.0013215471853238524
2024,US7043261079,0.0009168705401752816
2024,US7134481081,0.004079563451280685
2024,US7140461093,8.504045289461436e-06
2024,US7170811035,1.724898794582672e-07
2024,US7244791007,0.0003502103535427335
2024,US7310681025,3.46267090299521e-05
2024,US7392761034,0.00037848440147163106
2024,US74144T1088,1.7701711012853654e-05
2024,US7427181091,0.007739057516682863
2024,US7433151039,0.005982197234714542
2024,US74340W1036,0.0015570182134425903
2024,US7443201022,4.146798594522166e-07
2024,US7445731067,0.003250076198012089
2024,US74460D1090,0.0014680792173571845
2024,US7458671010,0.0003321048231910342
2024,US7475251036,0.0062941728723762
2024,US74762E1029,2.3706346549621126e-05
2024,US74834L1008,4.029983164600266e-05
2024,US7496851038,0.0020199478424351627
2024,US7512121010,4.8293458335167135e-05
2024,US7547301090,0.00011958909873599332
2024,US75513E1010,9.96785221691716e-06
2024,US7588491032,0.0022476582849430406
2024,US75886F1075,0.00036962587746309535
2024,US7591EP1005,1.9032354286452084e-05
2024,US7593516047,0.0036863597994362756
2024,US7595091023,0.0010859555438685867
2024,US7607591002,0.002835481745980675
2024,US7611521078,0.0010011921243546983
2024,US7703231032,0.0009749773161782399
2024,US7739031091,8.348953718004162e-05
2024,US7766961061,9.638075728974081e-05
2024,US7782961038,0.0007704862347802844
2024,US7802871084,0.00010062445713667631
2024,US7835491082,4.013786904391495e-06
2024,US78409V1044,2.7536568176050644e-05
2024,US78410G1040,0.00043210172536357547
2024,US7841171033,0.00035985473235743706
2024,US78440X8873,2.018580510222467e-05
2024,US78442P1066,7.67418036790031e-05
2024,US78454L1008,3.0393574359296687e-05
2024,US78473E1038,0.0003149733991515657
2024,US79466L3024,0.013690518362316991
2024,US8085131055,0.014830392298121171
2024,US81211K1007,1.609587191038156e-06
2024,US8168511090,0.002887397133960263
2024,US8175651046,0.002832001328387314
2024,US8243481061,0.002937573706072571
2024,US8288061091,0.0009552538070902909
2024,US8326964058,0.0007894102146701461
2024,US8330341012,0.000296517057655642
2024,US8425871071,5.66462863414372e-06
2024,US84265V1052,0.0006614788713958835
2024,US8447411088,0.0009462707336773
2024,US8485741099,0.004793933183074044
2024,US8545021011,2.2213122995319135e-06
2024,US8552441094,0.0018003160783561162
2024,US8574771031,0.0025326617802311517
2024,US8636671013,0.009027678358264487
2024,US8716071076,0.0008002676400670798
2024,US87161C5013,8.81611496190017e-06
2024,US8718291078,1.786395874211157e-05
2024,US8725401090,3.6942516058562094e-05
2024,US8760301072,0.00041495985822689673
2024,US8793691069,9.438259613978181e-07
2024,US8794338298,1.785268654090149e-05
2024,US8807701029,0.001986441698800351
2024,US8825081040,0.0013248421057032943
2024,US8832031012,1.7243281649913975e-08
2024,US88337F1057,0.0010213358020440962
2024,US8835561023,0.00924749935939593
2024,US8851601018,1.964221030363455e-05
2024,US88579Y1010,5.6449018440898474e-05
2024,US88642R1095,0.0010345950881747391
2024,US8873891043,6.280127010977477e-09
2024,US8910921084,0.0005769496372784119
2024,US89417E1091,0.0003104241758135084
2024,US8962391004,0.002132989094742913
2024,US8965221091,0.00654716327976306
2024,US89832Q1094,1.0557442990566044e-05
2024,US9026531049,7.912512395390059e-06
2024,US9029733048,0.00034209018069307045
2024,US9111631035,4.4845248632159635e-05
2024,US9113121068,2.9752182743551854e-06
2024,US9113631090,0.00046114059395600164
2024,US91324P1021,0.008126901537536868
2024,US91529Y1064,3.0349744135631485e-05
2024,US91913Y1001,6.6369155610130875e-06
2024,US92276F1003,0.0001881007668522498
2024,US92343V1044,0.001798614794715202
2024,US92532F1003,0.0060136811541455885
2024,US92556V1061,0.0041184878505495254
2024,US9282981086,7.106628221944993e-06
2024,US9290421091,0.00014239666203260957
2024,US9291601097,0.0008883082025033487
2024,US92922P1066,2.3310521572658506e-06
2024,US9311421039,0.018481215581296794
2024,US9344231041,0.005372562936936086
2024,US94106L1098,0.006500790581398308
2024,US9497461015,0.002945911913286638
2024,US95040Q1040,0.00039532697573030606
2024,US95058W1009,0.0014962869440297121
2024,US9581021055,0.000503287077704902
2024,US9604131022,3.602581067960604e-06
2024,US9621661043,0.0012533534904481532
2024,US9633201069,4.619157714474025e-05
2024,US9694571004,0.0014072261065765101
2024,US9699041011,0.005318456601317085
2024,US9831341071,1.9867138122840657e-06
2024,US98421M1062,0.004761486880275987
2024,US9884981013,0.0003348027852997039
2024,US9892071054,0.0044764098486098905
2024,US98956P1021,0.0014742300638191546
2024,US9897011071,2.582426372126645e-06
